sample_id;H2;Acetate;Propionate;Butyrate;Valerate;Caproate
sample1;23.1123;7.058;289;968;302;743
sample2;24.43464;30.751;1.582;28.428;145;58
sample3;55.11985;22.77;1.905;30.019;221;55
sample4;34.2802;27.454;5.632;39.397;477;0.27
sample5;16.93745;53.621;12.981;51.549;816;22
sample6;40.73515;49.393;12.032;46.06;789;12