readID	seqID	taxID	score	2ndBestScore	hitLength	queryLength	numMatches
fungi|Candida_fumigatus|read_44719	unclassified	0	0	0	0	5526	1
DRR454434.1509	NC_054852.1	1069201	7118	169	272	1000	1
DRR454434.1002	NC_054852.1	1069201	7878	64	226	1000	1
DRR454434.2929	NC_054852.1	1069201	16163	0	254	1000	1
DRR454434.446	NC_054852.1	1069201	12676	1296	199	1000	1
DRR454434.2766	NC_054852.1	1069201	10658	0	199	1000	1
DRR454434.268	NC_054852.1	1069201	7857	657	189	1000	1
DRR454434.1784	NC_054852.1	1069201	12917	121	177	1000	1
DRR454434.924	NC_054852.1	1069201	16019	0	236	1000	1
DRR454434.4355	NC_054852.1	1069201	10570	64	255	1000	1
DRR454434.3647	NC_054852.1	1069201	20025	0	268	1000	1
DRR454434.2821	NC_054852.1	1069201	5774	484	211	1000	1
DRR454434.1454	NC_054852.1	1069201	16099	0	250	1000	1
DRR454434.1098	NC_054852.1	1069201	21074	0	275	1000	1
DRR454434.1271	NC_054852.1	1069201	10346	64	261	1000	1
DRR454434.762	NC_054852.1	1069201	7816	0	229	1000	1
DRR454434.4288	NC_054852.1	1069201	2651	529	120	1000	1
DRR454434.3041	NC_054852.1	1069201	14240	0	198	1000	1
DRR454434.390	NC_054852.1	1069201	9537	196	219	1000	1
DRR454434.2365	NC_054852.1	1069201	10326	1936	187	1000	1
DRR454434.1812	NC_054852.1	1069201	19354	0	251	1000	1
DRR454434.2575	NC_054852.1	1069201	18122	0	253	1000	1
DRR454434.2661	NC_054852.1	1069201	11217	196	231	1000	1
DRR454434.3590	NC_054852.1	1069201	11123	484	206	1000	1
DRR454434.4152	NC_054852.1	1069201	2612	2025	123	1000	1
DRR454434.4179	NC_054852.1	1069201	14443	0	226	1000	1
DRR454434.1070	NC_054852.1	1069201	6593	0	197	1000	1
DRR454434.2343	NC_054852.1	1069201	20214	0	261	1000	1
DRR454434.1480	NC_054852.1	1069201	20731	0	272	1000	1
DRR454434.3341	NC_054852.1	1069201	3107	400	219	1000	1
DRR454434.3745	NC_054852.1	1069201	13026	1600	236	1000	1
DRR454434.2467	NC_054852.1	1069201	9269	0	190	1000	1
DRR454434.4773	NC_054852.1	1069201	6084	1936	132	1000	1
DRR454434.768	NC_054852.1	1069201	11861	729	161	1000	1
DRR454434.2311	NC_054852.1	1069201	3751	0	204	1000	1
DRR454434.2115	NC_054852.1	1069201	13634	0	188	1000	1
DRR454434.2889	NC_054852.1	1069201	11974	0	223	1000	1
DRR454434.1271	NC_054852.1	1069201	10346	64	261	1000	1
DRR454434.146	NC_054852.1	1069201	7095	324	236	1000	1
DRR454434.3336	NC_054852.1	1069201	7331	441	174	1000	1
DRR454434.2030	NC_054852.1	1069201	9706	121	218	1000	1
DRR454434.3572	NC_054852.1	1069201	7323	784	205	1000	1
DRR454434.4147	NC_054852.1	1069201	3626	1521	121	1000	1
DRR454434.3740	NC_054852.1	1069201	15299	0	224	1000	1
DRR454434.4566	NC_054852.1	1069201	19669	0	227	1000	1
DRR454434.3364	NC_054852.1	1069201	12492	0	219	1000	1
DRR454434.3800	NC_054852.1	1069201	9737	0	192	1000	1
DRR454434.220	NC_054852.1	1069201	22406	0	267	1000	1
DRR454434.3582	NC_054852.1	1069201	6066	0	171	1000	1
DRR454434.713	NC_054852.1	1069201	5189	64	239	1000	1
DRR454434.4038	NC_054852.1	1069201	5365	1024	205	1000	1
DRR454434.1323	NC_054852.1	1069201	10000	1936	115	1000	1
DRR454434.2222	NC_054852.1	1069201	6955	121	230	1000	1
DRR454434.604	NC_054852.1	1069201	2706	324	135	1000	1
DRR454434.4894	NC_054852.1	1069201	18753	441	254	1000	1
DRR454434.3197	NC_054852.1	1069201	14603	0	210	1000	1
DRR454434.4262	NC_054852.1	1069201	15365	0	232	1000	1
DRR454434.2009	NC_054852.1	1069201	15659	0	234	1000	1
DRR454434.2143	NC_054852.1	1069201	9330	0	235	1000	1
DRR454434.2299	NC_054852.1	1069201	11249	0	206	1000	1
DRR454434.2981	NC_054852.1	1069201	4507	0	160	1000	1
DRR454434.3771	NC_054852.1	1069201	8946	0	177	1000	1
DRR454434.2236	NC_054852.1	1069201	16144	0	202	1000	1
DRR454434.2061	NC_054852.1	1069201	8730	0	214	1000	1
DRR454434.3912	NC_054852.1	1069201	13939	0	241	1000	1
DRR454434.1336	NC_054852.1	1069201	12783	0	261	1000	1
DRR454434.280	NC_054852.1	1069201	12168	0	186	1000	1
DRR454434.3762	NC_054852.1	1069201	9193	1936	149	1000	1
DRR454434.4485	NC_054852.1	1069201	8386	0	232	1000	1
DRR454434.4631	NC_054852.1	1069201	11847	0	237	1000	1
DRR454434.1181	NC_054852.1	1069201	13082	0	205	1000	1
DRR454434.3567	NC_054852.1	1069201	8043	0	190	1000	1
DRR454434.229	NC_054852.1	1069201	10283	0	247	1000	1
DRR454434.1328	NC_054852.1	1069201	7524	64	202	1000	1
DRR454434.4911	NC_054852.1	1069201	6678	0	200	1000	1
DRR454434.4596	NC_054852.1	1069201	8120	0	189	1000	1
DRR454434.2504	NC_054852.1	1069201	3812	324	139	1000	1
DRR454434.3099	NC_054852.1	1069201	9693	0	196	1000	1
DRR454434.4027	NC_054852.1	1069201	18548	0	216	1000	1
DRR454434.837	NC_054852.1	1069201	18954	0	253	1000	1
DRR454434.1679	NC_054852.1	1069201	6078	0	159	1000	1
DRR454434.2317	NC_054852.1	1069201	6656	1480	231	1000	1
DRR454434.3523	NC_054852.1	1069201	9211	0	182	1000	1
DRR454434.3341	NC_054852.1	1069201	3107	400	219	1000	1
DRR454434.740	NC_054852.1	1069201	11062	81	236	1000	1
DRR454434.224	NC_054852.1	1069201	6240	324	241	1000	1
DRR454434.2022	NC_054852.1	1069201	8042	2025	130	1000	1
DRR454434.707	NC_054852.1	1069201	4894	1936	149	1000	1
DRR454434.4801	NC_054852.1	1069201	2965	0	159	1000	1
DRR454434.3540	NC_054852.1	1069201	11230	0	244	1000	1
DRR454434.4261	NC_054852.1	1069201	7030	1369	173	1000	1
DRR454434.1837	NC_054852.1	1069201	6653	1936	164	1000	1
DRR454434.3372	NC_054852.1	1069201	11028	484	195	1000	1
DRR454434.4032	NC_054852.1	1069201	16442	0	247	1000	1
DRR454434.426	NC_054852.1	1069201	18338	0	220	1000	1
DRR454434.285	NC_054852.1	1069201	12289	729	163	1000	1
DRR454434.2179	NC_054852.1	1069201	15659	0	234	1000	1
DRR454434.3072	NC_054852.1	1069201	6550	144	202	1000	1
DRR454434.4286	NC_054852.1	1069201	16440	0	229	1000	1
DRR454434.749	NC_054852.1	1069201	17012	0	212	1000	1
DRR454434.1970	NC_054852.1	1069201	5237	441	115	1000	1
DRR454434.1518	NC_054852.1	1069201	6025	1024	232	1000	1
DRR454434.321	NC_054852.1	1069201	4500	1681	172	1000	1
DRR454434.2423	NC_054852.1	1069201	19109	64	217	1000	1
DRR454434.4029	NC_054852.1	1069201	13410	0	219	1000	1
DRR454434.760	NC_054852.1	1069201	11894	0	221	1000	1
DRR454434.2373	NC_054852.1	1069201	4921	196	212	1000	1
DRR454434.3260	NC_054852.1	1069201	20288	0	230	1000	1
DRR454434.1612	NC_054852.1	1069201	20194	0	271	1000	1
DRR454434.2990	NC_054852.1	1069201	14954	0	202	1000	1
DRR454434.2846	NC_054852.1	1069201	15306	2025	274	1000	1
DRR454434.1447	NC_054852.1	1069201	8115	0	221	1000	1
DRR454434.2692	NC_054852.1	1069201	10554	0	240	1000	1
DRR454434.3633	NC_054852.1	1069201	12950	0	264	1000	1
DRR454434.3932	NC_054852.1	1069201	7577	0	246	1000	1
DRR454434.3678	NC_054852.1	1069201	2886	1521	125	1000	1
DRR454434.1854	NC_054852.1	1069201	3073	1444	140	1000	1
DRR454434.1448	NC_054852.1	1069201	11981	1521	178	1000	1
DRR454434.286	NC_054852.1	1069201	4000	64	226	1000	1
DRR454434.4237	NC_054852.1	1069201	9981	0	204	1000	1
DRR454434.391	NC_054852.1	1069201	16474	0	241	1000	1
DRR454434.4592	NC_054852.1	1069201	12018	0	250	1000	1
DRR454434.4153	NC_054852.1	1069201	8705	169	164	1000	1
DRR454434.1741	NC_054852.1	1069201	12806	0	223	1000	1
DRR454434.727	NC_054852.1	1069201	8082	0	197	1000	1
DRR454434.48	NC_054852.1	1069201	12465	0	212	1000	1
DRR454434.3122	NC_054852.1	1069201	19478	0	251	1000	1
DRR454434.522	NC_054852.1	1069201	13954	1936	172	1000	1
DRR454434.1181	NC_054852.1	1069201	13082	0	205	1000	1
DRR454434.4100	NC_054852.1	1069201	8949	729	233	1000	1
DRR454434.2415	NC_054852.1	1069201	13595	0	255	1000	1
DRR454434.3998	NC_054852.1	1069201	15697	289	238	1000	1
DRR454434.4687	NC_054852.1	1069201	3761	1936	136	1000	1
DRR454434.4979	NC_054852.1	1069201	2931	729	155	1000	1
DRR454434.4409	NC_054852.1	1069201	6339	529	197	1000	1
DRR454434.2134	NC_054852.1	1069201	4001	0	154	1000	1
DRR454434.184	NC_054852.1	1069201	5829	0	197	1000	1
DRR454434.4562	NC_054852.1	1069201	12242	225	208	1000	1
DRR454434.4971	NC_054852.1	1069201	10045	296	166	1000	1
DRR454434.1749	NC_054852.1	1069201	5121	676	197	1000	1
DRR454434.1387	NC_054852.1	1069201	8121	269	187	1000	1
DRR454434.3729	NC_054852.1	1069201	15894	225	237	1000	1
DRR454434.2914	NC_054852.1	1069201	11881	0	124	1000	1
DRR454434.1725	NC_054852.1	1069201	17045	225	234	1000	1
DRR454434.233	NC_054852.1	1069201	13297	0	230	1000	1
DRR454434.2144	NC_054852.1	1069201	11804	0	246	1000	1
DRR454434.2184	NC_054852.1	1069201	5427	1936	162	1000	1
DRR454434.1573	NC_054852.1	1069201	1810	961	132	1000	1
DRR454434.2610	NC_054852.1	1069201	10686	256	232	1000	1
DRR454434.1329	NC_054852.1	1069201	12563	0	241	1000	1
DRR454434.3985	NC_054852.1	1069201	7118	1521	207	1000	1
DRR454434.4546	NC_054852.1	1069201	14125	1764	175	1000	1
DRR454434.1035	NC_054852.1	1069201	7659	441	186	1000	1
DRR454434.2039	NC_054852.1	1069201	16850	0	231	1000	1
DRR454434.1017	NC_054852.1	1069201	7614	841	177	1000	1
DRR454434.1007	NC_054852.1	1069201	6603	0	176	1000	1
DRR454434.2479	NC_054852.1	1069201	17511	0	271	1000	1
DRR454434.3290	NC_054852.1	1069201	16550	256	278	1000	1
DRR454434.907	NC_054852.1	1069201	8362	1600	167	1000	1
DRR454434.3672	NC_054852.1	1069201	4571	1936	150	1000	1
DRR454434.4014	NC_054852.1	1069201	18715	0	248	1000	1
DRR454434.1344	NC_054852.1	1069201	6485	100	168	1000	1
DRR454434.4822	NC_054852.1	1069201	16770	0	253	1000	1
DRR454434.913	NC_054852.1	1069201	18421	1444	275	1000	1
DRR454434.349	NC_054852.1	1069201	9384	0	224	1000	1
DRR454434.4990	NC_054852.1	1069201	14366	1444	252	1000	1
DRR454434.592	NC_054852.1	1069201	11444	0	219	1000	1
DRR454434.656	NC_054852.1	1069201	4598	729	209	1000	1
DRR454434.3566	NC_054852.1	1069201	17293	0	215	1000	1
DRR454434.2989	NC_054852.1	1069201	8530	0	158	1000	1
DRR454434.4003	NC_054852.1	1069201	8441	0	186	1000	1
DRR454434.1515	NC_054852.1	1069201	6785	2304	174	1000	1
DRR454434.1955	NC_054852.1	1069201	18705	0	258	1000	1
DRR454434.485	NC_054852.1	1069201	8787	81	200	1000	1
DRR454434.3101	NC_054852.1	1069201	8762	1089	175	1000	1
DRR454434.1623	NC_054852.1	1069201	4178	1369	120	1000	1
DRR454434.3878	NC_054852.1	1069201	3006	0	133	1000	1
DRR454434.1047	NC_054852.1	1069201	17819	0	258	1000	1
DRR454434.3730	NC_054852.1	1069201	11866	0	209	1000	1
DRR454434.4752	NC_054852.1	1069201	11554	0	252	1000	1
DRR454434.4751	NC_054852.1	1069201	16709	576	234	1000	1
DRR454434.3704	NC_054852.1	1069201	8219	0	166	1000	1
DRR454434.4052	NC_054852.1	1069201	6579	0	209	1000	1
DRR454434.4988	NC_054852.1	1069201	4119	400	202	1000	1
DRR454434.3131	NC_054852.1	1069201	13598	0	219	1000	1
DRR454434.4513	NC_054852.1	1069201	10206	0	209	1000	1
DRR454434.4884	NC_054852.1	1069201	12342	1296	259	1000	1
DRR454434.1794	NC_054852.1	1069201	5512	1369	157	1000	1
DRR454434.816	NC_054852.1	1069201	7654	441	234	1000	1
DRR454434.3239	NC_054852.1	1069201	8681	289	190	1000	1
DRR454434.1259	NC_054852.1	1069201	7865	484	188	1000	1
DRR454434.763	NC_054852.1	1069201	6386	576	237	1000	1
DRR454434.1763	NC_054852.1	1069201	8510	1156	191	1000	1
DRR454434.4043	NC_054852.1	1069201	12590	0	262	1000	1
DRR454434.3223	NC_054852.1	1069201	11238	0	256	1000	1
DRR454434.2062	NC_054852.1	1069201	9686	0	242	1000	1
DRR454434.4121	NC_054852.1	1069201	6146	729	174	1000	1
DRR454434.3597	NC_054852.1	1069201	16362	0	235	1000	1
DRR454434.386	NC_054852.1	1069201	14944	0	245	1000	1
DRR454434.126	NC_054852.1	1069201	8727	0	243	1000	1
DRR454434.4087	NC_054852.1	1069201	9113	1089	180	1000	1
DRR454434.3479	NC_054852.1	1069201	6280	1936	122	1000	1
DRR454434.4954	NC_054852.1	1069201	10105	0	208	1000	1
DRR454434.2754	NC_054852.1	1069201	10517	0	210	1000	1
DRR454434.4619	NC_054852.1	1069201	9794	0	199	1000	1
DRR454434.1738	NC_054852.1	1069201	14660	0	188	1000	1
DRR454434.3556	NC_054852.1	1069201	19572	729	292	1000	1
DRR454434.2721	NC_054852.1	1069201	7289	64	188	1000	1
DRR454434.3062	NC_054852.1	1069201	2422	196	154	1000	1
DRR454434.4190	NC_054852.1	1069201	12807	121	221	1000	1
DRR454434.1080	NC_054852.1	1069201	8527	81	203	1000	1
DRR454434.4185	NC_054852.1	1069201	16285	0	209	1000	1
DRR454434.4714	NC_054852.1	1069201	3299	1936	138	1000	1
DRR454434.2175	NC_054852.1	1069201	11242	576	226	1000	1
DRR454434.22	NC_054852.1	1069201	8213	81	199	1000	1
DRR454434.507	NC_054852.1	1069201	11938	225	211	1000	1
DRR454434.3306	NC_054852.1	1069201	17849	0	256	1000	1
DRR454434.284	NC_054852.1	1069201	12041	144	204	1000	1
DRR454434.1607	NC_054852.1	1069201	4994	196	174	1000	1
DRR454434.3388	NC_054852.1	1069201	18707	0	258	1000	1
DRR454434.3149	NC_054852.1	1069201	4981	1936	179	1000	1
DRR454434.4588	NC_054852.1	1069201	13794	0	223	1000	1
DRR454434.1662	NC_054852.1	1069201	15762	0	247	1000	1
DRR454434.3949	NC_054852.1	1069201	7076	625	206	1000	1
DRR454434.4359	NC_054852.1	1069201	8997	0	190	1000	1
DRR454434.2155	NC_054852.1	1069201	11469	784	210	1000	1
DRR454434.1792	NC_054852.1	1069201	2871	676	163	1000	1
DRR454434.670	NC_054852.1	1069201	13123	0	249	1000	1
DRR454434.3494	NC_054852.1	1069201	14069	256	222	1000	1
DRR454434.1666	NC_054852.1	1069201	10478	0	228	1000	1
DRR454434.2606	NC_054852.1	1069201	11875	289	253	1000	1
DRR454434.4287	NC_054852.1	1069201	9902	0	197	1000	1
DRR454434.1400	NC_054852.1	1069201	11981	729	237	1000	1
DRR454434.3027	NC_054852.1	1069201	7539	1681	162	1000	1
DRR454434.3618	NC_054852.1	1069201	10280	0	213	1000	1
DRR454434.2223	NC_054852.1	1069201	16194	0	245	1000	1
DRR454434.3260	NC_054852.1	1069201	20465	0	231	1000	1
DRR454434.2261	NC_054852.1	1069201	9537	0	229	1000	1
DRR454434.3812	NC_054852.1	1069201	9209	1024	186	1000	1
DRR454434.1950	NC_054852.1	1069201	15402	0	227	1000	1
DRR454434.232	NC_054852.1	1069201	14808	0	229	1000	1
DRR454434.4466	NC_054852.1	1069201	14244	1521	215	1000	1
DRR454434.722	NC_054852.1	1069201	9382	0	230	1000	1
DRR454434.3259	NC_054852.1	1069201	8210	0	158	1000	1
DRR454434.914	NC_054852.1	1069201	15869	0	226	1000	1
DRR454434.2114	NC_054852.1	1069201	1959	0	139	1000	1
DRR454434.2678	NC_054852.1	1069201	9989	0	231	1000	1
DRR454434.420	NC_054852.1	1069201	4179	0	148	1000	1
DRR454434.833	NC_054852.1	1069201	16033	0	209	1000	1
DRR454434.3784	NC_054852.1	1069201	7734	169	157	1000	1
DRR454434.1086	NC_054852.1	1069201	10849	0	220	1000	1
DRR454434.1689	NC_054852.1	1069201	13373	1521	194	1000	1
DRR454434.4538	NC_054852.1	1069201	7915	1394	199	1000	1
DRR454434.3471	NC_054852.1	1069201	11220	0	244	1000	1
DRR454434.1598	NC_054852.1	1069201	16229	0	238	1000	1
DRR454434.2923	NC_054852.1	1069201	11885	0	183	1000	1
DRR454434.3001	NC_054852.1	1069201	14625	0	201	1000	1
DRR454434.3592	NC_054852.1	1069201	9036	729	214	1000	1
DRR454434.2646	NC_054852.1	1069201	15460	0	196	1000	1
DRR454434.4611	NC_054852.1	1069201	4589	289	183	1000	1
DRR454434.2986	NC_054852.1	1069201	15245	0	197	1000	1
DRR454434.2944	NC_054852.1	1069201	3846	144	182	1000	1
DRR454434.1530	NC_054852.1	1069201	16390	0	251	1000	1
DRR454434.4823	NC_054852.1	1069201	13518	1521	266	1000	1
DRR454434.804	NC_054852.1	1069201	5997	1936	170	1000	1
DRR454434.2549	NC_054852.1	1069201	8065	961	131	1000	1
DRR454434.1014	NC_054852.1	1069201	16223	441	273	1000	1
DRR454434.4430	NC_054852.1	1069201	13810	0	196	1000	1
DRR454434.2165	NC_054852.1	1069201	4507	1300	260	1000	1
DRR454434.2195	NC_054852.1	1069201	14625	0	201	1000	1
DRR454434.4995	NC_054852.1	1069201	4407	1225	187	1000	1
DRR454434.4464	NC_054852.1	1069201	18658	0	245	1000	1
DRR454434.624	NC_054852.1	1069201	7432	0	238	1000	1
DRR454434.3436	NC_054852.1	1069201	12642	0	227	1000	1
DRR454434.215	NC_054852.1	1069201	11965	1936	163	1000	1
DRR454434.2082	NC_054852.1	1069201	6854	0	210	1000	1
DRR454434.3750	NC_054852.1	1069201	13617	1296	194	1000	1
DRR454434.1209	NC_054852.1	1069201	12171	1296	254	1000	1
DRR454434.3934	NC_054852.1	1069201	16525	0	256	1000	1
DRR454434.2092	NC_054852.1	1069201	9258	0	235	1000	1
DRR454434.4627	NC_054852.1	1069201	9307	169	223	1000	1
DRR454434.2342	NC_054852.1	1069201	12278	441	238	1000	1
DRR454434.3011	NC_054852.1	1069201	9598	0	191	1000	1
DRR454434.2872	NC_054852.1	1069201	10322	0	252	1000	1
DRR454434.2423	NC_054852.1	1069201	19109	64	217	1000	1
DRR454434.1381	NC_054852.1	1069201	8193	0	196	1000	1
DRR454434.3028	NC_054852.1	1069201	13773	0	220	1000	1
DRR454434.2440	NC_054852.1	1069201	11715	2401	206	1000	1
DRR454434.4841	NC_054852.1	1069201	9117	0	198	1000	1
DRR454434.4104	NC_054852.1	1069201	15827	0	252	1000	1
DRR454434.2192	NC_054852.1	1069201	12250	0	254	1000	1
DRR454434.3801	NC_054852.1	1069201	14769	225	222	1000	1
DRR454434.145	NC_054852.1	1069201	18715	0	248	1000	1
DRR454434.3640	NC_054852.1	1069201	8421	1521	170	1000	1
DRR454434.1276	NC_054852.1	1069201	13289	0	214	1000	1
DRR454434.1144	NC_054852.1	1069201	5171	0	237	1000	1
DRR454434.1806	NC_054852.1	1069201	10225	676	194	1000	1
DRR454434.1321	NC_054852.1	1069201	5166	0	219	1000	1
DRR454434.2325	NC_054852.1	1069201	13210	0	274	1000	1
DRR454434.3015	NC_054852.1	1069201	11389	0	206	1000	1
DRR454434.647	NC_054852.1	1069201	15204	0	290	1000	1
DRR454434.3298	NC_054852.1	1069201	8668	2116	218	1000	1
DRR454434.4171	NC_054852.1	1069201	5030	0	161	1000	1
DRR454434.3687	NC_054852.1	1069201	5317	0	170	1000	1
DRR454434.3979	NC_054852.1	1069201	14117	1296	255	1000	1
DRR454434.47	NC_054852.1	1069201	13370	576	236	1000	1
DRR454434.2251	NC_054852.1	1069201	14031	0	275	1000	1
DRR454434.4970	NC_054852.1	1069201	10899	0	268	1000	1
DRR454434.61	NC_054852.1	1069201	13041	81	226	1000	1
DRR454434.3650	NC_054852.1	1069201	12074	400	162	1000	1
DRR454434.4303	NC_054852.1	1069201	6199	2465	220	1000	1
DRR454434.3353	NC_054852.1	1069201	13736	0	194	1000	1
DRR454434.4903	NC_054852.1	1069201	15611	0	232	1000	1
DRR454434.1887	NC_054852.1	1069201	2166	1936	144	1000	1
DRR454434.1731	NC_054852.1	1069201	16612	0	239	1000	1
DRR454434.1469	NC_054852.1	1069201	10897	1156	231	1000	1
DRR454434.379	NC_054852.1	1069201	3816	841	141	1000	1
DRR454434.1787	NC_054852.1	1069201	5697	361	222	1000	1
DRR454434.2552	NC_054852.1	1069201	8404	225	241	1000	1
DRR454434.964	NC_054852.1	1069201	10022	0	226	1000	1
DRR454434.2978	NC_054852.1	1069201	3490	1089	172	1000	1
DRR454434.2568	NC_054852.1	1069201	14545	0	236	1000	1
DRR454434.4550	NC_054852.1	1069201	15327	1849	259	1000	1
DRR454434.2371	NC_054852.1	1069201	7289	0	186	1000	1
DRR454434.3636	NC_054852.1	1069201	3927	64	256	1000	1
DRR454434.3474	NC_054852.1	1069201	10797	841	235	1000	1
DRR454434.992	NC_054852.1	1069201	12421	1024	151	1000	1
DRR454434.3438	NC_054852.1	1069201	15017	484	220	1000	1
DRR454434.601	NC_054852.1	1069201	5717	0	218	1000	1
DRR454434.3804	NC_054852.1	1069201	8693	196	237	1000	1
DRR454434.3808	NC_054852.1	1069201	10706	0	234	1000	1
DRR454434.1022	NC_054852.1	1069201	4292	0	174	1000	1
DRR454434.3151	NC_054852.1	1069201	7753	1156	254	1000	1
DRR454434.86	NC_054852.1	1069201	8126	0	234	1000	1
DRR454434.2056	NC_054852.1	1069201	10376	0	240	1000	1
DRR454434.320	NC_054852.1	1069201	5041	1936	86	1000	1
DRR454434.2540	NC_054852.1	1069201	9258	256	208	1000	1
DRR454434.1963	NC_054852.1	1069201	6922	0	211	1000	1
DRR454434.4988	NC_054852.1	1069201	7746	0	233	1000	1
DRR454434.3571	NC_054852.1	1069201	14020	0	196	1000	1
DRR454434.4147	NC_054852.1	1069201	6084	0	188	1000	1
DRR454434.2197	NC_054852.1	1069201	8590	1681	173	1000	1
DRR454434.4411	NC_054852.1	1069201	9142	0	187	1000	1
DRR454434.3725	NC_054852.1	1069201	6949	324	178	1000	1
DRR454434.503	NC_054852.1	1069201	18594	0	222	1000	1
DRR454434.1585	NC_054852.1	1069201	16001	2500	253	1000	1
DRR454434.4312	NC_054852.1	1069201	7492	1936	194	1000	1
DRR454434.2051	NC_054852.1	1069201	7310	900	237	1000	1
DRR454434.2945	NC_054852.1	1069201	12078	1936	195	1000	1
DRR454434.4740	NC_054852.1	1069201	5696	1521	237	1000	1
DRR454434.4045	NC_054852.1	1069201	11214	0	260	1000	1
DRR454434.1511	NC_054852.1	1069201	16084	0	208	1000	1
DRR454434.2262	NC_054852.1	1069201	19669	0	227	1000	1
DRR454434.4461	NC_054852.1	1069201	10627	400	247	1000	1
DRR454434.4496	NC_054852.1	1069201	6396	0	212	1000	1
DRR454434.4315	NC_054852.1	1069201	6698	0	171	1000	1
DRR454434.4897	NC_054852.1	1069201	10737	0	192	1000	1
DRR454434.1710	NC_054852.1	1069201	20914	0	275	1000	1
DRR454434.4017	NC_054852.1	1069201	5122	576	163	1000	1
DRR454434.3502	NC_054852.1	1069201	4948	0	215	1000	1
DRR454434.1845	NC_054852.1	1069201	10070	0	209	1000	1
DRR454434.433	NC_054852.1	1069201	19754	0	273	1000	1
DRR454434.253	NC_054852.1	1069201	9428	1296	175	1000	1
DRR454434.3435	NC_054852.1	1069201	9569	0	184	1000	1
DRR454434.1987	NC_054852.1	1069201	3029	0	103	1000	1
DRR454434.1578	NC_054852.1	1069201	16866	0	237	1000	1
DRR454434.4973	NC_054852.1	1069201	10064	961	138	1000	1
DRR454434.3506	NC_054852.1	1069201	11790	0	258	1000	1
DRR454434.4164	NC_054852.1	1069201	15949	529	173	1000	1
DRR454434.2425	NC_054852.1	1069201	13968	2304	186	1000	1
DRR454434.787	NC_054852.1	1069201	6371	1936	185	1000	1
DRR454434.952	NC_054852.1	1069201	17342	0	237	1000	1
DRR454434.747	NC_054852.1	1069201	3971	0	150	1000	1
DRR454434.4719	NC_054852.1	1069201	16321	196	200	1000	1
DRR454434.901	NC_054852.1	1069201	8553	0	194	1000	1
DRR454434.539	NC_054852.1	1069201	11448	1444	224	1000	1
DRR454434.3809	NC_054852.1	1069201	15122	100	272	1000	1
DRR454434.508	NC_054852.1	1069201	10038	225	230	1000	1
DRR454434.4541	NC_054852.1	1069201	11586	0	238	1000	1
DRR454434.4527	NC_054852.1	1069201	16953	0	244	1000	1
DRR454434.2291	NC_054852.1	1069201	12040	0	248	1000	1
DRR454434.4552	NC_054852.1	1069201	12641	0	216	1000	1
DRR454434.2792	NC_054852.1	1069201	9223	0	249	1000	1
DRR454434.2099	NC_054852.1	1069201	12025	0	208	1000	1
DRR454434.2412	NC_054852.1	1069201	6969	484	221	1000	1
DRR454434.796	NC_054852.1	1069201	6894	0	173	1000	1
DRR454434.1117	NC_054852.1	1069201	18635	0	273	1000	1
DRR454434.4944	NC_054852.1	1069201	12351	0	263	1000	1
DRR454434.4375	NC_054852.1	1069201	10745	0	239	1000	1
DRR454434.3266	NC_054852.1	1069201	17770	0	218	1000	1
DRR454434.4342	NC_054852.1	1069201	3357	0	132	1000	1
DRR454434.4292	NC_054852.1	1069201	18966	0	259	1000	1
DRR454434.2995	NC_054852.1	1069201	10297	2116	217	1000	1
DRR454434.2409	NC_054852.1	1069201	9421	64	211	1000	1
DRR454434.4851	NC_054852.1	1069201	7466	1936	169	1000	1
DRR454434.4576	NC_054852.1	1069201	12491	729	225	1000	1
DRR454434.110	NC_054852.1	1069201	10101	0	204	1000	1
DRR454434.971	NC_054852.1	1069201	9396	0	218	1000	1
DRR454434.1946	NC_054852.1	1069201	19441	0	221	1000	1
DRR454434.344	NC_054852.1	1069201	5798	361	159	1000	1
DRR454434.4718	NC_054852.1	1069201	14052	0	227	1000	1
DRR454434.3065	NC_054852.1	1069201	9674	1764	195	1000	1
DRR454434.857	NC_054852.1	1069201	8804	0	234	1000	1
DRR454434.2969	NC_054852.1	1069201	7290	1936	138	1000	1
DRR454434.1676	NC_054852.1	1069201	9169	0	157	1000	1
DRR454434.1153	NC_054852.1	1069201	10525	0	175	1000	1
DRR454434.4108	NC_054852.1	1069201	7689	1936	158	1000	1
DRR454434.2726	NC_054852.1	1069201	14442	1681	207	1000	1
DRR454434.14	NC_054852.1	1069201	23822	0	291	1000	1
DRR454434.2917	NC_054852.1	1069201	13897	0	218	1000	1
DRR454434.2312	NC_054852.1	1069201	4898	0	145	1000	1
DRR454434.4586	NC_054852.1	1069201	10368	1024	205	1000	1
DRR454434.4762	NC_054852.1	1069201	7045	0	139	1000	1
DRR454434.242	NC_054852.1	1069201	14516	81	228	1000	1
DRR454434.416	NC_054852.1	1069201	17540	0	251	1000	1
DRR454434.4198	NC_054852.1	1069201	9249	0	229	1000	1
DRR454434.4230	NC_054852.1	1069201	11849	0	202	1000	1
DRR454434.1185	NC_054852.1	1069201	6577	0	207	1000	1
DRR454434.1097	NC_054852.1	1069201	7874	0	230	1000	1
DRR454434.473	NC_054852.1	1069201	11781	0	212	1000	1
DRR454434.2249	NC_054852.1	1069201	11318	1521	209	1000	1
DRR454434.3667	NC_054852.1	1069201	15783	0	277	1000	1
DRR454434.3555	NC_054852.1	1069201	15885	0	207	1000	1
DRR454434.163	NC_054852.1	1069201	4010	2116	203	1000	1
DRR454434.3353	NC_054852.1	1069201	13736	0	194	1000	1
DRR454434.2685	NC_054852.1	1069201	10596	1849	212	1000	1
DRR454434.3413	NC_054852.1	1069201	9193	0	258	1000	1
DRR454434.2838	NC_054852.1	1069201	9516	0	241	1000	1
DRR454434.4618	NC_054852.1	1069201	7301	0	149	1000	1
DRR454434.2156	NC_054852.1	1069201	19685	0	268	1000	1
DRR454434.1805	NC_054852.1	1069201	12818	0	216	1000	1
DRR454434.4524	NC_054852.1	1069201	4150	0	151	1000	1
DRR454434.3451	NC_012860.1	573826	1102	0	95	1000	1
DRR454434.2416	NC_054852.1	1069201	13750	1936	197	1000	1
DRR454434.4359	NC_054852.1	1069201	8997	0	190	1000	1
DRR454434.3059	NC_054852.1	1069201	5956	169	196	1000	1
DRR454434.393	NC_054852.1	1069201	10629	0	184	1000	1
DRR454434.2195	NC_054852.1	1069201	14625	0	201	1000	1
DRR454434.1317	NC_054852.1	1069201	11535	0	253	1000	1
DRR454434.2613	NC_054852.1	1069201	13531	1764	184	1000	1
DRR454434.4239	NC_054852.1	1069201	14486	0	237	1000	1
DRR454434.118	NC_054852.1	1069201	17654	0	261	1000	1
DRR454434.2299	NC_054852.1	1069201	11249	0	206	1000	1
DRR454434.3952	NC_054852.1	1069201	5636	0	136	1000	1
DRR454434.4008	NC_054852.1	1069201	16414	0	239	1000	1
DRR454434.1937	NC_054852.1	1069201	9213	1296	166	1000	1
DRR454434.3330	NC_054852.1	1069201	14089	0	197	1000	1
DRR454434.2962	NC_054852.1	1069201	10610	0	236	1000	1
DRR454434.2448	NC_054852.1	1069201	18482	0	278	1000	1
DRR454434.3711	NC_054852.1	1069201	14043	1024	259	1000	1
DRR454434.4413	NC_054852.1	1069201	15285	0	228	1000	1
DRR454434.815	NC_054852.1	1069201	13503	529	269	1000	1
DRR454434.2553	NC_054852.1	1069201	7773	0	207	1000	1
DRR454434.4131	NC_054852.1	1069201	8902	1936	173	1000	1
DRR454434.4734	NC_054852.1	1069201	19139	0	270	1000	1
DRR454434.4256	NC_054852.1	1069201	5234	1296	190	1000	1
DRR454434.2613	NC_054852.1	1069201	17050	0	235	1000	1
DRR454434.1067	NC_054852.1	1069201	6810	0	182	1000	1
DRR454434.3701	NC_054852.1	1069201	11834	0	260	1000	1
DRR454434.4735	NC_054852.1	1069201	3875	1746	204	1000	1
DRR454434.1366	NC_054852.1	1069201	4730	1936	159	1000	1
DRR454434.4107	NC_054852.1	1069201	19157	0	258	1000	1
DRR454434.9	NC_054852.1	1069201	9729	0	247	1000	1
DRR454434.128	NC_054852.1	1069201	5985	0	185	1000	1
DRR454434.463	NC_054852.1	1069201	7600	225	257	1000	1
DRR454434.3989	NC_054852.1	1069201	14201	0	228	1000	1
DRR454434.1814	NC_054852.1	1069201	8986	0	242	1000	1
DRR454434.1126	NC_054852.1	1069201	14185	1936	173	1000	1
DRR454434.802	NC_054852.1	1069201	17914	0	245	1000	1
DRR454434.4732	NC_054852.1	1069201	9850	64	170	1000	1
DRR454434.1298	NC_054852.1	1069201	11763	0	259	1000	1
DRR454434.1248	NC_054852.1	1069201	19480	0	269	1000	1
DRR454434.1001	NC_054852.1	1069201	14450	1296	258	1000	1
DRR454434.1917	NC_054852.1	1069201	7030	0	211	1000	1
DRR454434.1251	NC_054852.1	1069201	16323	0	244	1000	1
DRR454434.1178	NC_054852.1	1069201	15841	0	255	1000	1
DRR454434.2255	NC_054852.1	1069201	7686	0	177	1000	1
DRR454434.4699	NC_054852.1	1069201	8891	0	207	1000	1
DRR454434.3780	NC_054852.1	1069201	13829	324	206	1000	1
DRR454434.3804	NC_054852.1	1069201	8693	196	237	1000	1
DRR454434.3280	NC_054852.1	1069201	5031	484	210	1000	1
DRR454434.4459	NC_054852.1	1069201	4007	1669	186	1000	1
DRR454434.4245	NC_054852.1	1069201	8406	353	165	1000	1
DRR454434.2958	NC_054852.1	1069201	5179	0	191	1000	1
DRR454434.1663	NC_054852.1	1069201	2737	2116	182	1000	1
DRR454434.1250	NC_054852.1	1069201	5685	0	199	1000	1
DRR454434.1272	NC_054852.1	1069201	5262	784	194	1000	1
DRR454434.4385	NC_054852.1	1069201	6400	1849	95	1000	1
DRR454434.1629	NC_054852.1	1069201	13326	1225	248	1000	1
DRR454434.3035	NC_054852.1	1069201	14066	0	196	1000	1
DRR454434.3699	NC_054852.1	1069201	5188	1936	139	1000	1
DRR454434.1315	NC_054852.1	1069201	13924	1936	133	1000	1
DRR454434.1255	NC_054852.1	1069201	12108	0	230	1000	1
DRR454434.4851	NC_054852.1	1069201	7466	1936	169	1000	1
DRR454434.737	NC_054852.1	1069201	7880	1936	138	1000	1
DRR454434.716	NC_054852.1	1069201	12470	1600	209	1000	1
DRR454434.1873	NC_054852.1	1069201	15408	0	225	1000	1
DRR454434.2981	NC_054852.1	1069201	4507	0	160	1000	1
DRR454434.4541	NC_054852.1	1069201	11586	0	238	1000	1
DRR454434.1123	NC_054852.1	1069201	3291	346	192	1000	1
DRR454434.3873	NC_054852.1	1069201	6195	121	185	1000	1
DRR454434.2678	NC_054852.1	1069201	9989	0	231	1000	1
DRR454434.3403	NC_054852.1	1069201	16033	100	209	1000	1
DRR454434.2545	NC_054852.1	1069201	2879	0	186	1000	1
DRR454434.2046	NC_054852.1	1069201	22627	0	286	1000	1
DRR454434.2330	NC_054852.1	1069201	14573	0	232	1000	1
DRR454434.3662	NC_054852.1	1069201	9193	1936	149	1000	1
DRR454434.484	NC_054852.1	1069201	2756	1936	177	1000	1
DRR454434.3720	NC_054852.1	1069201	11613	121	231	1000	1
DRR454434.95	NC_054852.1	1069201	6710	81	192	1000	1
DRR454434.998	NC_054852.1	1069201	19241	0	270	1000	1
DRR454434.3494	NC_054852.1	1069201	14069	256	222	1000	1
DRR454434.4680	NC_054852.1	1069201	14965	0	203	1000	1
DRR454434.4703	NC_054852.1	1069201	11225	169	260	1000	1
DRR454434.2529	NC_054852.1	1069201	17846	0	276	1000	1
DRR454434.2595	NC_054852.1	1069201	14138	0	225	1000	1
DRR454434.3630	NC_054852.1	1069201	16285	0	209	1000	1
DRR454434.3795	NC_054852.1	1069201	4197	1796	148	1000	1
DRR454434.819	NC_054852.1	1069201	7774	0	214	1000	1
DRR454434.3165	NC_054852.1	1069201	7998	1210	194	1000	1
DRR454434.4143	NC_054852.1	1069201	9265	576	176	1000	1
DRR454434.1300	NC_054852.1	1069201	14745	0	224	1000	1
DRR454434.4712	NC_054852.1	1069201	18126	2401	245	1000	1
DRR454434.1487	NC_054852.1	1069201	16474	64	245	1000	1
DRR454434.924	NC_054852.1	1069201	16019	0	236	1000	1
DRR454434.3241	NC_054852.1	1069201	13970	121	250	1000	1
DRR454434.2062	NC_054852.1	1069201	9686	0	242	1000	1
DRR454434.2399	NC_054852.1	1069201	3249	289	72	1000	1
DRR454434.3218	NC_054852.1	1069201	9681	196	221	1000	1
DRR454434.4321	NC_054852.1	1069201	8494	1764	273	1000	1
DRR454434.4604	NC_054852.1	1069201	20282	0	257	1000	1
DRR454434.999	NC_054852.1	1069201	10817	0	218	1000	1
DRR454434.1395	NC_054852.1	1069201	2639	1936	159	1000	1
DRR454434.3303	NC_054852.1	1069201	7924	400	199	1000	1
DRR454434.4637	order	5042	1225	1225	50	1000	1
DRR454434.86	NC_054852.1	1069201	8126	0	234	1000	1
DRR454434.2222	NC_054852.1	1069201	6955	121	230	1000	1
DRR454434.1291	NC_054852.1	1069201	9350	0	209	1000	1
DRR454434.2432	NC_054852.1	1069201	5224	441	225	1000	1
DRR454434.4179	NC_054852.1	1069201	14443	0	226	1000	1
DRR454434.735	NC_054852.1	1069201	12831	0	272	1000	1
DRR454434.1651	NC_054852.1	1069201	3582	985	220	1000	1
DRR454434.4481	NC_054852.1	1069201	16000	0	206	1000	1
DRR454434.2272	NC_054852.1	1069201	11763	0	212	1000	1
DRR454434.4295	NC_054852.1	1069201	8587	1936	197	1000	1
DRR454434.2481	NC_054852.1	1069201	6453	900	244	1000	1
DRR454434.3978	NC_054852.1	1069201	10475	0	190	1000	1
DRR454434.3690	NC_054852.1	1069201	8043	0	215	1000	1
DRR454434.4571	NC_054852.1	1069201	11234	144	230	1000	1
DRR454434.27	NC_054852.1	1069201	14776	0	245	1000	1
DRR454434.2862	NC_054852.1	1069201	17609	0	246	1000	1
DRR454434.3614	NC_054852.1	1069201	9666	0	222	1000	1
DRR454434.4672	NC_054852.1	1069201	14869	0	242	1000	1
DRR454434.4939	NC_054852.1	1069201	12753	324	194	1000	1
DRR454434.3123	NC_054852.1	1069201	8353	729	184	1000	1
DRR454434.2829	NC_054852.1	1069201	4465	64	173	1000	1
DRR454434.267	NC_054852.1	1069201	7921	1936	104	1000	1
DRR454434.2582	NC_054852.1	1069201	8366	1225	189	1000	1
DRR454434.1433	NC_054852.1	1069201	7497	0	180	1000	1
DRR454434.1052	NC_054852.1	1069201	3402	729	187	1000	1
DRR454434.2650	NC_054852.1	1069201	7953	0	217	1000	1
DRR454434.3179	NC_054852.1	1069201	16230	324	270	1000	1
DRR454434.2672	NC_054852.1	1069201	11962	0	148	1000	1
DRR454434.764	NC_054852.1	1069201	4487	0	175	1000	1
DRR454434.1891	NC_054852.1	1069201	7320	0	177	1000	1
DRR454434.1945	NC_054852.1	1069201	14228	0	211	1000	1
DRR454434.385	NC_054852.1	1069201	7261	2425	259	1000	1
DRR454434.191	NC_054852.1	1069201	10276	0	211	1000	1
DRR454434.1730	NC_054852.1	1069201	10114	1444	158	1000	1
DRR454434.1324	NC_054852.1	1069201	10050	0	246	1000	1
DRR454434.437	NC_054852.1	1069201	14185	1936	173	1000	1
DRR454434.489	NC_054852.1	1069201	9011	0	204	1000	1
DRR454434.1180	NC_054852.1	1069201	5122	361	118	1000	1
DRR454434.2367	NC_054852.1	1069201	9034	0	181	1000	1
DRR454434.3601	NC_054852.1	1069201	12178	64	191	1000	1
DRR454434.829	NC_054852.1	1069201	10166	0	195	1000	1
DRR454434.1588	NC_054852.1	1069201	3923	196	179	1000	1
DRR454434.3449	NC_054852.1	1069201	2106	1936	144	1000	1
DRR454434.3710	NC_054852.1	1069201	5005	0	197	1000	1
DRR454434.4921	NC_054852.1	1069201	14283	81	253	1000	1
DRR454434.873	NC_054852.1	1069201	6025	841	131	1000	1
DRR454434.2395	NC_054852.1	1069201	6237	625	178	1000	1
DRR454434.2391	NC_054852.1	1069201	6348	0	202	1000	1
DRR454434.666	NC_054852.1	1069201	8081	64	201	1000	1
DRR454434.158	NC_054852.1	1069201	4657	196	125	1000	1
DRR454434.2988	NC_054852.1	1069201	9443	0	217	1000	1
DRR454434.1924	NC_054852.1	1069201	17893	0	211	1000	1
DRR454434.1700	NC_054852.1	1069201	15686	2304	260	1000	1
DRR454434.4902	NC_054852.1	1069201	13075	0	253	1000	1
DRR454434.4737	NC_054852.1	1069201	3849	1936	171	1000	1
DRR454434.3010	NC_054852.1	1069201	10576	1936	154	1000	1
DRR454434.1889	NC_054852.1	1069201	12901	0	275	1000	1
DRR454434.1939	NC_054852.1	1069201	19430	0	261	1000	1
DRR454434.187	NC_054852.1	1069201	7771	324	223	1000	1
DRR454434.4385	NC_054852.1	1069201	6400	1521	95	1000	1
DRR454434.3866	NC_054852.1	1069201	4563	1921	191	1000	1
DRR454434.1794	NC_054852.1	1069201	5512	1369	157	1000	1
DRR454434.4214	NC_054852.1	1069201	15755	0	248	1000	1
DRR454434.3968	NC_054852.1	1069201	3976	256	207	1000	1
DRR454434.4739	NC_054852.1	1069201	5461	400	201	1000	1
DRR454434.3392	NC_054852.1	1069201	8463	169	232	1000	1
DRR454434.1161	NC_054852.1	1069201	10370	0	172	1000	1
DRR454434.2373	NC_054852.1	1069201	4921	196	212	1000	1
DRR454434.780	NC_054852.1	1069201	20417	0	227	1000	1
DRR454434.111	NC_054852.1	1069201	4755	576	191	1000	1
DRR454434.525	NC_054852.1	1069201	10676	529	195	1000	1
DRR454434.2978	NC_054852.1	1069201	3490	1024	172	1000	1
DRR454434.2194	NC_054852.1	1069201	17099	0	240	1000	1
DRR454434.2337	NC_054852.1	1069201	13781	0	212	1000	1
DRR454434.2278	NC_054852.1	1069201	9701	0	250	1000	1
DRR454434.852	NC_054852.1	1069201	11913	0	224	1000	1
DRR454434.2768	NC_054852.1	1069201	11331	0	245	1000	1
DRR454434.928	NC_054852.1	1069201	9685	0	163	1000	1
DRR454434.4498	NC_054852.1	1069201	7334	225	192	1000	1
DRR454434.640	NC_054852.1	1069201	12902	324	224	1000	1
DRR454434.2701	NC_054852.1	1069201	13520	961	209	1000	1
DRR454434.2440	NC_054852.1	1069201	11430	2116	203	1000	1
DRR454434.4935	NC_054852.1	1069201	8409	0	215	1000	1
DRR454434.440	NC_054852.1	1069201	14822	0	246	1000	1
DRR454434.4973	NC_054852.1	1069201	12036	1936	199	1000	1
DRR454434.3668	NC_054852.1	1069201	19701	0	246	1000	1
DRR454434.2218	NC_054852.1	1069201	6005	196	166	1000	1
DRR454434.1306	NC_054852.1	1069201	8074	0	181	1000	1
DRR454434.1025	NC_054852.1	1069201	14355	0	251	1000	1
DRR454434.4512	NC_054852.1	1069201	17609	0	246	1000	1
DRR454434.4959	NC_054852.1	1069201	9299	0	196	1000	1
DRR454434.4971	NC_054852.1	1069201	10045	296	166	1000	1
DRR454434.4645	NC_054852.1	1069201	9394	0	226	1000	1
DRR454434.4107	NC_054852.1	1069201	19157	0	258	1000	1
DRR454434.3796	NC_054852.1	1069201	3687	2116	167	1000	1
DRR454434.1420	NC_054852.1	1069201	9935	0	237	1000	1
DRR454434.177	NC_054852.1	1069201	9371	0	192	1000	1
DRR454434.1070	NC_054852.1	1069201	6732	0	198	1000	1
DRR454434.4251	NC_054852.1	1069201	8971	0	215	1000	1
DRR454434.4142	NC_054852.1	1069201	9156	0	240	1000	1
DRR454434.392	NC_054852.1	1069201	19233	0	225	1000	1
DRR454434.2072	NC_054852.1	1069201	14026	0	240	1000	1
DRR454434.1842	NC_054852.1	1069201	3626	1170	195	1000	1
DRR454434.464	NC_054852.1	1069201	21038	0	279	1000	1
DRR454434.4732	NC_054852.1	1069201	9850	64	170	1000	1
DRR454434.656	NC_054852.1	1069201	4598	729	209	1000	1
DRR454434.3452	NC_054852.1	1069201	24563	0	294	1000	1
DRR454434.3044	NC_054852.1	1069201	11326	0	291	1000	1
DRR454434.1121	NC_054852.1	1069201	10216	0	255	1000	1
DRR454434.2908	NC_054852.1	1069201	12531	1024	253	1000	1
DRR454434.2350	NC_054852.1	1069201	10020	0	199	1000	1
DRR454434.434	NC_054852.1	1069201	4392	1220	176	1000	1
DRR454434.1967	NC_054852.1	1069201	11261	0	210	1000	1
DRR454434.2089	NC_054852.1	1069201	5949	985	179	1000	1
DRR454434.641	NC_054852.1	1069201	8726	0	216	1000	1
DRR454434.742	NC_054852.1	1069201	8154	0	181	1000	1
DRR454434.4883	NC_054852.1	1069201	12488	0	240	1000	1
DRR454434.3174	NC_054852.1	1069201	8722	0	142	1000	1
DRR454434.2403	NC_054852.1	1069201	1969	1936	137	1000	1
DRR454434.4108	NC_054852.1	1069201	7689	1936	158	1000	1
DRR454434.461	NC_054852.1	1069201	6457	1024	170	1000	1
DRR454434.508	NC_054852.1	1069201	10038	225	230	1000	1
DRR454434.2304	NC_054852.1	1069201	10027	0	233	1000	1
DRR454434.1533	NC_054852.1	1069201	2109	361	176	1000	1
DRR454434.964	NC_054852.1	1069201	10022	0	226	1000	1
DRR454434.4031	NC_054852.1	1069201	7920	0	208	1000	1
DRR454434.1125	NC_054852.1	1069201	12670	0	229	1000	1
DRR454434.3302	NC_054852.1	1069201	9488	1936	154	1000	1
DRR454434.2514	NC_054852.1	1069201	12219	81	235	1000	1
DRR454434.984	NC_054852.1	1069201	15414	169	256	1000	1
DRR454434.3468	NC_054852.1	1069201	5296	729	233	1000	1
DRR454434.821	NC_054852.1	1069201	8100	1369	105	1000	1
DRR454434.745	NC_054852.1	1069201	20785	0	272	1000	1
DRR454434.2598	NC_054852.1	1069201	12178	0	260	1000	1
DRR454434.3004	NC_054852.1	1069201	19963	0	274	1000	1
DRR454434.272	NC_054852.1	1069201	19061	0	219	1000	1
DRR454434.932	NC_054852.1	1069201	7719	306	191	1000	1
DRR454434.2535	NC_054852.1	1069201	19139	0	250	1000	1
DRR454434.1496	NC_054852.1	1069201	10833	0	196	1000	1
DRR454434.2231	NC_054852.1	1069201	19480	0	253	1000	1
DRR454434.1192	NC_054852.1	1069201	5144	0	223	1000	1
DRR454434.3137	NC_054852.1	1069201	5058	784	194	1000	1
DRR454434.3634	NC_054852.1	1069201	20179	0	268	1000	1
DRR454434.3329	NC_054852.1	1069201	17694	0	251	1000	1
DRR454434.4250	NC_054852.1	1069201	8748	0	202	1000	1
DRR454434.3836	NC_054852.1	1069201	4456	784	106	1000	1
DRR454434.3215	NC_054852.1	1069201	14024	1600	158	1000	1
DRR454434.3547	NC_054852.1	1069201	2960	1936	106	1000	1
DRR454434.303	NC_054852.1	1069201	3945	1936	179	1000	1
DRR454434.223	NC_054852.1	1069201	5013	400	181	1000	1
DRR454434.4069	NC_054852.1	1069201	8846	1936	175	1000	1
DRR454434.4439	NC_054852.1	1069201	19044	0	259	1000	1
DRR454434.2722	NC_054852.1	1069201	10001	797	190	1000	1
DRR454434.2329	NC_054852.1	1069201	9397	64	200	1000	1
DRR454434.1864	NC_054852.1	1069201	16954	0	241	1000	1
DRR454434.3535	NC_054852.1	1069201	9777	0	212	1000	1
DRR454434.4809	NC_054852.1	1069201	14186	0	229	1000	1
DRR454434.220	NC_054852.1	1069201	22406	0	267	1000	1
DRR454434.4834	NC_054852.1	1069201	6401	1936	160	1000	1
DRR454434.598	NC_054852.1	1069201	15863	1936	231	1000	1
DRR454434.3258	NC_054852.1	1069201	4570	1936	182	1000	1
DRR454434.3067	NC_054852.1	1069201	11513	1936	145	1000	1
DRR454434.1189	NC_054852.1	1069201	14301	900	200	1000	1
DRR454434.1657	NC_054852.1	1069201	4458	1521	219	1000	1
DRR454434.3307	NC_054852.1	1069201	12869	729	186	1000	1
DRR454434.4295	NC_054852.1	1069201	8523	1936	174	1000	1
DRR454434.1560	NC_054852.1	1069201	10962	0	246	1000	1
DRR454434.2483	NC_054852.1	1069201	7642	0	152	1000	1
DRR454434.3518	NC_054852.1	1069201	3853	144	140	1000	1
DRR454434.2112	NC_054852.1	1069201	6244	0	233	1000	1
DRR454434.1583	NC_054852.1	1069201	11926	0	205	1000	1
DRR454434.572	NC_054852.1	1069201	17636	0	216	1000	1
DRR454434.534	NC_054852.1	1069201	12178	1936	164	1000	1
DRR454434.110	NC_054852.1	1069201	10101	0	204	1000	1
DRR454434.3109	NC_054852.1	1069201	3230	961	143	1000	1
DRR454434.1724	NC_054852.1	1069201	8830	256	226	1000	1
DRR454434.560	NC_054852.1	1069201	17219	0	260	1000	1
DRR454434.3832	NC_054852.1	1069201	11554	0	182	1000	1
DRR454434.2490	NC_054852.1	1069201	10933	0	245	1000	1
DRR454434.2616	NC_054852.1	1069201	17523	64	249	1000	1
DRR454434.2783	NC_054852.1	1069201	8340	0	199	1000	1
DRR454434.3840	NC_054852.1	1069201	4105	0	142	1000	1
DRR454434.2323	NC_054852.1	1069201	13498	1681	170	1000	1
DRR454434.4173	NC_054852.1	1069201	10046	324	237	1000	1
DRR454434.2343	NC_054852.1	1069201	20214	0	261	1000	1
DRR454434.1861	NC_054852.1	1069201	11399	0	249	1000	1
DRR454434.4866	NC_054852.1	1069201	7625	0	190	1000	1
DRR454434.4255	NC_054852.1	1069201	15490	0	206	1000	1
DRR454434.1816	NC_054852.1	1069201	8748	64	218	1000	1
DRR454434.3980	NC_054852.1	1069201	4045	1369	163	1000	1
DRR454434.2182	NC_054852.1	1069201	15771	0	240	1000	1
DRR454434.483	NC_054852.1	1069201	8726	1225	226	1000	1
DRR454434.1665	NC_054852.1	1069201	11881	2304	208	1000	1
DRR454434.548	NC_054852.1	1069201	6867	0	199	1000	1
DRR454434.120	NC_054852.1	1069201	9636	0	214	1000	1
DRR454434.4732	NC_054852.1	1069201	9850	64	170	1000	1
DRR454434.4965	NC_054852.1	1069201	20270	0	269	1000	1
DRR454434.3465	NC_054852.1	1069201	8149	0	157	1000	1
DRR454434.3028	NC_054852.1	1069201	13773	0	220	1000	1
DRR454434.737	NC_054852.1	1069201	7880	1936	138	1000	1
DRR454434.2620	NC_054852.1	1069201	12020	1936	164	1000	1
DRR454434.277	NC_054852.1	1069201	8489	1444	186	1000	1
DRR454434.3331	NC_054852.1	1069201	18405	0	219	1000	1
DRR454434.949	NC_054852.1	1069201	11545	1600	161	1000	1
DRR454434.706	NC_054852.1	1069201	10937	0	231	1000	1
DRR454434.4010	NC_054852.1	1069201	6223	289	195	1000	1
DRR454434.3274	NC_054852.1	1069201	17109	0	213	1000	1
DRR454434.3699	NC_054852.1	1069201	7877	2304	213	1000	1
DRR454434.1449	NC_054852.1	1069201	11711	0	255	1000	1
DRR454434.3091	NC_054852.1	1069201	18278	0	259	1000	1
DRR454434.1172	NC_054852.1	1069201	11237	0	173	1000	1
DRR454434.4845	NC_054852.1	1069201	8667	0	229	1000	1
DRR454434.4524	NC_054852.1	1069201	4150	0	151	1000	1
DRR454434.3684	NC_054852.1	1069201	13458	0	221	1000	1
DRR454434.4247	NC_054852.1	1069201	14621	0	201	1000	1
DRR454434.3115	NC_054852.1	1069201	11159	0	243	1000	1
DRR454434.2887	NC_054852.1	1069201	15820	0	247	1000	1
DRR454434.397	NC_054852.1	1069201	19187	0	252	1000	1
DRR454434.259	NC_054852.1	1069201	6461	625	203	1000	1
DRR454434.3868	NC_054852.1	1069201	16200	0	249	1000	1
DRR454434.2359	NC_054852.1	1069201	7850	0	181	1000	1
DRR454434.187	NC_054852.1	1069201	7842	324	224	1000	1
DRR454434.1892	NC_054852.1	1069201	10797	0	198	1000	1
DRR454434.4502	NC_054852.1	1069201	14721	0	234	1000	1
DRR454434.568	NC_054852.1	1069201	21258	0	234	1000	1
DRR454434.4879	NC_054852.1	1069201	12750	0	256	1000	1
DRR454434.1479	NC_054852.1	1069201	13518	0	256	1000	1
DRR454434.3208	NC_054852.1	1069201	10811	81	233	1000	1
DRR454434.1039	NC_054852.1	1069201	3546	1296	160	1000	1
DRR454434.4323	NC_054852.1	1069201	12011	0	222	1000	1
DRR454434.3381	NC_054852.1	1069201	6676	1936	136	1000	1
DRR454434.959	NC_054852.1	1069201	13059	0	228	1000	1
DRR454434.2399	NC_054852.1	1069201	3249	256	72	1000	1
DRR454434.3131	NC_054852.1	1069201	13598	0	219	1000	1
DRR454434.1846	NC_054852.1	1069201	13226	0	186	1000	1
DRR454434.50	NC_054852.1	1069201	18963	0	262	1000	1
DRR454434.3061	NC_054852.1	1069201	11191	121	244	1000	1
DRR454434.2852	NC_054852.1	1069201	8583	0	229	1000	1
DRR454434.2013	NC_054852.1	1069201	3893	100	140	1000	1
DRR454434.2311	NC_054852.1	1069201	3751	0	204	1000	1
DRR454434.2720	NC_054852.1	1069201	9775	0	233	1000	1
DRR454434.353	NC_012860.1	573826	905	0	69	1000	1
DRR454434.4625	NC_054852.1	1069201	7034	529	222	1000	1
DRR454434.1947	NC_054852.1	1069201	18926	0	263	1000	1
DRR454434.4788	NC_054852.1	1069201	16098	0	233	1000	1
DRR454434.1371	NC_054852.1	1069201	7477	0	199	1000	1
DRR454434.2058	NC_054852.1	1069201	1866	144	142	1000	1
DRR454434.1174	NC_054852.1	1069201	9929	1521	186	1000	1
DRR454434.615	NC_054852.1	1069201	14890	1521	211	1000	1
DRR454434.1861	NC_054852.1	1069201	11399	0	249	1000	1
DRR454434.1837	NC_054852.1	1069201	6653	1936	164	1000	1
DRR454434.2091	NC_054852.1	1069201	8646	0	218	1000	1
DRR454434.1117	NC_054852.1	1069201	18635	0	273	1000	1
DRR454434.4834	NC_054852.1	1069201	6401	1936	160	1000	1
DRR454434.2486	NC_054852.1	1069201	18094	0	256	1000	1
DRR454434.1606	NC_054852.1	1069201	4679	0	216	1000	1
DRR454434.1619	NC_054852.1	1069201	8055	0	203	1000	1
DRR454434.1356	NC_054852.1	1069201	3725	0	142	1000	1
DRR454434.4869	NC_054852.1	1069201	5339	0	152	1000	1
DRR454434.549	NC_054852.1	1069201	9602	121	222	1000	1
DRR454434.4668	NC_054852.1	1069201	6398	2500	181	1000	1
DRR454434.3175	NC_012860.1	573826	3252	0	154	1000	1
DRR454434.3400	NC_054852.1	1069201	4806	225	221	1000	1
DRR454434.2291	NC_054852.1	1069201	12161	0	249	1000	1
DRR454434.2389	NC_054852.1	1069201	3250	1764	193	1000	1
DRR454434.4288	NC_054852.1	1069201	4994	0	153	1000	1
DRR454434.432	NC_054852.1	1069201	15694	0	247	1000	1
DRR454434.3819	NC_054852.1	1069201	5437	64	229	1000	1
DRR454434.2108	NC_054852.1	1069201	17973	0	219	1000	1
DRR454434.1748	NC_054852.1	1069201	1779	1521	162	1000	1
DRR454434.4108	NC_054852.1	1069201	7689	1936	158	1000	1
DRR454434.3115	NC_054852.1	1069201	11159	0	243	1000	1
DRR454434.1818	NC_054852.1	1069201	5897	2209	117	1000	1
DRR454434.3705	NC_054852.1	1069201	16569	0	230	1000	1
DRR454434.1520	NC_054852.1	1069201	19361	0	266	1000	1
DRR454434.2932	NC_054852.1	1069201	11289	0	245	1000	1
DRR454434.1913	NC_054852.1	1069201	16751	225	273	1000	1
DRR454434.2972	NC_054852.1	1069201	11745	0	218	1000	1
DRR454434.4923	NC_054852.1	1069201	7729	0	229	1000	1
DRR454434.1269	NC_054852.1	1069201	17593	0	215	1000	1
DRR454434.4548	NC_054852.1	1069201	9234	1908	274	1000	1
DRR454434.2621	NC_054852.1	1069201	3529	1444	113	1000	1
DRR454434.4377	NC_054852.1	1069201	9773	1936	141	1000	1
DRR454434.990	NC_054852.1	1069201	11193	64	227	1000	1
DRR454434.3647	NC_054852.1	1069201	20025	0	268	1000	1
DRR454434.2809	NC_054852.1	1069201	12752	0	178	1000	1
DRR454434.482	NC_054852.1	1069201	13829	0	234	1000	1
DRR454434.795	NC_054852.1	1069201	7005	0	172	1000	1
DRR454434.2853	NC_054852.1	1069201	6227	1936	158	1000	1
DRR454434.2068	NC_054852.1	1069201	4751	1936	177	1000	1
DRR454434.2419	NC_054852.1	1069201	12789	1521	233	1000	1
DRR454434.2572	NC_054852.1	1069201	9157	0	200	1000	1
DRR454434.484	NC_054852.1	1069201	2756	1936	177	1000	1
DRR454434.4517	NC_054852.1	1069201	3554	765	195	1000	1
DRR454434.4584	NC_054852.1	1069201	6290	1936	126	1000	1
DRR454434.4570	NC_054852.1	1069201	10582	0	203	1000	1
DRR454434.3922	NC_054852.1	1069201	15314	0	213	1000	1
DRR454434.955	NC_054852.1	1069201	3926	1764	133	1000	1
DRR454434.3321	NC_054852.1	1069201	13194	196	191	1000	1
DRR454434.2476	NC_054852.1	1069201	19602	0	253	1000	1
DRR454434.333	NC_054852.1	1069201	13977	0	195	1000	1
DRR454434.3411	NC_054852.1	1069201	14098	0	221	1000	1
DRR454434.3418	NC_054852.1	1069201	8701	0	196	1000	1
DRR454434.1322	NC_054852.1	1069201	13766	0	274	1000	1
DRR454434.1059	NC_054852.1	1069201	20402	0	261	1000	1
DRR454434.3881	NC_054852.1	1069201	7757	0	225	1000	1
DRR454434.1730	NC_054852.1	1069201	10114	1444	158	1000	1
DRR454434.902	NC_054852.1	1069201	8826	0	236	1000	1
DRR454434.3553	NC_054852.1	1069201	5684	0	171	1000	1
DRR454434.2973	NC_054852.1	1069201	10584	0	201	1000	1
DRR454434.4215	NC_054852.1	1069201	18386	0	261	1000	1
DRR454434.1799	NC_054852.1	1069201	15786	0	235	1000	1
DRR454434.2961	NC_054852.1	1069201	10337	0	198	1000	1
DRR454434.4369	NC_054852.1	1069201	14205	1936	212	1000	1
DRR454434.243	NC_054852.1	1069201	14475	0	267	1000	1
DRR454434.2718	NC_054852.1	1069201	12822	0	242	1000	1
DRR454434.430	NC_054852.1	1069201	18178	0	220	1000	1
DRR454434.1164	NC_054852.1	1069201	10384	324	291	1000	1
DRR454434.3289	NC_054852.1	1069201	17626	0	257	1000	1
DRR454434.2830	NC_054852.1	1069201	10370	256	230	1000	1
DRR454434.2427	NC_054852.1	1069201	9010	784	148	1000	1
DRR454434.1247	NC_054852.1	1069201	2067	576	172	1000	1
DRR454434.1465	NC_054852.1	1069201	3309	1936	169	1000	1
DRR454434.578	NC_054852.1	1069201	12318	0	264	1000	1
DRR454434.1858	NC_054852.1	1069201	5629	1936	127	1000	1
DRR454434.3438	NC_054852.1	1069201	14796	484	219	1000	1
DRR454434.9	NC_054852.1	1069201	9729	0	247	1000	1
DRR454434.3630	NC_054852.1	1069201	16285	0	209	1000	1
DRR454434.719	NC_054852.1	1069201	9343	289	197	1000	1
DRR454434.3527	NC_054852.1	1069201	19790	0	253	1000	1
DRR454434.4301	NC_054852.1	1069201	11633	1024	165	1000	1
DRR454434.3907	NC_054852.1	1069201	11906	400	216	1000	1
DRR454434.1728	NC_054852.1	1069201	11953	1936	155	1000	1
DRR454434.3667	NC_054852.1	1069201	15783	0	277	1000	1
DRR454434.3094	NC_054852.1	1069201	2385	1936	122	1000	1
DRR454434.3018	NC_054852.1	1069201	16564	0	208	1000	1
DRR454434.381	NC_054852.1	1069201	12260	1521	168	1000	1
DRR454434.4066	NC_054852.1	1069201	8929	64	163	1000	1
DRR454434.2302	NC_054852.1	1069201	14911	0	277	1000	1
DRR454434.3070	NC_054852.1	1069201	8464	1936	107	1000	1
DRR454434.3621	NC_054852.1	1069201	11754	1936	162	1000	1
DRR454434.2479	NC_054852.1	1069201	17511	0	271	1000	1
DRR454434.4159	NC_054852.1	1069201	13395	1089	229	1000	1
DRR454434.455	NC_054852.1	1069201	17826	0	243	1000	1
DRR454434.2778	NC_054852.1	1069201	12979	0	214	1000	1
DRR454434.698	NC_054852.1	1069201	5410	256	167	1000	1
DRR454434.654	NC_054852.1	1069201	10452	0	259	1000	1
DRR454434.317	NC_054852.1	1069201	7147	0	244	1000	1
DRR454434.2738	NC_054852.1	1069201	7981	0	203	1000	1
DRR454434.2917	NC_054852.1	1069201	14464	0	221	1000	1
DRR454434.929	NC_054852.1	1069201	8814	0	201	1000	1
DRR454434.1137	NC_054852.1	1069201	21074	0	275	1000	1
DRR454434.3927	NC_054852.1	1069201	13058	0	231	1000	1
DRR454434.4726	NC_054852.1	1069201	14493	0	218	1000	1
DRR454434.3206	NC_054852.1	1069201	16925	0	213	1000	1
DRR454434.2556	NC_054852.1	1069201	3789	2116	184	1000	1
DRR454434.3067	NC_054852.1	1069201	14877	0	218	1000	1
DRR454434.4431	NC_054852.1	1069201	3774	2025	170	1000	1
DRR454434.2682	NC_054852.1	1069201	7114	324	169	1000	1
DRR454434.2912	NC_054852.1	1069201	6781	1681	211	1000	1
DRR454434.4433	NC_054852.1	1069201	9488	196	154	1000	1
DRR454434.1674	NC_054852.1	1069201	14579	0	226	1000	1
DRR454434.1811	NC_054852.1	1069201	13229	0	230	1000	1
DRR454434.35	NC_054852.1	1069201	5619	1225	205	1000	1
DRR454434.1931	NC_054852.1	1069201	7193	0	149	1000	1
DRR454434.3466	NC_054852.1	1069201	5150	1936	163	1000	1
DRR454434.2157	NC_054852.1	1069201	10829	0	255	1000	1
DRR454434.4962	NC_054852.1	1069201	7530	0	216	1000	1
DRR454434.314	NC_054852.1	1069201	14801	0	240	1000	1
DRR454434.3959	NC_054852.1	1069201	8229	169	244	1000	1
DRR454434.732	NC_054852.1	1069201	12678	324	224	1000	1
DRR454434.1468	NC_054852.1	1069201	6178	196	217	1000	1
DRR454434.3541	NC_054852.1	1069201	12438	0	225	1000	1
DRR454434.2967	NC_054852.1	1069201	17965	0	217	1000	1
DRR454434.3371	NC_054852.1	1069201	13437	0	239	1000	1
DRR454434.4063	NC_054852.1	1069201	13722	841	226	1000	1
DRR454434.3995	NC_054852.1	1069201	10001	0	171	1000	1
DRR454434.1421	NC_054852.1	1069201	16301	0	244	1000	1
DRR454434.1743	NC_054852.1	1069201	18149	0	213	1000	1
DRR454434.4575	NC_054852.1	1069201	4764	0	190	1000	1
DRR454434.4127	NC_054852.1	1069201	19522	0	257	1000	1
DRR454434.137	NC_054852.1	1069201	8785	144	188	1000	1
DRR454434.3794	NC_054852.1	1069201	4891	576	146	1000	1
DRR454434.1894	NC_054852.1	1069201	7954	1936	169	1000	1
DRR454434.3406	NC_054852.1	1069201	7848	0	216	1000	1
DRR454434.3162	NC_054852.1	1069201	18122	0	220	1000	1
DRR454434.1095	NC_054852.1	1069201	10086	0	211	1000	1
DRR454434.1232	NC_054852.1	1069201	4955	81	204	1000	1
DRR454434.2956	NC_054852.1	1069201	4138	0	184	1000	1
DRR454434.4159	NC_054852.1	1069201	13675	1369	233	1000	1
DRR454434.4085	NC_054852.1	1069201	17057	324	234	1000	1
DRR454434.3227	NC_054852.1	1069201	15285	1024	257	1000	1
DRR454434.694	NC_054852.1	1069201	8881	0	229	1000	1
DRR454434.857	NC_054852.1	1069201	8804	0	234	1000	1
DRR454434.2339	NC_054852.1	1069201	17896	0	214	1000	1
DRR454434.3095	NC_054852.1	1069201	4353	64	179	1000	1
DRR454434.2665	NC_054852.1	1069201	5605	1936	216	1000	1
DRR454434.3847	NC_054852.1	1069201	4071	1936	175	1000	1
DRR454434.3492	NC_054852.1	1069201	12901	0	269	1000	1
DRR454434.4655	NC_054852.1	1069201	13113	0	229	1000	1
DRR454434.3026	NC_054852.1	1069201	6786	121	239	1000	1
DRR454434.2600	NC_054852.1	1069201	7923	100	275	1000	1
DRR454434.1778	NC_054852.1	1069201	9490	2025	136	1000	1
DRR454434.3260	NC_054852.1	1069201	20113	0	229	1000	1
DRR454434.2287	NC_054852.1	1069201	9407	0	233	1000	1
DRR454434.97	NC_054852.1	1069201	8358	0	220	1000	1
DRR454434.2639	NC_054852.1	1069201	11773	64	206	1000	1
DRR454434.4909	NC_054852.1	1069201	7530	0	239	1000	1
DRR454434.2876	NC_054852.1	1069201	9905	0	214	1000	1
DRR454434.1561	NC_054852.1	1069201	12981	0	218	1000	1
DRR454434.294	NC_054852.1	1069201	7706	1764	224	1000	1
DRR454434.1679	NC_054852.1	1069201	6078	0	159	1000	1
DRR454434.3062	NC_054852.1	1069201	2422	196	154	1000	1
DRR454434.445	NC_054852.1	1069201	11644	0	250	1000	1
DRR454434.4086	NC_054852.1	1069201	3674	225	158	1000	1
DRR454434.1920	NC_054852.1	1069201	12254	0	225	1000	1
DRR454434.4748	NC_054852.1	1069201	18813	0	250	1000	1
DRR454434.3178	NC_054852.1	1069201	10198	0	199	1000	1
DRR454434.1819	NC_054852.1	1069201	11464	0	209	1000	1
DRR454434.3316	NC_054852.1	1069201	8546	0	185	1000	1
DRR454434.2659	NC_054852.1	1069201	10625	1444	204	1000	1
DRR454434.1852	NC_054852.1	1069201	11920	289	178	1000	1
DRR454434.1831	NC_054852.1	1069201	5503	169	220	1000	1
DRR454434.2258	NC_054852.1	1069201	10049	0	202	1000	1
DRR454434.3478	NC_054852.1	1069201	14549	900	173	1000	1
DRR454434.3695	NC_054852.1	1069201	17973	0	219	1000	1
DRR454434.2532	NC_054852.1	1069201	12765	0	214	1000	1
DRR454434.3500	NC_054852.1	1069201	13014	0	268	1000	1
DRR454434.3019	NC_054852.1	1069201	11189	0	168	1000	1
DRR454434.4761	NC_054852.1	1069201	11370	0	248	1000	1
DRR454434.13	NC_054852.1	1069201	12519	0	253	1000	1
DRR454434.817	NC_054852.1	1069201	6754	0	200	1000	1
DRR454434.3064	NC_054852.1	1069201	6686	445	153	1000	1
DRR454434.3415	NC_054852.1	1069201	10683	0	233	1000	1
DRR454434.1207	NC_054852.1	1069201	18794	0	241	1000	1
DRR454434.2022	NC_054852.1	1069201	11523	0	204	1000	1
DRR454434.2397	NC_054852.1	1069201	11965	256	233	1000	1
DRR454434.961	NC_054852.1	1069201	19922	0	255	1000	1
DRR454434.697	NC_054852.1	1069201	13028	0	252	1000	1
DRR454434.2047	NC_054852.1	1069201	9586	729	185	1000	1
DRR454434.919	NC_054852.1	1069201	4418	1764	124	1000	1
DRR454434.3350	NC_054852.1	1069201	15706	576	164	1000	1
DRR454434.2618	NC_054852.1	1069201	14815	0	289	1000	1
DRR454434.4189	NC_054852.1	1069201	8823	1024	241	1000	1
DRR454434.6	NC_054852.1	1069201	16482	1369	276	1000	1
DRR454434.2668	NC_054852.1	1069201	8603	576	201	1000	1
DRR454434.2648	NC_054852.1	1069201	12776	625	166	1000	1
DRR454434.435	NC_054852.1	1069201	14365	0	199	1000	1
DRR454434.2153	NC_054852.1	1069201	6754	784	169	1000	1
DRR454434.1939	NC_054852.1	1069201	19430	0	261	1000	1
DRR454434.1799	NC_054852.1	1069201	15786	0	235	1000	1
DRR454434.4343	NC_054852.1	1069201	9953	100	225	1000	1
DRR454434.4235	NC_054852.1	1069201	7098	0	218	1000	1
DRR454434.3076	NC_054852.1	1069201	14906	0	194	1000	1
DRR454434.2536	NC_054852.1	1069201	8770	1369	134	1000	1
DRR454434.891	NC_054852.1	1069201	3844	1600	191	1000	1
DRR454434.1771	NC_054852.1	1069201	6974	900	171	1000	1
DRR454434.3048	NC_054852.1	1069201	10435	169	221	1000	1
DRR454434.4961	NC_054852.1	1069201	5033	289	200	1000	1
DRR454434.3905	NC_054852.1	1069201	14786	2500	264	1000	1
DRR454434.215	NC_054852.1	1069201	11965	1936	163	1000	1
DRR454434.4535	NC_054852.1	1069201	9971	121	239	1000	1
DRR454434.2516	NC_054852.1	1069201	2932	2401	127	1000	1
DRR454434.85	NC_054852.1	1069201	10285	0	173	1000	1
DRR454434.1557	NC_054852.1	1069201	7297	1764	193	1000	1
DRR454434.546	NC_054852.1	1069201	8018	0	239	1000	1
DRR454434.3097	NC_054852.1	1069201	9747	64	266	1000	1
DRR454434.697	NC_054852.1	1069201	13028	0	252	1000	1
DRR454434.2312	NC_054852.1	1069201	4898	0	145	1000	1
DRR454434.4558	NC_054852.1	1069201	13289	961	153	1000	1
DRR454434.431	NC_054852.1	1069201	10164	1156	187	1000	1
DRR454434.3706	NC_054852.1	1069201	15746	1936	166	1000	1
DRR454434.1535	NC_054852.1	1069201	15912	361	198	1000	1
DRR454434.4205	NC_054852.1	1069201	5910	0	157	1000	1
DRR454434.2149	NC_054852.1	1069201	5047	290	204	1000	1
DRR454434.3516	NC_054852.1	1069201	6271	370	247	1000	1
DRR454434.1640	NC_054852.1	1069201	18341	0	219	1000	1
DRR454434.734	NC_054852.1	1069201	5366	1444	167	1000	1
DRR454434.1349	NC_054852.1	1069201	10969	0	212	1000	1
DRR454434.4756	NC_054852.1	1069201	17829	0	240	1000	1
DRR454434.3250	NC_054852.1	1069201	8562	1764	222	1000	1
DRR454434.1003	NC_054852.1	1069201	22110	0	277	1000	1
DRR454434.1122	NC_054852.1	1069201	9435	121	227	1000	1
DRR454434.3972	NC_054852.1	1069201	15235	441	238	1000	1
DRR454434.1138	NC_054852.1	1069201	16675	0	236	1000	1
DRR454434.4553	NC_054852.1	1069201	13418	0	215	1000	1
DRR454434.2266	NC_054852.1	1069201	10376	0	174	1000	1
DRR454434.2779	NC_054852.1	1069201	12866	1681	197	1000	1
DRR454434.4062	NC_054852.1	1069201	6323	144	201	1000	1
DRR454434.3733	NC_054852.1	1069201	11282	0	180	1000	1
DRR454434.4230	NC_054852.1	1069201	8813	1936	156	1000	1
DRR454434.3422	NC_054852.1	1069201	1981	1089	168	1000	1
DRR454434.4472	NC_054852.1	1069201	3774	1936	131	1000	1
DRR454434.1427	NC_054852.1	1069201	18401	0	260	1000	1
DRR454434.1243	NC_054852.1	1069201	13403	0	249	1000	1
DRR454434.813	NC_054852.1	1069201	6274	225	206	1000	1
DRR454434.4054	NC_054852.1	1069201	7197	121	197	1000	1
DRR454434.4604	NC_054852.1	1069201	20282	0	257	1000	1
DRR454434.4953	NC_054852.1	1069201	13817	0	220	1000	1
DRR454434.664	NC_054852.1	1069201	5667	729	230	1000	1
DRR454434.339	NC_054852.1	1069201	10670	0	244	1000	1
DRR454434.127	NC_054852.1	1069201	11539	0	220	1000	1
DRR454434.1347	NC_054852.1	1069201	6294	2916	159	1000	1
DRR454434.3284	NC_054852.1	1069201	16695	0	273	1000	1
DRR454434.2697	NC_054852.1	1069201	18090	144	274	1000	1
DRR454434.2957	NC_054852.1	1069201	9448	0	205	1000	1
DRR454434.4554	NC_054852.1	1069201	10099	1225	188	1000	1
DRR454434.2799	NC_054852.1	1069201	14625	0	201	1000	1
DRR454434.2866	NC_054852.1	1069201	12805	2401	181	1000	1
DRR454434.1645	NC_054852.1	1069201	11026	0	164	1000	1
DRR454434.1617	NC_054852.1	1069201	15064	0	229	1000	1
DRR454434.135	NC_054852.1	1069201	13385	1521	171	1000	1
DRR454434.4398	NC_054852.1	1069201	14850	0	213	1000	1
DRR454434.3970	NC_054852.1	1069201	10946	0	201	1000	1
DRR454434.4091	NC_054852.1	1069201	8868	0	226	1000	1
DRR454434.468	NC_012860.1	573826	692	0	87	1000	1
DRR454434.990	NC_054852.1	1069201	11193	64	227	1000	1
DRR454434.3805	NC_054852.1	1069201	7026	729	200	1000	1
DRR454434.1916	NC_054852.1	1069201	6875	1585	199	1000	1
DRR454434.1899	NC_054852.1	1069201	13699	289	206	1000	1
DRR454434.840	NC_054852.1	1069201	15891	0	259	1000	1
DRR454434.4194	NC_054852.1	1069201	5970	1936	159	1000	1
DRR454434.2222	NC_054852.1	1069201	6955	121	230	1000	1
DRR454434.3891	NC_054852.1	1069201	16474	0	202	1000	1
DRR454434.4800	NC_054852.1	1069201	7611	0	209	1000	1
DRR454434.3024	NC_054852.1	1069201	7549	1444	133	1000	1
DRR454434.34	NC_054852.1	1069201	11738	0	201	1000	1
DRR454434.3958	NC_054852.1	1069201	4469	0	183	1000	1
DRR454434.2176	NC_054852.1	1069201	14473	0	191	1000	1
DRR454434.4820	NC_054852.1	1069201	9833	0	184	1000	1
DRR454434.2368	NC_054852.1	1069201	15802	0	200	1000	1
DRR454434.4484	NC_054852.1	1069201	10310	0	183	1000	1
DRR454434.3545	NC_054852.1	1069201	5210	0	198	1000	1
DRR454434.6	NC_054852.1	1069201	16634	1521	278	1000	1
DRR454434.677	NC_054852.1	1069201	7334	0	193	1000	1
DRR454434.1022	NC_054852.1	1069201	4292	0	174	1000	1
DRR454434.1868	NC_054852.1	1069201	12818	0	190	1000	1
DRR454434.593	NC_054852.1	1069201	13345	2500	218	1000	1
DRR454434.444	NC_054852.1	1069201	13859	0	236	1000	1
DRR454434.2613	NC_054852.1	1069201	13531	1296	184	1000	1
DRR454434.1043	NC_054852.1	1069201	8845	289	161	1000	1
DRR454434.3247	NC_054852.1	1069201	21258	0	234	1000	1
DRR454434.2626	NC_054852.1	1069201	8879	2025	233	1000	1
DRR454434.2515	NC_054852.1	1069201	6685	0	209	1000	1
DRR454434.3768	NC_054852.1	1069201	7702	0	251	1000	1
DRR454434.4602	NC_054852.1	1069201	12240	0	209	1000	1
DRR454434.932	NC_054852.1	1069201	7554	306	190	1000	1
DRR454434.516	NC_054852.1	1069201	14612	529	207	1000	1
DRR454434.819	NC_054852.1	1069201	7846	81	216	1000	1
DRR454434.4743	NC_054852.1	1069201	6746	1936	145	1000	1
DRR454434.3563	NC_054852.1	1069201	7345	0	211	1000	1
DRR454434.645	NC_054852.1	1069201	13649	0	222	1000	1
DRR454434.909	NC_054852.1	1069201	15267	1681	273	1000	1
DRR454434.26	NC_054852.1	1069201	6491	2209	205	1000	1
DRR454434.3492	NC_054852.1	1069201	12901	0	269	1000	1
DRR454434.586	NC_054852.1	1069201	13494	121	250	1000	1
DRR454434.269	NC_054852.1	1069201	5397	0	160	1000	1
DRR454434.3970	NC_054852.1	1069201	10946	0	201	1000	1
DRR454434.1687	NC_054852.1	1069201	12668	0	258	1000	1
DRR454434.4612	NC_054852.1	1069201	12884	900	168	1000	1
DRR454434.2779	NC_054852.1	1069201	12866	1681	197	1000	1
DRR454434.3221	NC_054852.1	1069201	13109	0	183	1000	1
DRR454434.525	NC_054852.1	1069201	10676	529	195	1000	1
DRR454434.2879	NC_054852.1	1069201	9593	0	165	1000	1
DRR454434.3283	NC_054852.1	1069201	18014	0	259	1000	1
DRR454434.4554	NC_054852.1	1069201	10099	1225	188	1000	1
DRR454434.925	NC_054852.1	1069201	16106	256	239	1000	1
DRR454434.4840	NC_054852.1	1069201	16371	0	228	1000	1
DRR454434.1858	NC_054852.1	1069201	5629	1936	127	1000	1
DRR454434.3758	NC_054852.1	1069201	13130	0	192	1000	1
DRR454434.3605	NC_054852.1	1069201	20285	0	256	1000	1
DRR454434.317	NC_054852.1	1069201	7147	0	244	1000	1
DRR454434.4309	NC_054852.1	1069201	4814	121	151	1000	1
DRR454434.496	NC_054852.1	1069201	11016	1681	169	1000	1
DRR454434.1356	NC_054852.1	1069201	3725	0	142	1000	1
DRR454434.4227	NC_054852.1	1069201	5400	225	221	1000	1
DRR454434.1755	NC_054852.1	1069201	20794	0	232	1000	1
DRR454434.4151	NC_054852.1	1069201	17059	0	238	1000	1
DRR454434.2899	NC_054852.1	1069201	4834	2116	145	1000	1
DRR454434.482	NC_054852.1	1069201	13829	0	234	1000	1
DRR454434.2866	NC_054852.1	1069201	12805	2401	181	1000	1
DRR454434.3652	NC_054852.1	1069201	16942	0	253	1000	1
DRR454434.267	NC_054852.1	1069201	7921	1936	104	1000	1
DRR454434.889	NC_054852.1	1069201	13086	0	217	1000	1
DRR454434.4001	NC_054852.1	1069201	15371	1521	224	1000	1
DRR454434.2186	NC_054852.1	1069201	13595	0	255	1000	1
DRR454434.692	NC_054852.1	1069201	2943	441	163	1000	1
DRR454434.1960	NC_054852.1	1069201	3332	1936	100	1000	1
DRR454434.474	NC_054852.1	1069201	4325	0	150	1000	1
DRR454434.3631	NC_054852.1	1069201	9741	0	272	1000	1
DRR454434.4730	NC_054852.1	1069201	5327	1681	203	1000	1
DRR454434.1562	NC_054852.1	1069201	2750	676	135	1000	1
DRR454434.73	NC_054852.1	1069201	3667	1225	142	1000	1
DRR454434.734	NC_054852.1	1069201	5299	484	166	1000	1
DRR454434.1622	NC_054852.1	1069201	15733	0	205	1000	1
DRR454434.1310	NC_054852.1	1069201	13850	0	196	1000	1
DRR454434.1770	NC_054852.1	1069201	11686	0	221	1000	1
DRR454434.3276	NC_054852.1	1069201	9246	100	179	1000	1
DRR454434.545	NC_054852.1	1069201	20177	0	258	1000	1
DRR454434.3336	NC_054852.1	1069201	7331	441	174	1000	1
DRR454434.705	NC_054852.1	1069201	9547	0	221	1000	1
DRR454434.4904	NC_054852.1	1069201	20901	0	274	1000	1
DRR454434.1111	NC_054852.1	1069201	5286	81	188	1000	1
DRR454434.3581	NC_054852.1	1069201	12806	0	217	1000	1
DRR454434.2587	NC_054852.1	1069201	12330	0	186	1000	1
DRR454434.364	NC_054852.1	1069201	9259	0	190	1000	1
DRR454434.2493	NC_054852.1	1069201	9426	0	199	1000	1
DRR454434.2597	NC_054852.1	1069201	13550	676	238	1000	1
DRR454434.815	NC_054852.1	1069201	13458	484	268	1000	1
DRR454434.2112	NC_054852.1	1069201	6244	0	233	1000	1
DRR454434.3051	NC_054852.1	1069201	21866	0	277	1000	1
DRR454434.4914	NC_054852.1	1069201	7390	1681	194	1000	1
DRR454434.3474	NC_054852.1	1069201	10856	900	236	1000	1
DRR454434.1383	NC_054852.1	1069201	4942	0	184	1000	1
DRR454434.679	NC_054852.1	1069201	16434	0	256	1000	1
DRR454434.2324	NC_054852.1	1069201	3532	1600	166	1000	1
DRR454434.798	NC_054852.1	1069201	13146	0	274	1000	1
DRR454434.3067	NC_054852.1	1069201	14877	0	218	1000	1
DRR454434.4401	NC_054852.1	1069201	19243	0	254	1000	1
DRR454434.2843	NC_054852.1	1069201	12787	0	226	1000	1
DRR454434.1810	NC_054852.1	1069201	12129	0	220	1000	1
DRR454434.286	NC_054852.1	1069201	4000	64	226	1000	1
DRR454434.699	NC_054852.1	1069201	6017	1681	205	1000	1
DRR454434.4644	NC_054852.1	1069201	5631	0	214	1000	1
DRR454434.1519	NC_054852.1	1069201	9030	0	232	1000	1
DRR454434.2906	NC_054852.1	1069201	3379	729	142	1000	1
DRR454434.2059	NC_054852.1	1069201	3527	289	167	1000	1
DRR454434.3003	NC_054852.1	1069201	11617	225	188	1000	1
DRR454434.2789	NC_054852.1	1069201	19233	0	225	1000	1
DRR454434.4622	NC_054852.1	1069201	5690	1936	176	1000	1
DRR454434.186	NC_054852.1	1069201	8880	0	224	1000	1
DRR454434.723	NC_054852.1	1069201	12026	0	215	1000	1
DRR454434.1549	NC_054852.1	1069201	14301	0	190	1000	1
DRR454434.4460	NC_054852.1	1069201	11950	0	221	1000	1
DRR454434.3934	NC_054852.1	1069201	16169	0	254	1000	1
DRR454434.1860	NC_054852.1	1069201	15694	169	274	1000	1
DRR454434.1489	NC_054852.1	1069201	7225	1444	100	1000	1
DRR454434.388	NC_054852.1	1069201	16319	900	237	1000	1
DRR454434.4986	NC_054852.1	1069201	15694	1936	211	1000	1
DRR454434.345	NC_054852.1	1069201	10227	0	243	1000	1
DRR454434.2453	NC_054852.1	1069201	9477	400	233	1000	1
DRR454434.2751	NC_054852.1	1069201	8957	196	190	1000	1
DRR454434.1330	NC_054852.1	1069201	11023	0	241	1000	1
DRR454434.4288	NC_054852.1	1069201	2651	324	120	1000	1
DRR454434.3278	NC_054852.1	1069201	11780	0	244	1000	1
DRR454434.3994	NC_054852.1	1069201	7710	0	200	1000	1
DRR454434.3933	NC_054852.1	1069201	12930	0	275	1000	1
DRR454434.4563	NC_054852.1	1069201	12962	0	213	1000	1
DRR454434.680	NC_054852.1	1069201	2938	2500	106	1000	1
DRR454434.2910	NC_054852.1	1069201	9243	1024	176	1000	1
DRR454434.1475	NC_054852.1	1069201	4994	0	201	1000	1
DRR454434.1403	NC_054852.1	1069201	1569	1521	133	1000	1
DRR454434.2377	NC_054852.1	1069201	6318	2597	169	1000	1
DRR454434.3157	NC_054852.1	1069201	7062	0	212	1000	1
DRR454434.2769	NC_054852.1	1069201	9781	324	184	1000	1
DRR454434.1660	NC_054852.1	1069201	12615	0	263	1000	1
DRR454434.3081	NC_054852.1	1069201	6810	2593	200	1000	1
DRR454434.4223	NC_054852.1	1069201	9090	1024	156	1000	1
DRR454434.4320	NC_054852.1	1069201	2874	1024	137	1000	1
DRR454434.485	NC_054852.1	1069201	8787	81	200	1000	1
DRR454434.833	NC_054852.1	1069201	16033	0	209	1000	1
DRR454434.566	NC_054852.1	1069201	14185	0	187	1000	1
DRR454434.1403	NC_054852.1	1069201	1569	1521	133	1000	1
DRR454434.610	NC_054852.1	1069201	8882	0	222	1000	1
DRR454434.3884	NC_054852.1	1069201	14232	0	260	1000	1
DRR454434.3218	NC_054852.1	1069201	9606	121	218	1000	1
DRR454434.2850	NC_054852.1	1069201	14021	0	220	1000	1
DRR454434.3114	NC_054852.1	1069201	13945	0	232	1000	1
DRR454434.1218	NC_054852.1	1069201	15359	324	227	1000	1
DRR454434.3443	NC_054852.1	1069201	9421	0	208	1000	1
DRR454434.546	NC_054852.1	1069201	8018	0	239	1000	1
DRR454434.2927	NC_012860.1	573826	424	0	58	1000	1
DRR454434.2702	NC_054852.1	1069201	13675	0	275	1000	1
DRR454434.3583	NC_054852.1	1069201	14130	0	198	1000	1
DRR454434.207	NC_054852.1	1069201	13298	256	180	1000	1
DRR454434.4242	NC_054852.1	1069201	3083	1936	140	1000	1
DRR454434.2925	NC_054852.1	1069201	11451	0	294	1000	1
DRR454434.3247	NC_054852.1	1069201	21258	0	234	1000	1
DRR454434.3180	NC_054852.1	1069201	2622	1936	133	1000	1
DRR454434.1167	NC_054852.1	1069201	4728	0	161	1000	1
DRR454434.2164	NC_054852.1	1069201	2554	1936	127	1000	1
DRR454434.256	NC_054852.1	1069201	17206	64	266	1000	1
DRR454434.1861	NC_054852.1	1069201	11399	0	249	1000	1
DRR454434.96	NC_054852.1	1069201	6734	289	243	1000	1
DRR454434.1333	NC_054852.1	1069201	1539	576	110	1000	1
DRR454434.127	NC_054852.1	1069201	11539	0	220	1000	1
DRR454434.1880	NC_054852.1	1069201	9345	0	209	1000	1
DRR454434.30	NC_054852.1	1069201	2414	841	119	1000	1
DRR454434.894	NC_054852.1	1069201	15194	0	219	1000	1
DRR454434.2711	NC_054852.1	1069201	5554	324	118	1000	1
DRR454434.3892	NC_054852.1	1069201	10897	0	245	1000	1
DRR454434.2361	NC_054852.1	1069201	8703	0	203	1000	1
DRR454434.4277	NC_054852.1	1069201	15509	225	202	1000	1
DRR454434.165	NC_054852.1	1069201	21032	0	273	1000	1
DRR454434.4015	NC_054852.1	1069201	11205	196	216	1000	1
DRR454434.1643	NC_054852.1	1069201	14746	0	227	1000	1
DRR454434.2626	NC_054852.1	1069201	8879	2025	233	1000	1
DRR454434.737	NC_054852.1	1069201	7880	1936	138	1000	1
DRR454434.994	NC_054852.1	1069201	7399	1521	248	1000	1
DRR454434.3736	NC_054852.1	1069201	8800	529	261	1000	1
DRR454434.1807	NC_054852.1	1069201	13929	0	234	1000	1
DRR454434.2454	NC_054852.1	1069201	4129	1936	152	1000	1
DRR454434.1690	NC_054852.1	1069201	6655	729	191	1000	1
DRR454434.4398	NC_054852.1	1069201	14850	0	213	1000	1
DRR454434.2955	NC_054852.1	1069201	12321	1089	171	1000	1
DRR454434.446	NC_054852.1	1069201	12676	1296	199	1000	1
DRR454434.3621	NC_054852.1	1069201	11754	1936	162	1000	1
DRR454434.1309	NC_054852.1	1069201	21299	0	276	1000	1
DRR454434.2729	NC_012860.1	573826	4005	0	142	1000	1
DRR454434.2201	NC_054852.1	1069201	5357	2116	206	1000	1
DRR454434.2556	NC_054852.1	1069201	8450	196	243	1000	1
DRR454434.1040	NC_054852.1	1069201	9885	225	194	1000	1
DRR454434.4306	NC_054852.1	1069201	5538	0	202	1000	1
DRR454434.4451	NC_054852.1	1069201	8065	841	131	1000	1
DRR454434.1704	NC_054852.1	1069201	7570	144	208	1000	1
DRR454434.3598	NC_054852.1	1069201	8905	0	163	1000	1
DRR454434.4342	NC_054852.1	1069201	3357	0	132	1000	1
DRR454434.2677	NC_054852.1	1069201	10310	0	197	1000	1
DRR454434.2290	NC_054852.1	1069201	6926	289	264	1000	1
DRR454434.2953	NC_054852.1	1069201	18385	0	221	1000	1
DRR454434.726	NC_054852.1	1069201	5964	1681	210	1000	1
DRR454434.2625	NC_054852.1	1069201	11075	0	256	1000	1
DRR454434.2385	NC_054852.1	1069201	15188	0	219	1000	1
DRR454434.274	NC_054852.1	1069201	12782	0	238	1000	1
DRR454434.944	NC_054852.1	1069201	6625	100	226	1000	1
DRR454434.3021	NC_054852.1	1069201	14004	0	192	1000	1
DRR454434.4344	NC_054852.1	1069201	16369	0	203	1000	1
DRR454434.159	NC_054852.1	1069201	5138	1936	165	1000	1
DRR454434.1165	NC_054852.1	1069201	13246	521	255	1000	1
DRR454434.3671	NC_054852.1	1069201	13085	0	234	1000	1
DRR454434.3320	NC_054852.1	1069201	15314	0	233	1000	1
DRR454434.4727	NC_054852.1	1069201	8202	1444	212	1000	1
DRR454434.2697	NC_054852.1	1069201	18090	144	274	1000	1
DRR454434.4445	NC_054852.1	1069201	17545	0	279	1000	1
DRR454434.2589	NC_054852.1	1069201	4222	0	184	1000	1
DRR454434.2967	NC_054852.1	1069201	17965	0	217	1000	1
DRR454434.2404	NC_054852.1	1069201	9738	0	255	1000	1
DRR454434.4022	NC_054852.1	1069201	5143	770	208	1000	1
DRR454434.4634	NC_054852.1	1069201	6830	1024	159	1000	1
DRR454434.4079	NC_054852.1	1069201	6732	208	218	1000	1
DRR454434.988	NC_054852.1	1069201	7076	0	144	1000	1
DRR454434.883	NC_054852.1	1069201	10746	0	244	1000	1
DRR454434.3164	NC_054852.1	1069201	6525	0	184	1000	1
DRR454434.3918	NC_054852.1	1069201	9501	64	221	1000	1
DRR454434.442	NC_054852.1	1069201	4579	361	204	1000	1
DRR454434.4197	NC_054852.1	1069201	4379	676	136	1000	1
DRR454434.2177	NC_054852.1	1069201	16322	0	241	1000	1
DRR454434.2725	NC_054852.1	1069201	3620	1936	201	1000	1
DRR454434.3929	NC_054852.1	1069201	10899	169	190	1000	1
DRR454434.4467	NC_054852.1	1069201	6223	1225	205	1000	1
DRR454434.881	NC_054852.1	1069201	5144	900	200	1000	1
DRR454434.4917	NC_054852.1	1069201	12117	1936	243	1000	1
DRR454434.2483	NC_054852.1	1069201	7642	0	152	1000	1
DRR454434.172	NC_054852.1	1069201	9476	0	195	1000	1
DRR454434.3489	NC_054852.1	1069201	5585	0	166	1000	1
DRR454434.193	NC_054690.1	5007	1936	1350	59	1000	1
DRR454434.1271	NC_054852.1	1069201	10346	64	261	1000	1
DRR454434.452	NC_054852.1	1069201	20366	0	253	1000	1
DRR454434.131	NC_054852.1	1069201	8874	0	200	1000	1
DRR454434.3685	NC_054852.1	1069201	11981	1936	149	1000	1
DRR454434.1668	NC_054852.1	1069201	6570	0	144	1000	1
DRR454434.3977	NC_054852.1	1069201	11876	0	184	1000	1
DRR454434.2345	NC_054852.1	1069201	13062	1681	195	1000	1
DRR454434.2088	NC_054852.1	1069201	9615	361	221	1000	1
DRR454434.4125	NC_054852.1	1069201	8758	0	175	1000	1
DRR454434.4075	NC_054852.1	1069201	6823	196	244	1000	1
DRR454434.4147	NC_054852.1	1069201	6084	0	188	1000	1
DRR454434.4045	NC_054852.1	1069201	11214	0	260	1000	1
DRR454434.80	NC_054852.1	1069201	12146	0	177	1000	1
DRR454434.2919	NC_054852.1	1069201	5694	1521	223	1000	1
DRR454434.627	NC_054852.1	1069201	11990	0	219	1000	1
DRR454434.3554	NC_054852.1	1069201	13206	0	199	1000	1
DRR454434.3111	NC_054852.1	1069201	6947	625	158	1000	1
DRR454434.2637	NC_054852.1	1069201	10630	0	244	1000	1
DRR454434.85	NC_054852.1	1069201	10285	0	173	1000	1
DRR454434.4429	NC_054852.1	1069201	2765	1936	114	1000	1
DRR454434.2445	NC_054852.1	1069201	11521	1521	169	1000	1
DRR454434.3157	NC_054852.1	1069201	7062	0	212	1000	1
DRR454434.517	NC_054852.1	1069201	11586	0	254	1000	1
DRR454434.4217	NC_054852.1	1069201	13126	0	215	1000	1
DRR454434.4588	NC_054852.1	1069201	13794	0	223	1000	1
DRR454434.1472	NC_054852.1	1069201	8500	1936	140	1000	1
DRR454434.3677	NC_054852.1	1069201	8633	1849	135	1000	1
DRR454434.4557	NC_054852.1	1069201	14285	0	199	1000	1
DRR454434.1496	NC_054852.1	1069201	10658	0	195	1000	1
DRR454434.3264	NC_054852.1	1069201	6596	1296	124	1000	1
DRR454434.2199	NC_054852.1	1069201	12274	0	209	1000	1
DRR454434.4212	NC_054852.1	1069201	5709	625	174	1000	1
DRR454434.3465	NC_054852.1	1069201	8149	0	157	1000	1
DRR454434.558	NC_054852.1	1069201	13601	0	243	1000	1
DRR454434.847	NC_054852.1	1069201	8340	0	179	1000	1
DRR454434.2613	NC_054852.1	1069201	17050	0	235	1000	1
DRR454434.2547	NC_054852.1	1069201	8494	1717	235	1000	1
DRR454434.1859	NC_054852.1	1069201	9559	529	230	1000	1
DRR454434.807	NC_054852.1	1069201	16046	0	237	1000	1
DRR454434.956	NC_054852.1	1069201	14158	196	229	1000	1
DRR454434.3725	NC_054852.1	1069201	6949	0	178	1000	1
DRR454434.1386	NC_054852.1	1069201	9506	576	165	1000	1
DRR454434.2307	NC_054852.1	1069201	14790	0	239	1000	1
DRR454434.1662	NC_054852.1	1069201	15762	0	247	1000	1
DRR454434.3444	NC_054852.1	1069201	13078	0	235	1000	1
DRR454434.4943	NC_054852.1	1069201	8901	441	227	1000	1
DRR454434.238	NC_054852.1	1069201	6529	1024	181	1000	1
DRR454434.4899	NC_054852.1	1069201	13348	900	211	1000	1
DRR454434.1157	NC_054852.1	1069201	15370	0	202	1000	1
DRR454434.658	NC_054852.1	1069201	9970	1936	142	1000	1
DRR454434.3703	NC_054852.1	1069201	9396	256	195	1000	1
DRR454434.3808	NC_054852.1	1069201	10598	0	232	1000	1
DRR454434.2460	NC_054852.1	1069201	11705	0	153	1000	1
DRR454434.2835	NC_054852.1	1069201	16323	144	244	1000	1
DRR454434.274	NC_054852.1	1069201	12907	0	239	1000	1
DRR454434.4728	NC_054852.1	1069201	6564	1764	210	1000	1
DRR454434.2797	NC_054852.1	1069201	9482	2005	249	1000	1
DRR454434.2225	NC_054852.1	1069201	5884	277	207	1000	1
DRR454434.3540	NC_054852.1	1069201	11230	0	244	1000	1
DRR454434.165	NC_054852.1	1069201	20797	0	272	1000	1
DRR454434.1173	NC_054852.1	1069201	12159	0	253	1000	1
DRR454434.1518	NC_054852.1	1069201	6025	1024	232	1000	1
DRR454434.4792	NC_054852.1	1069201	8513	0	184	1000	1
DRR454434.1208	NC_054852.1	1069201	14115	0	238	1000	1
DRR454434.1758	NC_054852.1	1069201	13163	0	234	1000	1
DRR454434.466	NC_054852.1	1069201	8310	100	183	1000	1
DRR454434.759	NC_054852.1	1069201	3592	529	110	1000	1
DRR454434.2859	NC_054852.1	1069201	4984	841	157	1000	1
DRR454434.2831	NC_054852.1	1069201	11514	0	213	1000	1
DRR454434.1684	NC_054852.1	1069201	5704	0	173	1000	1
DRR454434.2937	NC_054852.1	1069201	6962	576	183	1000	1
DRR454434.1664	NC_054852.1	1069201	10970	0	209	1000	1
DRR454434.3169	NC_054852.1	1069201	14426	121	225	1000	1
DRR454434.278	NC_054852.1	1069201	7350	441	200	1000	1
DRR454434.4166	NC_054852.1	1069201	15951	0	267	1000	1
DRR454434.1946	NC_054852.1	1069201	19441	0	221	1000	1
DRR454434.2192	NC_054852.1	1069201	12145	0	253	1000	1
DRR454434.340	NC_054852.1	1069201	14325	0	259	1000	1
DRR454434.1892	NC_054852.1	1069201	10797	0	198	1000	1
DRR454434.4994	NC_054852.1	1069201	2582	0	125	1000	1
DRR454434.836	NC_054852.1	1069201	20338	0	271	1000	1
DRR454434.4249	NC_054852.1	1069201	13574	0	229	1000	1
DRR454434.1268	NC_054852.1	1069201	11838	0	246	1000	1
DRR454434.4868	NC_054852.1	1069201	5675	1369	177	1000	1
DRR454434.3769	NC_054852.1	1069201	16987	0	263	1000	1
DRR454434.2867	NC_054852.1	1069201	17811	0	262	1000	1
DRR454434.3489	NC_054852.1	1069201	5585	0	166	1000	1
DRR454434.218	NC_054852.1	1069201	3901	1936	146	1000	1
DRR454434.2548	NC_054852.1	1069201	9723	729	223	1000	1
DRR454434.3980	NC_054852.1	1069201	4045	1369	163	1000	1
DRR454434.154	NC_054852.1	1069201	9964	0	230	1000	1
DRR454434.4570	NC_054852.1	1069201	10582	0	203	1000	1
DRR454434.4060	NC_054852.1	1069201	20789	0	270	1000	1
DRR454434.390	NC_054852.1	1069201	9462	121	216	1000	1
DRR454434.2341	NC_054852.1	1069201	7249	900	227	1000	1
DRR454434.2299	NC_054852.1	1069201	11249	0	206	1000	1
DRR454434.3714	NC_054852.1	1069201	13320	0	186	1000	1
DRR454434.1503	NC_054852.1	1069201	13588	0	256	1000	1
DRR454434.3071	NC_054852.1	1069201	8546	0	220	1000	1
DRR454434.3118	NC_054852.1	1069201	8425	169	155	1000	1
DRR454434.1206	NC_054852.1	1069201	11986	484	166	1000	1
DRR454434.4500	NC_054852.1	1069201	9438	1521	181	1000	1
DRR454434.4325	NC_054852.1	1069201	9581	0	231	1000	1
DRR454434.1021	NC_054852.1	1069201	10609	2601	118	1000	1
DRR454434.3	NC_054852.1	1069201	11879	0	259	1000	1
DRR454434.1785	NC_054852.1	1069201	4475	0	231	1000	1
DRR454434.4512	NC_054852.1	1069201	17609	0	246	1000	1
DRR454434.135	NC_054852.1	1069201	13385	1521	171	1000	1
DRR454434.4872	NC_054852.1	1069201	17154	0	235	1000	1
DRR454434.1542	NC_054852.1	1069201	9337	0	233	1000	1
DRR454434.3354	NC_054852.1	1069201	14091	100	234	1000	1
DRR454434.2610	NC_054852.1	1069201	10430	324	201	1000	1
DRR454434.4654	NC_054852.1	1069201	7158	529	220	1000	1
DRR454434.4610	NC_054852.1	1069201	8214	1936	171	1000	1
DRR454434.2023	NC_054852.1	1069201	13565	225	189	1000	1
DRR454434.2702	NC_054852.1	1069201	13748	0	276	1000	1
DRR454434.4858	NC_054852.1	1069201	9374	0	193	1000	1
DRR454434.1510	NC_054852.1	1069201	4140	529	176	1000	1
DRR454434.3361	NC_054852.1	1069201	18041	0	219	1000	1
DRR454434.1119	NC_054852.1	1069201	9625	1225	182	1000	1
DRR454434.769	NC_054852.1	1069201	16580	0	212	1000	1
DRR454434.3541	NC_054852.1	1069201	12438	0	225	1000	1
DRR454434.2656	NC_054852.1	1069201	15172	0	200	1000	1
DRR454434.4429	NC_054852.1	1069201	2765	1936	114	1000	1
DRR454434.965	NC_054852.1	1069201	16538	0	255	1000	1
DRR454434.4444	NC_054852.1	1069201	7225	2116	100	1000	1
DRR454434.2718	NC_054852.1	1069201	10134	289	210	1000	1
DRR454434.4328	NC_054852.1	1069201	13842	0	225	1000	1
DRR454434.1995	NC_054852.1	1069201	9894	0	209	1000	1
DRR454434.623	NC_054852.1	1069201	6203	361	176	1000	1
DRR454434.2137	NC_054852.1	1069201	14582	0	231	1000	1
DRR454434.3525	NC_054852.1	1069201	15669	0	207	1000	1
DRR454434.2620	NC_054852.1	1069201	18805	0	223	1000	1
DRR454434.2654	NC_054852.1	1069201	10213	353	223	1000	1
DRR454434.1885	NC_054852.1	1069201	7060	400	206	1000	1
DRR454434.2959	NC_054852.1	1069201	6538	1156	235	1000	1
DRR454434.3060	NC_054852.1	1069201	3915	576	142	1000	1
DRR454434.4785	NC_054852.1	1069201	7612	0	230	1000	1
DRR454434.3591	NC_054852.1	1069201	8037	729	213	1000	1
DRR454434.1303	NC_054852.1	1069201	6201	225	166	1000	1
DRR454434.3876	NC_054852.1	1069201	9155	0	207	1000	1
DRR454434.1244	NC_054852.1	1069201	7324	1089	202	1000	1
DRR454434.2072	NC_054852.1	1069201	14026	0	240	1000	1
DRR454434.1972	NC_054852.1	1069201	14122	0	241	1000	1
DRR454434.2095	NC_054852.1	1069201	4980	256	139	1000	1
DRR454434.287	NC_054852.1	1069201	14090	0	192	1000	1
DRR454434.154	NC_054852.1	1069201	9964	0	230	1000	1
DRR454434.4632	NC_054852.1	1069201	6734	529	157	1000	1
DRR454434.3295	NC_054852.1	1069201	7743	1936	193	1000	1
DRR454434.2837	NC_054852.1	1069201	21152	0	230	1000	1
DRR454434.199	NC_054852.1	1069201	5306	1521	186	1000	1
DRR454434.4747	NC_054852.1	1069201	16051	0	282	1000	1
DRR454434.2983	NC_054852.1	1069201	12665	405	167	1000	1
DRR454434.789	NC_054852.1	1069201	13530	196	240	1000	1
DRR454434.3210	NC_054852.1	1069201	15688	0	206	1000	1
DRR454434.654	NC_054852.1	1069201	10452	0	259	1000	1
DRR454434.338	NC_054852.1	1069201	10008	0	248	1000	1
DRR454434.2073	NC_054852.1	1069201	8679	256	241	1000	1
DRR454434.4370	NC_054852.1	1069201	4849	81	169	1000	1
DRR454434.4629	NC_054852.1	1069201	7436	196	175	1000	1
DRR454434.4692	NC_054852.1	1069201	9433	1936	151	1000	1
DRR454434.3890	NC_054852.1	1069201	8853	0	237	1000	1
DRR454434.227	NC_054852.1	1069201	4468	121	197	1000	1
DRR454434.3214	NC_054852.1	1069201	20478	0	269	1000	1
DRR454434.4091	NC_054852.1	1069201	8868	0	226	1000	1
DRR454434.1286	NC_054852.1	1069201	18553	0	221	1000	1
DRR454434.3818	NC_054852.1	1069201	11869	0	257	1000	1
DRR454434.622	NC_054852.1	1069201	2914	1089	133	1000	1
DRR454434.4499	NC_054852.1	1069201	10259	0	246	1000	1
DRR454434.1611	NC_054852.1	1069201	17960	0	218	1000	1
DRR454434.1263	NC_054852.1	1069201	12899	144	255	1000	1
DRR454434.1947	NC_054852.1	1069201	18926	0	263	1000	1
DRR454434.810	NC_054852.1	1069201	8145	0	198	1000	1
DRR454434.724	NC_054852.1	1069201	8389	1296	137	1000	1
DRR454434.3708	NC_054852.1	1069201	23379	0	291	1000	1
DRR454434.3270	NC_054852.1	1069201	12570	0	264	1000	1
DRR454434.4385	NC_054852.1	1069201	9001	0	161	1000	1
DRR454434.4272	NC_054852.1	1069201	14255	0	287	1000	1
DRR454434.3691	NC_054852.1	1069201	16917	0	232	1000	1
DRR454434.187	NC_054852.1	1069201	7915	324	225	1000	1
DRR454434.770	NC_054852.1	1069201	10642	400	202	1000	1
DRR454434.4886	NC_054852.1	1069201	9109	0	163	1000	1
DRR454434.979	NC_054852.1	1069201	10829	0	163	1000	1
DRR454434.3919	NC_054852.1	1069201	8707	484	258	1000	1
DRR454434.3644	NC_054852.1	1069201	18654	0	274	1000	1
DRR454434.1319	NC_054852.1	1069201	9617	529	190	1000	1
DRR454434.1574	NC_054852.1	1069201	13667	0	222	1000	1
DRR454434.3053	NC_054852.1	1069201	11865	0	263	1000	1
DRR454434.2845	NC_054852.1	1069201	4579	529	175	1000	1
DRR454434.2912	NC_054852.1	1069201	5100	1225	155	1000	1
DRR454434.1269	NC_054852.1	1069201	17593	0	215	1000	1
DRR454434.524	NC_054852.1	1069201	4250	0	120	1000	1
DRR454434.81	NC_054852.1	1069201	10211	0	229	1000	1
DRR454434.4993	NC_054852.1	1069201	17910	576	229	1000	1
DRR454434.4392	NC_054852.1	1069201	11086	900	238	1000	1
DRR454434.174	NC_054852.1	1069201	9293	0	165	1000	1
DRR454434.2245	NC_054690.1	5007	1936	1426	59	1000	1
DRR454434.1624	NC_054852.1	1069201	3201	1764	169	1000	1
DRR454434.92	NC_054852.1	1069201	6100	0	124	1000	1
DRR454434.3497	NC_054852.1	1069201	19979	0	270	1000	1
DRR454434.768	NC_054852.1	1069201	11861	676	161	1000	1
DRR454434.1158	NC_054852.1	1069201	2481	1444	122	1000	1
DRR454434.4097	NC_054852.1	1069201	2723	1936	155	1000	1
DRR454434.970	NC_054852.1	1069201	5932	961	200	1000	1
DRR454434.62	NC_054852.1	1069201	7952	1936	153	1000	1
DRR454434.1550	NC_054852.1	1069201	17369	0	244	1000	1
DRR454434.1586	NC_054852.1	1069201	7701	0	190	1000	1
DRR454434.2568	NC_054852.1	1069201	14545	0	236	1000	1
DRR454434.2190	NC_054852.1	1069201	9810	64	263	1000	1
DRR454434.4230	NC_054852.1	1069201	12313	0	206	1000	1
DRR454434.4288	NC_054852.1	1069201	2651	361	120	1000	1
DRR454434.1018	NC_054852.1	1069201	7917	0	203	1000	1
DRR454434.2437	NC_054852.1	1069201	17418	0	251	1000	1
DRR454434.1251	NC_054852.1	1069201	16323	0	244	1000	1
DRR454434.2970	NC_054852.1	1069201	21069	0	276	1000	1
DRR454434.2540	NC_054852.1	1069201	8417	324	168	1000	1
DRR454434.3172	NC_054852.1	1069201	17348	0	216	1000	1
DRR454434.2732	NC_012860.1	573826	968	0	74	1000	1
DRR454434.3415	NC_054852.1	1069201	10683	0	233	1000	1
DRR454434.4214	NC_054852.1	1069201	15755	0	248	1000	1
DRR454434.608	NC_054852.1	1069201	10138	1936	154	1000	1
DRR454434.2933	NC_054852.1	1069201	17118	0	255	1000	1
DRR454434.4480	NC_054852.1	1069201	10394	0	195	1000	1
DRR454434.1460	NC_054852.1	1069201	12342	361	244	1000	1
DRR454434.3181	NC_054852.1	1069201	13151	0	249	1000	1
DRR454434.4637	NC_054852.1	1069201	897	484	92	1000	1
DRR454434.4443	NC_054852.1	1069201	11626	0	244	1000	1
DRR454434.4799	NC_054852.1	1069201	12449	0	224	1000	1
DRR454434.3144	NC_054852.1	1069201	8404	0	191	1000	1
DRR454434.379	NC_054852.1	1069201	3816	841	141	1000	1
DRR454434.839	NC_054690.1	5007	1936	1364	59	1000	1
DRR454434.1893	NC_054852.1	1069201	10995	346	266	1000	1
DRR454434.4429	NC_054852.1	1069201	2765	1936	114	1000	1
DRR454434.1930	NC_054852.1	1069201	12353	400	211	1000	1
DRR454434.4732	NC_054852.1	1069201	9850	64	170	1000	1
DRR454434.281	NC_054852.1	1069201	8837	1521	205	1000	1
DRR454434.6	NC_054852.1	1069201	15046	576	223	1000	1
DRR454434.904	NC_054852.1	1069201	12193	0	185	1000	1
DRR454434.4600	NC_054852.1	1069201	8884	361	179	1000	1
DRR454434.2973	NC_054852.1	1069201	7453	256	170	1000	1
DRR454434.2036	NC_054852.1	1069201	4940	1849	198	1000	1
DRR454434.2135	NC_054852.1	1069201	6334	0	192	1000	1
DRR454434.3877	NC_054852.1	1069201	8200	1521	130	1000	1
DRR454434.4201	NC_054852.1	1069201	15122	0	244	1000	1
DRR454434.589	NC_054852.1	1069201	13732	0	188	1000	1
DRR454434.3944	NC_054852.1	1069201	6541	484	172	1000	1
DRR454434.4641	NC_054852.1	1069201	14241	256	228	1000	1
DRR454434.476	NC_054852.1	1069201	21258	0	234	1000	1
DRR454434.1177	NC_054852.1	1069201	17225	0	197	1000	1
DRR454434.1389	NC_054852.1	1069201	7210	1936	161	1000	1
DRR454434.1255	NC_054852.1	1069201	12108	0	230	1000	1
DRR454434.4316	NC_054852.1	1069201	6523	1936	160	1000	1
DRR454434.4687	NC_054852.1	1069201	3761	1936	136	1000	1
DRR454434.2245	NC_054690.1	5007	1936	1699	59	1000	1
DRR454434.2106	NC_054852.1	1069201	7570	729	200	1000	1
DRR454434.294	NC_054852.1	1069201	7706	1764	224	1000	1
DRR454434.3080	NC_054852.1	1069201	6718	0	208	1000	1
DRR454434.2332	NC_054852.1	1069201	10219	81	178	1000	1
DRR454434.4224	NC_054852.1	1069201	18094	0	251	1000	1
DRR454434.2321	NC_054852.1	1069201	7589	0	225	1000	1
DRR454434.1260	NC_054852.1	1069201	13610	0	219	1000	1
DRR454434.161	NC_054852.1	1069201	8733	1936	160	1000	1
DRR454434.3026	NC_054852.1	1069201	6786	121	239	1000	1
DRR454434.762	NC_054852.1	1069201	7816	0	229	1000	1
DRR454434.4829	NC_054852.1	1069201	12169	0	202	1000	1
DRR454434.1342	NC_054852.1	1069201	10698	0	254	1000	1
DRR454434.3006	NC_054852.1	1069201	9543	1444	225	1000	1
DRR454434.1940	NC_054852.1	1069201	18126	0	245	1000	1
DRR454434.1533	NC_054852.1	1069201	4386	256	209	1000	1
DRR454434.696	NC_054852.1	1069201	10386	0	219	1000	1
DRR454434.2515	NC_054852.1	1069201	3641	2025	136	1000	1
DRR454434.805	NC_054852.1	1069201	6786	0	157	1000	1
DRR454434.257	NC_054852.1	1069201	13634	0	235	1000	1
DRR454434.4497	NC_054852.1	1069201	4518	900	207	1000	1
DRR454434.2528	NC_054852.1	1069201	1972	1936	138	1000	1
DRR454434.4054	NC_054852.1	1069201	7176	100	196	1000	1
DRR454434.652	NC_054852.1	1069201	9190	196	220	1000	1
DRR454434.2832	NC_054852.1	1069201	11334	0	223	1000	1
DRR454434.1719	NC_054852.1	1069201	10394	1681	199	1000	1
DRR454434.4922	NC_054852.1	1069201	8421	0	205	1000	1
DRR454434.4665	NC_054852.1	1069201	12474	0	234	1000	1
DRR454434.4120	NC_054852.1	1069201	14776	0	221	1000	1
DRR454434.431	NC_054852.1	1069201	11125	961	233	1000	1
DRR454434.137	NC_054852.1	1069201	8928	144	189	1000	1
DRR454434.4982	NC_054852.1	1069201	15509	0	246	1000	1
DRR454434.2330	NC_054852.1	1069201	14573	0	232	1000	1
DRR454434.2488	NC_054852.1	1069201	17516	0	243	1000	1
DRR454434.3784	NC_054852.1	1069201	7734	169	157	1000	1
DRR454434.2554	NC_054852.1	1069201	12740	1936	156	1000	1
DRR454434.1427	NC_054852.1	1069201	18401	0	260	1000	1
DRR454434.1267	NC_054852.1	1069201	6202	0	194	1000	1
DRR454434.871	NC_054852.1	1069201	16264	0	245	1000	1
DRR454434.4021	NC_054852.1	1069201	14594	1089	221	1000	1
DRR454434.2874	NC_054852.1	1069201	3564	729	203	1000	1
DRR454434.4334	NC_054852.1	1069201	16414	0	239	1000	1
DRR454434.1009	NC_054852.1	1069201	9025	64	205	1000	1
DRR454434.3171	NC_054852.1	1069201	13570	0	254	1000	1
DRR454434.2360	NC_054852.1	1069201	7845	0	201	1000	1
DRR454434.3681	NC_054852.1	1069201	12413	100	249	1000	1
DRR454434.2306	NC_054852.1	1069201	18938	0	269	1000	1
DRR454434.3949	NC_054852.1	1069201	7351	900	211	1000	1
DRR454434.4203	NC_054852.1	1069201	8619	121	211	1000	1
DRR454434.4663	NC_054852.1	1069201	4574	841	153	1000	1
DRR454434.889	NC_054852.1	1069201	13086	0	217	1000	1
DRR454434.2230	NC_054852.1	1069201	13571	0	234	1000	1
DRR454434.3314	NC_054852.1	1069201	8586	0	226	1000	1
DRR454434.3133	NC_054852.1	1069201	12924	0	260	1000	1
DRR454434.955	NC_054852.1	1069201	3926	1521	133	1000	1
DRR454434.4753	NC_054852.1	1069201	14537	1936	198	1000	1
DRR454434.4426	NC_054852.1	1069201	7006	289	173	1000	1
DRR454434.1192	NC_054852.1	1069201	5144	0	223	1000	1
DRR454434.2516	NC_054852.1	1069201	2932	2401	127	1000	1
DRR454434.286	NC_054852.1	1069201	4000	64	226	1000	1
DRR454434.1179	NC_054852.1	1069201	5157	1024	197	1000	1
DRR454434.1322	NC_054852.1	1069201	13766	0	274	1000	1
DRR454434.2480	NC_054852.1	1069201	19566	0	267	1000	1
DRR454434.2149	NC_054852.1	1069201	5047	290	204	1000	1
DRR454434.2103	NC_054852.1	1069201	1043	202	121	1000	1
DRR454434.562	NC_054852.1	1069201	6434	484	200	1000	1
DRR454434.4585	NC_054852.1	1069201	14762	0	162	1000	1
DRR454434.2156	NC_054852.1	1069201	19685	0	268	1000	1
DRR454434.3599	NC_054852.1	1069201	14898	0	262	1000	1
DRR454434.2041	NC_054852.1	1069201	14299	0	226	1000	1
DRR454434.170	NC_054852.1	1069201	12974	0	231	1000	1
DRR454434.908	NC_054852.1	1069201	12329	0	210	1000	1
DRR454434.3614	NC_054852.1	1069201	9666	0	222	1000	1
DRR454434.790	NC_054852.1	1069201	5051	514	187	1000	1
DRR454434.2939	NC_054852.1	1069201	7400	2500	150	1000	1
DRR454434.1127	NC_054852.1	1069201	4904	2304	165	1000	1
DRR454434.1578	NC_054852.1	1069201	16866	0	237	1000	1
DRR454434.4020	NC_054852.1	1069201	17973	0	219	1000	1
DRR454434.3117	NC_054852.1	1069201	5617	0	187	1000	1
DRR454434.2737	NC_054852.1	1069201	10670	0	254	1000	1
DRR454434.621	NC_054852.1	1069201	18148	0	220	1000	1
DRR454434.2369	NC_054852.1	1069201	14717	1936	198	1000	1
DRR454434.4793	NC_054852.1	1069201	11633	0	214	1000	1
DRR454434.1253	NC_054852.1	1069201	17606	0	239	1000	1
DRR454434.1879	NC_054852.1	1069201	3226	1521	168	1000	1
DRR454434.3361	NC_054852.1	1069201	18041	0	219	1000	1
DRR454434.1049	NC_054852.1	1069201	4406	1024	157	1000	1
DRR454434.2356	NC_054852.1	1069201	6561	1936	96	1000	1
DRR454434.3629	NC_054852.1	1069201	13906	0	184	1000	1
DRR454434.3946	NC_054852.1	1069201	13038	400	216	1000	1
DRR454434.2605	NC_054852.1	1069201	12859	0	224	1000	1
DRR454434.534	NC_054852.1	1069201	12178	1936	164	1000	1
DRR454434.3250	NC_054852.1	1069201	8562	1764	222	1000	1
DRR454434.405	NC_054852.1	1069201	2569	1521	176	1000	1
DRR454434.3395	NC_054852.1	1069201	12644	0	152	1000	1
DRR454434.2319	NC_054852.1	1069201	6564	324	201	1000	1
DRR454434.2490	NC_054852.1	1069201	10933	0	245	1000	1
DRR454434.2271	NC_054852.1	1069201	9499	0	276	1000	1
DRR454434.3803	NC_054852.1	1069201	3695	1849	210	1000	1
DRR454434.459	NC_054852.1	1069201	17681	0	211	1000	1
DRR454434.436	NC_054852.1	1069201	16652	0	235	1000	1
DRR454434.2604	NC_054852.1	1069201	11613	0	241	1000	1
DRR454434.4794	NC_054852.1	1069201	16514	0	253	1000	1
DRR454434.4829	NC_054852.1	1069201	12778	0	205	1000	1
DRR454434.2107	NC_054852.1	1069201	3376	1024	210	1000	1
DRR454434.34	NC_054852.1	1069201	11738	0	201	1000	1
DRR454434.3689	NC_054852.1	1069201	17561	64	199	1000	1
DRR454434.745	NC_054852.1	1069201	20785	0	272	1000	1
DRR454434.123	NC_054852.1	1069201	18648	0	261	1000	1
DRR454434.1533	NC_054852.1	1069201	4386	256	209	1000	1
DRR454434.16	NC_054852.1	1069201	6879	256	244	1000	1
DRR454434.502	NC_054852.1	1069201	18648	0	261	1000	1
DRR454434.2904	NC_054852.1	1069201	14218	0	239	1000	1
DRR454434.2116	NC_054852.1	1069201	10523	529	258	1000	1
DRR454434.4316	NC_054852.1	1069201	6523	1936	160	1000	1
DRR454434.4449	NC_054852.1	1069201	13653	0	195	1000	1
DRR454434.3860	NC_054852.1	1069201	12858	0	215	1000	1
DRR454434.4426	NC_054852.1	1069201	7006	289	173	1000	1
DRR454434.4275	NC_054852.1	1069201	5445	0	203	1000	1
DRR454434.3103	NC_054852.1	1069201	9727	0	223	1000	1
DRR454434.4004	NC_054852.1	1069201	3870	1521	139	1000	1
DRR454434.4586	NC_054852.1	1069201	10368	1024	205	1000	1
DRR454434.4410	NC_054852.1	1069201	4781	0	177	1000	1
DRR454434.4683	NC_054852.1	1069201	2130	628	171	1000	1
DRR454434.1040	NC_054852.1	1069201	9885	225	194	1000	1
DRR454434.1208	NC_054852.1	1069201	8739	729	196	1000	1
DRR454434.2786	NC_054852.1	1069201	13181	0	222	1000	1
DRR454434.1369	NC_054852.1	1069201	14621	0	240	1000	1
DRR454434.2862	NC_054852.1	1069201	17609	0	246	1000	1
DRR454434.3510	NC_054852.1	1069201	5444	0	167	1000	1
DRR454434.775	NC_054852.1	1069201	12408	0	244	1000	1
DRR454434.3471	NC_054852.1	1069201	11220	0	244	1000	1
DRR454434.2679	NC_054690.1	5007	1936	1872	59	1000	1
DRR454434.2491	NC_054852.1	1069201	7514	0	152	1000	1
DRR454434.156	NC_054852.1	1069201	4590	324	186	1000	1
DRR454434.4121	NC_054852.1	1069201	6146	729	174	1000	1
DRR454434.655	NC_054852.1	1069201	11198	0	219	1000	1
DRR454434.514	NC_054852.1	1069201	16068	1024	274	1000	1
DRR454434.2141	NC_054852.1	1069201	10782	1444	183	1000	1
DRR454434.2719	NC_054852.1	1069201	3969	289	78	1000	1
DRR454434.673	NC_054852.1	1069201	8510	1521	204	1000	1
DRR454434.1818	NC_054852.1	1069201	5897	1936	117	1000	1
DRR454434.2209	NC_054852.1	1069201	14644	2304	227	1000	1
DRR454434.4848	NC_054852.1	1069201	9062	0	232	1000	1
DRR454434.2407	NC_054852.1	1069201	14230	0	227	1000	1
DRR454434.3290	NC_054852.1	1069201	16550	256	278	1000	1
DRR454434.254	NC_054852.1	1069201	13787	289	226	1000	1
DRR454434.2421	NC_054852.1	1069201	2622	1936	148	1000	1
DRR454434.4785	NC_054852.1	1069201	8053	441	266	1000	1
DRR454434.3629	NC_054852.1	1069201	14131	225	214	1000	1
DRR454434.1565	NC_054852.1	1069201	14290	441	254	1000	1
DRR454434.2086	NC_054852.1	1069201	14142	0	281	1000	1
DRR454434.2503	NC_054852.1	1069201	10134	64	241	1000	1
DRR454434.2417	NC_054852.1	1069201	13194	0	192	1000	1
DRR454434.175	NC_054852.1	1069201	13814	0	199	1000	1
DRR454434.4642	NC_054852.1	1069201	16414	0	245	1000	1
DRR454434.36	NC_054852.1	1069201	6039	1936	201	1000	1
DRR454434.3337	NC_054852.1	1069201	15786	0	204	1000	1
DRR454434.1333	NC_054852.1	1069201	1539	625	110	1000	1
DRR454434.3074	NC_054852.1	1069201	4064	1936	133	1000	1
DRR454434.837	NC_054852.1	1069201	18954	0	253	1000	1
DRR454434.4665	NC_054852.1	1069201	8874	1936	159	1000	1
DRR454434.863	NC_054852.1	1069201	13385	64	171	1000	1
DRR454434.2001	NC_054852.1	1069201	3402	1936	212	1000	1
DRR454434.2995	NC_054852.1	1069201	10297	2116	217	1000	1
DRR454434.2505	NC_054852.1	1069201	7619	0	174	1000	1
DRR454434.240	NC_054852.1	1069201	11945	0	224	1000	1
DRR454434.4373	NC_054852.1	1069201	9045	256	205	1000	1
DRR454434.684	NC_054852.1	1069201	9825	484	227	1000	1
DRR454434.4926	NC_054852.1	1069201	14714	0	231	1000	1
DRR454434.1250	NC_054852.1	1069201	5685	0	199	1000	1
DRR454434.3553	NC_054852.1	1069201	5684	0	171	1000	1
DRR454434.4709	NC_054852.1	1069201	13725	2025	171	1000	1
DRR454434.1487	NC_054852.1	1069201	16474	64	245	1000	1
DRR454434.4454	NC_054852.1	1069201	15637	0	248	1000	1
DRR454434.419	NC_054852.1	1069201	9846	0	191	1000	1
DRR454434.4451	NC_054852.1	1069201	8785	144	197	1000	1
DRR454434.855	NC_054852.1	1069201	9780	625	187	1000	1
DRR454434.21	NC_054852.1	1069201	15685	196	199	1000	1
DRR454434.3407	NC_054852.1	1069201	13770	0	213	1000	1
DRR454434.4512	NC_054852.1	1069201	17609	0	246	1000	1
DRR454434.3430	NC_054852.1	1069201	6842	729	173	1000	1
DRR454434.4105	NC_054852.1	1069201	6289	0	203	1000	1
DRR454434.3427	NC_054852.1	1069201	7888	1936	130	1000	1
DRR454434.2557	NC_054852.1	1069201	8166	0	195	1000	1
DRR454434.1739	NC_054852.1	1069201	17876	0	216	1000	1
DRR454434.1578	NC_054852.1	1069201	17218	0	239	1000	1
DRR454434.4412	NC_054852.1	1069201	4641	0	185	1000	1
DRR454434.3172	NC_054852.1	1069201	17173	0	215	1000	1
DRR454434.1073	NC_054852.1	1069201	15669	0	207	1000	1
DRR454434.2346	NC_054852.1	1069201	15317	0	205	1000	1
DRR454434.3316	NC_054852.1	1069201	8546	0	185	1000	1
DRR454434.139	NC_054852.1	1069201	16509	0	256	1000	1
DRR454434.1078	NC_054852.1	1069201	11747	324	222	1000	1
DRR454434.185	NC_054852.1	1069201	18946	0	224	1000	1
DRR454434.3425	NC_054852.1	1069201	11783	0	229	1000	1
DRR454434.2716	NC_054852.1	1069201	2704	1936	67	1000	1
DRR454434.648	NC_054852.1	1069201	11477	0	202	1000	1
DRR454434.2765	NC_054852.1	1069201	20813	0	229	1000	1
DRR454434.551	subphylum	147537	1521	1521	54	1000	1
DRR454434.2622	NC_054852.1	1069201	4607	1600	177	1000	1
DRR454434.2025	NC_054852.1	1069201	7748	1521	144	1000	1
DRR454434.1120	NC_054852.1	1069201	3585	2025	180	1000	1
DRR454434.4025	NC_054852.1	1069201	9319	196	274	1000	1
DRR454434.4994	NC_054852.1	1069201	2582	0	125	1000	1
DRR454434.4799	NC_054852.1	1069201	12449	0	224	1000	1
DRR454434.4943	NC_054852.1	1069201	9050	441	228	1000	1
DRR454434.3437	NC_054852.1	1069201	16274	0	231	1000	1
DRR454434.438	NC_054852.1	1069201	13406	1849	179	1000	1
DRR454434.4510	NC_054852.1	1069201	10870	0	211	1000	1
DRR454434.582	NC_054852.1	1069201	11930	784	187	1000	1
DRR454434.3479	NC_054852.1	1069201	6280	1936	122	1000	1
DRR454434.3335	NC_054852.1	1069201	6972	0	214	1000	1
DRR454434.975	NC_054852.1	1069201	7096	0	227	1000	1
DRR454434.2529	NC_054852.1	1069201	17727	0	275	1000	1
DRR454434.2154	NC_054852.1	1069201	12450	0	266	1000	1
DRR454434.834	NC_054852.1	1069201	9690	1225	216	1000	1
DRR454434.1347	NC_054852.1	1069201	6294	3025	159	1000	1
DRR454434.3908	NC_054852.1	1069201	5195	0	168	1000	1
DRR454434.4758	NC_054852.1	1069201	11934	0	248	1000	1
DRR454434.1594	NC_054852.1	1069201	12314	0	281	1000	1
DRR454434.2558	NC_054852.1	1069201	7906	0	175	1000	1
DRR454434.2940	NC_054852.1	1069201	11410	0	242	1000	1
DRR454434.977	NC_054852.1	1069201	13145	0	228	1000	1
DRR454434.2840	NC_054852.1	1069201	14867	0	232	1000	1
DRR454434.1352	NC_054852.1	1069201	7237	0	190	1000	1
DRR454434.244	NC_054852.1	1069201	13589	0	232	1000	1
DRR454434.2431	NC_054852.1	1069201	10825	196	221	1000	1
DRR454434.923	NC_054852.1	1069201	4733	2116	125	1000	1
DRR454434.2072	NC_054852.1	1069201	14026	0	240	1000	1
DRR454434.3555	NC_054852.1	1069201	15885	0	207	1000	1
DRR454434.3074	NC_054852.1	1069201	4064	1936	133	1000	1
DRR454434.4498	NC_054852.1	1069201	7287	121	191	1000	1
DRR454434.1885	NC_054852.1	1069201	7060	400	206	1000	1
DRR454434.1934	NC_054852.1	1069201	5637	1296	207	1000	1
DRR454434.4788	NC_054852.1	1069201	16098	0	233	1000	1
DRR454434.1070	NC_054852.1	1069201	6732	0	198	1000	1
DRR454434.1743	NC_054852.1	1069201	18149	0	213	1000	1
DRR454434.116	NC_054852.1	1069201	16922	0	210	1000	1
DRR454434.4250	NC_054852.1	1069201	8748	0	202	1000	1
DRR454434.3325	NC_054852.1	1069201	4646	324	190	1000	1
DRR454434.841	NC_054852.1	1069201	18594	0	222	1000	1
DRR454434.1865	NC_054852.1	1069201	8589	1024	186	1000	1
DRR454434.3241	NC_054852.1	1069201	13970	121	250	1000	1
DRR454434.2260	NC_054852.1	1069201	10305	0	215	1000	1
DRR454434.4571	NC_054852.1	1069201	11113	144	229	1000	1
DRR454434.1649	NC_054852.1	1069201	13736	0	225	1000	1
DRR454434.660	NC_054852.1	1069201	7848	484	259	1000	1
DRR454434.167	NC_054852.1	1069201	16474	0	202	1000	1
DRR454434.4919	NC_054852.1	1069201	19344	0	265	1000	1
DRR454434.3639	NC_054852.1	1069201	4516	841	205	1000	1
DRR454434.1509	NC_054852.1	1069201	7118	169	272	1000	1
DRR454434.2109	NC_054852.1	1069201	6492	0	200	1000	1
DRR454434.716	NC_054852.1	1069201	12470	1600	209	1000	1
DRR454434.4117	NC_054852.1	1069201	2868	1936	162	1000	1
DRR454434.2525	NC_054852.1	1069201	9673	2304	190	1000	1
DRR454434.1853	NC_054852.1	1069201	13292	0	256	1000	1
DRR454434.1174	NC_054852.1	1069201	9929	1521	186	1000	1
DRR454434.1848	NC_054852.1	1069201	5906	1936	165	1000	1
DRR454434.3457	NC_054852.1	1069201	9569	0	198	1000	1
DRR454434.2309	NC_054852.1	1069201	12838	841	226	1000	1
DRR454434.4529	NC_054852.1	1069201	3850	1936	174	1000	1
DRR454434.3737	NC_054852.1	1069201	8546	484	200	1000	1
DRR454434.955	NC_054852.1	1069201	6550	0	200	1000	1
DRR454434.3921	NC_054852.1	1069201	2926	1168	212	1000	1
DRR454434.2924	NC_054852.1	1069201	4469	0	123	1000	1
DRR454434.4998	NC_054852.1	1069201	6387	0	207	1000	1
DRR454434.1908	NC_054852.1	1069201	9389	400	163	1000	1
DRR454434.4618	NC_054852.1	1069201	7301	0	149	1000	1
DRR454434.2874	NC_054852.1	1069201	3735	900	206	1000	1
DRR454434.3277	NC_054852.1	1069201	13689	0	183	1000	1
DRR454434.4716	NC_054852.1	1069201	5538	2116	168	1000	1
DRR454434.2853	NC_054852.1	1069201	6082	1936	157	1000	1
DRR454434.559	NC_054852.1	1069201	11180	900	199	1000	1
DRR454434.1645	NC_054852.1	1069201	11026	0	164	1000	1
DRR454434.90	NC_054852.1	1069201	22862	0	287	1000	1
DRR454434.2446	NC_054852.1	1069201	6253	0	228	1000	1
DRR454434.2112	NC_054852.1	1069201	6488	0	235	1000	1
DRR454434.3429	NC_054852.1	1069201	11266	0	260	1000	1
DRR454434.2478	NC_054852.1	1069201	6980	625	241	1000	1
DRR454434.3717	NC_054852.1	1069201	16965	0	207	1000	1
DRR454434.1459	NC_054852.1	1069201	6961	144	178	1000	1
DRR454434.4473	NC_054852.1	1069201	1900	1764	144	1000	1
DRR454434.806	NC_054852.1	1069201	12353	0	265	1000	1
DRR454434.893	NC_054852.1	1069201	11664	0	123	1000	1
DRR454434.2324	NC_054852.1	1069201	3571	1600	167	1000	1
DRR454434.2270	NC_054852.1	1069201	9019	0	202	1000	1
DRR454434.1416	NC_054852.1	1069201	13405	0	212	1000	1
DRR454434.2647	NC_054852.1	1069201	12951	0	267	1000	1
DRR454434.2151	NC_054852.1	1069201	20179	0	260	1000	1
DRR454434.3474	NC_054852.1	1069201	10797	841	235	1000	1
DRR454434.3266	NC_054852.1	1069201	17770	0	218	1000	1
DRR454434.2703	NC_054852.1	1069201	3383	121	190	1000	1
DRR454434.1218	NC_054852.1	1069201	15359	324	227	1000	1
DRR454434.4910	NC_054852.1	1069201	4911	900	220	1000	1
DRR454434.3134	NC_054852.1	1069201	5942	225	190	1000	1
DRR454434.2878	NC_054852.1	1069201	9556	1444	167	1000	1
DRR454434.4969	NC_054852.1	1069201	11060	0	244	1000	1
DRR454434.3029	NC_054852.1	1069201	8493	0	256	1000	1
DRR454434.3965	NC_054852.1	1069201	15234	0	227	1000	1
DRR454434.3282	NC_054852.1	1069201	6400	1225	95	1000	1
DRR454434.2475	NC_054852.1	1069201	5825	1156	201	1000	1
DRR454434.2281	NC_054852.1	1069201	3244	1936	154	1000	1
DRR454434.3319	NC_054852.1	1069201	13419	0	218	1000	1
DRR454434.2272	NC_054852.1	1069201	11411	0	210	1000	1
DRR454434.3947	NC_054852.1	1069201	2455	100	180	1000	1
DRR454434.1699	NC_054852.1	1069201	6993	0	209	1000	1
DRR454434.1563	NC_054852.1	1069201	5410	0	213	1000	1
DRR454434.23	NC_054852.1	1069201	9295	0	266	1000	1
DRR454434.1703	NC_054852.1	1069201	10379	1024	178	1000	1
DRR454434.2140	NC_054852.1	1069201	1834	81	113	1000	1
DRR454434.678	NC_054852.1	1069201	11497	1089	167	1000	1
DRR454434.3952	NC_054852.1	1069201	5636	0	136	1000	1
DRR454434.2217	NC_054852.1	1069201	12497	81	198	1000	1
DRR454434.846	NC_054852.1	1069201	5934	121	151	1000	1
DRR454434.3871	NC_054852.1	1069201	17609	0	248	1000	1
DRR454434.2689	NC_054852.1	1069201	12484	290	202	1000	1
DRR454434.1861	NC_054852.1	1069201	11399	0	249	1000	1
DRR454434.4900	NC_054852.1	1069201	5474	0	194	1000	1
DRR454434.84	NC_054852.1	1069201	13385	0	171	1000	1
DRR454434.4306	NC_054852.1	1069201	5538	0	202	1000	1
DRR454434.3960	NC_054852.1	1069201	6429	729	238	1000	1
DRR454434.3687	NC_054852.1	1069201	5317	64	170	1000	1
DRR454434.3068	NC_054852.1	1069201	4052	2216	201	1000	1
DRR454434.2294	NC_054852.1	1069201	8436	0	187	1000	1
DRR454434.2917	NC_054852.1	1069201	13897	0	218	1000	1
DRR454434.681	NC_054852.1	1069201	3525	225	165	1000	1
DRR454434.2918	NC_054852.1	1069201	14994	144	258	1000	1
DRR454434.3547	NC_054852.1	1069201	3092	1936	108	1000	1
DRR454434.3009	NC_054852.1	1069201	13803	0	273	1000	1
DRR454434.4051	NC_054852.1	1069201	13049	676	234	1000	1
DRR454434.2756	NC_054852.1	1069201	12437	0	187	1000	1
DRR454434.1508	NC_054852.1	1069201	11762	0	180	1000	1
DRR454434.1027	NC_054852.1	1069201	16513	0	205	1000	1
DRR454434.813	NC_054852.1	1069201	6274	225	206	1000	1
DRR454434.774	NC_054852.1	1069201	5723	1089	240	1000	1
DRR454434.2655	NC_054852.1	1069201	7491	0	248	1000	1
DRR454434.256	NC_054852.1	1069201	17206	64	266	1000	1
DRR454434.318	NC_054852.1	1069201	10327	64	278	1000	1
DRR454434.803	NC_054852.1	1069201	8463	1936	199	1000	1
DRR454434.3110	NC_054852.1	1069201	16033	0	209	1000	1
DRR454434.1581	NC_054852.1	1069201	9429	0	221	1000	1
DRR454434.2841	NC_054852.1	1069201	10105	0	214	1000	1
DRR454434.4566	NC_054852.1	1069201	20565	0	231	1000	1
DRR454434.1725	NC_054852.1	1069201	17045	225	234	1000	1
DRR454434.1362	NC_054852.1	1069201	15329	0	232	1000	1
DRR454434.1792	NC_054852.1	1069201	2871	676	163	1000	1
DRR454434.4831	NC_054852.1	1069201	8474	0	226	1000	1
DRR454434.2131	NC_054852.1	1069201	12221	1936	151	1000	1
DRR454434.2231	NC_054852.1	1069201	19229	0	252	1000	1
DRR454434.2280	NC_054852.1	1069201	19274	0	255	1000	1
DRR454434.305	NC_054852.1	1069201	21753	0	287	1000	1
DRR454434.2257	NC_054852.1	1069201	3986	1024	129	1000	1
DRR454434.613	NC_054852.1	1069201	14604	0	262	1000	1
DRR454434.4538	NC_054852.1	1069201	7915	1394	199	1000	1
DRR454434.1609	NC_054852.1	1069201	9236	1296	183	1000	1
DRR454434.1216	NC_054852.1	1069201	8495	0	215	1000	1
DRR454434.1215	NC_054852.1	1069201	8074	0	187	1000	1
DRR454434.4301	NC_054852.1	1069201	11633	1024	165	1000	1
DRR454434.2475	NC_054852.1	1069201	5825	1156	201	1000	1
DRR454434.2981	NC_054852.1	1069201	4507	0	160	1000	1
DRR454434.51	NC_054852.1	1069201	2022	576	117	1000	1
DRR454434.1587	NC_054852.1	1069201	15850	0	208	1000	1
DRR454434.1431	NC_054852.1	1069201	11666	729	187	1000	1
DRR454434.4299	NC_054852.1	1069201	10085	0	171	1000	1
DRR454434.3044	NC_054852.1	1069201	11181	0	290	1000	1
DRR454434.1851	NC_054852.1	1069201	6733	0	248	1000	1
DRR454434.640	NC_054852.1	1069201	12902	324	224	1000	1
DRR454434.3510	NC_054852.1	1069201	5444	0	167	1000	1
DRR454434.330	NC_054852.1	1069201	10066	0	250	1000	1
DRR454434.3456	NC_054852.1	1069201	9434	0	209	1000	1
DRR454434.4037	NC_054852.1	1069201	11154	0	209	1000	1
DRR454434.3791	NC_054852.1	1069201	7119	169	189	1000	1
DRR454434.623	NC_054852.1	1069201	6203	361	176	1000	1
DRR454434.3765	NC_054852.1	1069201	4269	529	136	1000	1
DRR454434.3002	NC_054852.1	1069201	6102	0	165	1000	1
DRR454434.3579	NC_054852.1	1069201	6632	1936	196	1000	1
DRR454434.1024	NC_054852.1	1069201	6654	1345	247	1000	1
DRR454434.3483	NC_054852.1	1069201	2541	841	132	1000	1
DRR454434.1830	NC_054852.1	1069201	5998	841	247	1000	1
DRR454434.4682	NC_054852.1	1069201	1082	961	72	1000	1
DRR454434.4237	NC_054852.1	1069201	9981	0	204	1000	1
DRR454434.2354	NC_054852.1	1069201	15235	0	238	1000	1
DRR454434.4106	NC_054852.1	1069201	10109	0	198	1000	1
DRR454434.3690	NC_054852.1	1069201	8043	0	215	1000	1
DRR454434.2649	NC_054852.1	1069201	5396	0	163	1000	1
DRR454434.1152	NC_054852.1	1069201	10917	441	221	1000	1
DRR454434.4928	NC_054852.1	1069201	12339	1936	184	1000	1
DRR454434.1297	NC_012860.1	573826	1254	0	124	1000	1
DRR454434.4254	NC_054852.1	1069201	10442	169	247	1000	1
DRR454434.2345	NC_054852.1	1069201	13062	1681	195	1000	1
DRR454434.3788	NC_054852.1	1069201	9501	1810	272	1000	1
DRR454434.4239	NC_054852.1	1069201	14486	0	237	1000	1
DRR454434.3601	NC_054852.1	1069201	12114	0	168	1000	1
DRR454434.3330	NC_054852.1	1069201	14089	0	197	1000	1
DRR454434.3917	NC_054852.1	1069201	10125	841	147	1000	1
DRR454434.4351	NC_054852.1	1069201	10287	0	221	1000	1
DRR454434.928	NC_054852.1	1069201	9685	0	163	1000	1
DRR454434.4273	NC_054852.1	1069201	20338	0	230	1000	1
DRR454434.540	NC_054852.1	1069201	17973	0	219	1000	1
DRR454434.2393	NC_054852.1	1069201	7840	0	181	1000	1
DRR454434.3640	NC_054852.1	1069201	8421	1521	170	1000	1
DRR454434.1107	NC_054852.1	1069201	7087	0	221	1000	1
DRR454434.3214	NC_054852.1	1069201	20478	0	269	1000	1
DRR454434.3027	NC_054852.1	1069201	7539	1681	162	1000	1
DRR454434.4321	NC_054852.1	1069201	8494	1764	273	1000	1
DRR454434.3432	NC_054852.1	1069201	14539	1936	200	1000	1
DRR454434.2036	NC_054852.1	1069201	4940	1849	198	1000	1
DRR454434.1417	NC_054852.1	1069201	6646	121	239	1000	1
DRR454434.2950	NC_054852.1	1069201	5335	1936	193	1000	1
DRR454434.4735	NC_054852.1	1069201	3875	1746	204	1000	1
DRR454434.334	NC_054852.1	1069201	7326	1296	224	1000	1
DRR454434.127	NC_054852.1	1069201	11539	0	220	1000	1
DRR454434.2232	NC_054852.1	1069201	8649	1936	108	1000	1
DRR454434.1663	NC_054852.1	1069201	2737	1936	182	1000	1
DRR454434.565	NC_054852.1	1069201	8377	2304	182	1000	1
DRR454434.194	NC_054852.1	1069201	10049	0	190	1000	1
DRR454434.2618	NC_054852.1	1069201	14815	0	289	1000	1
DRR454434.1121	NC_054852.1	1069201	10216	0	255	1000	1
DRR454434.314	NC_054852.1	1069201	14994	0	241	1000	1
DRR454434.2797	NC_054852.1	1069201	9482	2005	249	1000	1
DRR454434.2015	NC_054852.1	1069201	16538	0	255	1000	1
DRR454434.4457	NC_054852.1	1069201	4781	0	181	1000	1
DRR454434.2672	NC_054852.1	1069201	11881	0	124	1000	1
DRR454434.4135	NC_054852.1	1069201	7337	650	241	1000	1
DRR454434.4017	NC_054852.1	1069201	5122	576	163	1000	1
DRR454434.1210	NC_054852.1	1069201	15410	2209	270	1000	1
DRR454434.1433	NC_054852.1	1069201	7606	0	181	1000	1
DRR454434.3112	NC_054852.1	1069201	9188	0	206	1000	1
DRR454434.4227	NC_054852.1	1069201	5400	225	221	1000	1
DRR454434.2145	NC_054852.1	1069201	15461	0	201	1000	1
DRR454434.4250	NC_054852.1	1069201	8748	0	202	1000	1
DRR454434.3744	NC_054852.1	1069201	12191	0	251	1000	1
DRR454434.2659	NC_054852.1	1069201	10625	1444	204	1000	1
DRR454434.456	NC_054852.1	1069201	8537	0	219	1000	1
DRR454434.4593	NC_054852.1	1069201	5662	1936	167	1000	1
DRR454434.921	NC_054852.1	1069201	14621	0	201	1000	1
DRR454434.4377	NC_054852.1	1069201	9773	1936	141	1000	1
DRR454434.2439	NC_054852.1	1069201	15417	0	220	1000	1
DRR454434.830	NC_054852.1	1069201	18601	0	248	1000	1
DRR454434.180	NC_054852.1	1069201	18617	0	262	1000	1
DRR454434.4583	NC_054852.1	1069201	6989	0	230	1000	1
DRR454434.65	NC_054852.1	1069201	18709	0	262	1000	1
DRR454434.3165	NC_054852.1	1069201	7998	1210	194	1000	1
DRR454434.2684	NC_054852.1	1069201	4489	0	187	1000	1
DRR454434.4492	NC_054852.1	1069201	11710	64	232	1000	1
DRR454434.1906	NC_054852.1	1069201	15381	0	201	1000	1
DRR454434.1564	NC_054852.1	1069201	9150	0	220	1000	1
DRR454434.4666	NC_054852.1	1069201	3825	0	142	1000	1
DRR454434.3828	NC_054852.1	1069201	13853	576	241	1000	1
DRR454434.560	NC_054852.1	1069201	17219	0	260	1000	1
DRR454434.1690	NC_054852.1	1069201	6655	729	191	1000	1
DRR454434.637	NC_054852.1	1069201	10118	0	234	1000	1
DRR454434.13	NC_054852.1	1069201	12519	0	253	1000	1
DRR454434.1849	NC_054852.1	1069201	12821	0	189	1000	1
DRR454434.4701	NC_054852.1	1069201	5639	1369	240	1000	1
DRR454434.343	NC_054852.1	1069201	2561	1936	155	1000	1
DRR454434.3564	NC_054852.1	1069201	7757	81	189	1000	1
DRR454434.759	NC_054852.1	1069201	3592	400	110	1000	1
DRR454434.985	NC_054852.1	1069201	12031	0	241	1000	1
DRR454434.4116	NC_054852.1	1069201	7788	729	232	1000	1
DRR454434.2247	NC_054852.1	1069201	7981	0	194	1000	1
DRR454434.1347	NC_054852.1	1069201	6294	3025	159	1000	1
DRR454434.3521	NC_054852.1	1069201	11979	81	204	1000	1
DRR454434.4067	NC_054852.1	1069201	10308	0	236	1000	1
DRR454434.2321	NC_054852.1	1069201	7589	0	225	1000	1
DRR454434.1242	NC_054852.1	1069201	18709	0	262	1000	1
DRR454434.4622	NC_054852.1	1069201	5586	1024	174	1000	1
DRR454434.2619	NC_054852.1	1069201	13064	1089	267	1000	1
DRR454434.4517	NC_054852.1	1069201	3459	613	194	1000	1
DRR454434.2947	NC_054852.1	1069201	11649	0	249	1000	1
DRR454434.4779	NC_054852.1	1069201	4430	64	159	1000	1
DRR454434.678	NC_054852.1	1069201	11497	1089	167	1000	1
DRR454434.534	NC_054852.1	1069201	12178	1936	164	1000	1
DRR454434.272	NC_054852.1	1069201	19061	0	219	1000	1
DRR454434.1394	NC_054852.1	1069201	9928	0	170	1000	1
DRR454434.1675	NC_054852.1	1069201	8107	289	211	1000	1
DRR454434.701	NC_054852.1	1069201	10111	361	217	1000	1
DRR454434.4735	NC_054852.1	1069201	3875	1746	204	1000	1
DRR454434.1216	NC_054852.1	1069201	8495	0	215	1000	1
DRR454434.1681	NC_054852.1	1069201	5915	776	237	1000	1
DRR454434.3186	NC_054852.1	1069201	2127	0	147	1000	1
DRR454434.821	NC_054852.1	1069201	8100	1444	105	1000	1
DRR454434.1240	NC_054852.1	1069201	8912	0	162	1000	1
DRR454434.4166	NC_054852.1	1069201	15951	0	267	1000	1
DRR454434.166	NC_054852.1	1069201	23444	0	294	1000	1
DRR454434.157	NC_054852.1	1069201	5962	144	176	1000	1
DRR454434.1329	NC_054852.1	1069201	12563	0	241	1000	1
DRR454434.3408	NC_054852.1	1069201	15885	0	207	1000	1
DRR454434.1858	NC_054852.1	1069201	5629	1936	127	1000	1
DRR454434.3335	NC_054852.1	1069201	6857	0	213	1000	1
DRR454434.3195	NC_054852.1	1069201	5474	1936	151	1000	1
DRR454434.195	NC_054852.1	1069201	9945	0	233	1000	1
DRR454434.2718	NC_054852.1	1069201	12707	0	241	1000	1
DRR454434.2098	NC_054852.1	1069201	8102	0	226	1000	1
DRR454434.987	NC_054852.1	1069201	10121	0	171	1000	1
DRR454434.2500	NC_054852.1	1069201	12580	0	184	1000	1
DRR454434.2314	NC_054852.1	1069201	16538	0	210	1000	1
DRR454434.3392	NC_054852.1	1069201	8463	169	232	1000	1
DRR454434.2864	NC_054852.1	1069201	7208	729	288	1000	1
DRR454434.601	NC_054852.1	1069201	5717	0	218	1000	1
DRR454434.2257	NC_054852.1	1069201	3986	1024	129	1000	1
DRR454434.510	NC_054852.1	1069201	9730	0	209	1000	1
DRR454434.3772	NC_054852.1	1069201	13466	576	205	1000	1
DRR454434.199	NC_054852.1	1069201	5306	1521	186	1000	1
DRR454434.2345	NC_054852.1	1069201	13062	1849	195	1000	1
DRR454434.1176	NC_054852.1	1069201	16994	0	255	1000	1
DRR454434.3531	NC_054852.1	1069201	17973	0	219	1000	1
DRR454434.4358	NC_054852.1	1069201	5563	529	218	1000	1
DRR454434.282	NC_054852.1	1069201	14541	0	244	1000	1
DRR454434.2846	NC_054852.1	1069201	15306	2025	274	1000	1
DRR454434.125	NC_054852.1	1069201	14705	0	197	1000	1
DRR454434.1489	NC_054852.1	1069201	8746	1521	154	1000	1
DRR454434.4924	NC_054852.1	1069201	19865	0	256	1000	1
DRR454434.4837	NC_054852.1	1069201	7739	1936	166	1000	1
DRR454434.4939	NC_054852.1	1069201	12753	324	194	1000	1
DRR454434.3316	NC_054852.1	1069201	8546	0	185	1000	1
DRR454434.4721	NC_054852.1	1069201	12527	0	261	1000	1
DRR454434.185	NC_054852.1	1069201	18769	0	223	1000	1
DRR454434.465	NC_054852.1	1069201	13085	1849	179	1000	1
DRR454434.2663	NC_054852.1	1069201	13560	784	209	1000	1
DRR454434.2941	NC_054852.1	1069201	9813	64	229	1000	1
DRR454434.1310	NC_054852.1	1069201	13850	0	196	1000	1
DRR454434.1156	NC_054852.1	1069201	9173	0	225	1000	1
DRR454434.4907	NC_054852.1	1069201	3065	1936	136	1000	1
DRR454434.3560	NC_054852.1	1069201	9859	121	268	1000	1
DRR454434.4786	NC_054852.1	1069201	14294	0	229	1000	1
DRR454434.589	NC_054852.1	1069201	13732	0	188	1000	1
DRR454434.4831	NC_054852.1	1069201	8474	0	226	1000	1
DRR454434.2609	NC_054852.1	1069201	4714	1936	161	1000	1
DRR454434.2741	NC_054852.1	1069201	13346	1521	195	1000	1
DRR454434.1074	NC_054852.1	1069201	12289	1936	163	1000	1
DRR454434.3351	NC_054852.1	1069201	12114	0	225	1000	1
DRR454434.2592	NC_054852.1	1069201	11485	0	212	1000	1
DRR454434.3305	NC_054852.1	1069201	4406	2025	145	1000	1
DRR454434.192	NC_054852.1	1069201	6145	144	166	1000	1
DRR454434.1516	NC_054852.1	1069201	3598	1225	160	1000	1
DRR454434.758	NC_054852.1	1069201	12347	1936	192	1000	1
DRR454434.3701	NC_054852.1	1069201	11834	0	260	1000	1
DRR454434.1926	NC_054852.1	1069201	6906	64	233	1000	1
DRR454434.4787	NC_054852.1	1069201	7573	0	176	1000	1
DRR454434.1726	NC_054852.1	1069201	13754	0	239	1000	1
DRR454434.2504	NC_054852.1	1069201	5181	1369	191	1000	1
DRR454434.3098	NC_054852.1	1069201	16811	0	254	1000	1
DRR454434.2295	NC_054852.1	1069201	15698	0	231	1000	1
DRR454434.3152	NC_054852.1	1069201	18081	0	219	1000	1
DRR454434.2453	NC_054852.1	1069201	9477	400	233	1000	1
DRR454434.3542	NC_054852.1	1069201	8322	841	175	1000	1
DRR454434.155	NC_054852.1	1069201	6661	169	184	1000	1
DRR454434.3910	NC_054852.1	1069201	2681	1936	122	1000	1
DRR454434.4274	NC_054852.1	1069201	15985	0	232	1000	1
DRR454434.1293	NC_054852.1	1069201	9801	1936	114	1000	1
DRR454434.2831	NC_054852.1	1069201	11514	0	213	1000	1
DRR454434.285	NC_054852.1	1069201	16153	0	205	1000	1
DRR454434.2947	NC_054852.1	1069201	11649	0	249	1000	1
DRR454434.3926	NC_054852.1	1069201	16459	1521	263	1000	1
DRR454434.2887	NC_054852.1	1069201	15820	0	247	1000	1
DRR454434.4730	NC_054852.1	1069201	10682	0	254	1000	1
DRR454434.2881	NC_054852.1	1069201	13754	0	246	1000	1
DRR454434.867	NC_054852.1	1069201	15018	0	225	1000	1
DRR454434.4868	NC_054852.1	1069201	5675	1369	177	1000	1
DRR454434.493	NC_054852.1	1069201	6289	0	195	1000	1
DRR454434.4250	NC_054852.1	1069201	8748	0	202	1000	1
DRR454434.348	NC_054852.1	1069201	3789	1936	138	1000	1
DRR454434.4456	NC_054852.1	1069201	11521	144	254	1000	1
DRR454434.93	NC_054852.1	1069201	7645	0	283	1000	1
DRR454434.4251	NC_054852.1	1069201	8971	0	215	1000	1
DRR454434.4209	NC_054852.1	1069201	5886	0	188	1000	1
DRR454434.2869	NC_054852.1	1069201	17006	0	255	1000	1
DRR454434.820	NC_054852.1	1069201	13590	0	232	1000	1
DRR454434.2032	NC_054852.1	1069201	13114	1936	191	1000	1
DRR454434.3344	NC_054852.1	1069201	4141	1936	119	1000	1
DRR454434.4338	NC_054852.1	1069201	16333	0	209	1000	1
DRR454434.2031	NC_054852.1	1069201	11305	0	218	1000	1
DRR454434.617	NC_054852.1	1069201	12675	0	228	1000	1
DRR454434.4300	NC_054852.1	1069201	22554	0	269	1000	1
DRR454434.4539	NC_054852.1	1069201	11786	0	207	1000	1
DRR454434.4544	NC_054852.1	1069201	11004	346	245	1000	1
DRR454434.4984	NC_054852.1	1069201	13976	0	225	1000	1
DRR454434.3095	NC_054852.1	1069201	4353	64	179	1000	1
DRR454434.789	NC_054852.1	1069201	13530	196	240	1000	1
DRR454434.324	NC_054852.1	1069201	5750	2025	202	1000	1
DRR454434.811	NC_054852.1	1069201	7241	1936	201	1000	1
DRR454434.4530	NC_054852.1	1069201	7818	144	198	1000	1
DRR454434.3547	NC_054852.1	1069201	2960	1936	106	1000	1
DRR454434.997	NC_054852.1	1069201	6712	0	173	1000	1
DRR454434.68	NC_054852.1	1069201	2395	1600	128	1000	1
DRR454434.366	NC_054852.1	1069201	5683	64	220	1000	1
DRR454434.2050	NC_054852.1	1069201	10900	144	253	1000	1
DRR454434.4136	NC_054852.1	1069201	16590	1024	260	1000	1
DRR454434.4383	NC_054852.1	1069201	11586	1936	209	1000	1
DRR454434.4221	NC_054852.1	1069201	6365	729	214	1000	1
DRR454434.339	NC_054852.1	1069201	10670	0	244	1000	1
DRR454434.1923	NC_054852.1	1069201	15350	256	239	1000	1
DRR454434.1063	NC_054852.1	1069201	7630	0	243	1000	1
DRR454434.2336	NC_054852.1	1069201	9028	400	268	1000	1
DRR454434.1205	NC_054852.1	1069201	18081	0	219	1000	1
DRR454434.524	NC_054852.1	1069201	4250	0	120	1000	1
DRR454434.199	NC_054852.1	1069201	5306	1521	186	1000	1
DRR454434.1467	NC_054852.1	1069201	6573	400	176	1000	1
DRR454434.2708	NC_054852.1	1069201	19898	0	269	1000	1
DRR454434.1299	NC_054852.1	1069201	18274	0	247	1000	1
DRR454434.4038	NC_054852.1	1069201	5365	1024	205	1000	1
DRR454434.3467	NC_054852.1	1069201	5591	100	235	1000	1
DRR454434.2716	NC_054852.1	1069201	2704	1936	67	1000	1
DRR454434.1718	NC_054852.1	1069201	11754	1936	162	1000	1
DRR454434.2823	NC_054852.1	1069201	11586	0	205	1000	1
DRR454434.654	NC_054852.1	1069201	10452	0	259	1000	1
DRR454434.3828	NC_054852.1	1069201	13853	576	241	1000	1
DRR454434.1140	NC_054852.1	1069201	18902	0	261	1000	1
DRR454434.1598	NC_054852.1	1069201	16229	0	238	1000	1
DRR454434.2302	NC_054852.1	1069201	15094	0	278	1000	1
DRR454434.4684	NC_054852.1	1069201	11854	0	209	1000	1
DRR454434.273	NC_054852.1	1069201	7940	0	156	1000	1
DRR454434.1542	NC_054852.1	1069201	9337	0	233	1000	1
DRR454434.1110	NC_054852.1	1069201	14633	0	238	1000	1
DRR454434.2610	NC_054852.1	1069201	10686	256	232	1000	1
DRR454434.2927	NC_012860.1	573826	244	0	52	1000	1
DRR454434.3710	NC_054852.1	1069201	5005	0	197	1000	1
DRR454434.2342	NC_054852.1	1069201	12278	441	238	1000	1
DRR454434.917	NC_054852.1	1069201	9686	1936	177	1000	1
DRR454434.280	NC_054852.1	1069201	12168	0	186	1000	1
DRR454434.4803	NC_054852.1	1069201	14521	1369	181	1000	1
DRR454434.2523	NC_054852.1	1069201	5874	0	171	1000	1
DRR454434.3139	NC_054852.1	1069201	9770	121	228	1000	1
DRR454434.3610	NC_054852.1	1069201	12233	0	185	1000	1
DRR454434.2436	NC_054852.1	1069201	4346	121	160	1000	1
DRR454434.2013	NC_054852.1	1069201	3874	81	139	1000	1
DRR454434.341	NC_054852.1	1069201	19710	0	249	1000	1
DRR454434.2669	NC_054852.1	1069201	7820	0	171	1000	1
DRR454434.2084	NC_054852.1	1069201	10794	0	203	1000	1
DRR454434.2582	NC_054852.1	1069201	8366	1225	189	1000	1
DRR454434.3233	NC_054852.1	1069201	8442	0	216	1000	1
DRR454434.1415	NC_054852.1	1069201	9766	0	211	1000	1
DRR454434.2391	NC_054852.1	1069201	6348	0	202	1000	1
DRR454434.2482	NC_054852.1	1069201	15838	0	235	1000	1
DRR454434.4849	NC_054852.1	1069201	17728	0	214	1000	1
DRR454434.1488	NC_054690.1	5007	1444	1075	53	1000	1
DRR454434.984	NC_054852.1	1069201	15639	169	257	1000	1
DRR454434.1970	NC_054852.1	1069201	6050	225	159	1000	1
DRR454434.2541	NC_054852.1	1069201	7894	2025	192	1000	1
DRR454434.2227	NC_054852.1	1069201	19342	0	271	1000	1
DRR454434.2332	NC_054852.1	1069201	10219	81	178	1000	1
DRR454434.3207	NC_054852.1	1069201	7158	0	190	1000	1
DRR454434.1659	NC_054852.1	1069201	8996	256	218	1000	1
DRR454434.4441	NC_054852.1	1069201	11013	0	259	1000	1
DRR454434.2703	NC_054852.1	1069201	3383	121	190	1000	1
DRR454434.4423	NC_054852.1	1069201	15509	0	234	1000	1
DRR454434.2829	NC_054852.1	1069201	4465	64	173	1000	1
DRR454434.2233	NC_054852.1	1069201	18413	0	215	1000	1
DRR454434.2540	NC_054852.1	1069201	9258	256	208	1000	1
DRR454434.877	NC_054852.1	1069201	9451	0	243	1000	1
DRR454434.350	NC_054852.1	1069201	12353	484	216	1000	1
DRR454434.1666	NC_054852.1	1069201	10478	0	228	1000	1
DRR454434.418	NC_054852.1	1069201	9109	0	229	1000	1
DRR454434.3165	NC_054852.1	1069201	7998	1210	194	1000	1
DRR454434.363	NC_054852.1	1069201	5414	676	163	1000	1
DRR454434.1039	NC_054852.1	1069201	6046	0	225	1000	1
DRR454434.365	NC_054852.1	1069201	17588	0	204	1000	1
DRR454434.4472	NC_054852.1	1069201	3774	1936	131	1000	1
DRR454434.1629	NC_054852.1	1069201	13397	1296	249	1000	1
DRR454434.4456	NC_054852.1	1069201	11521	144	254	1000	1
DRR454434.1541	NC_054852.1	1069201	12631	2401	245	1000	1
DRR454434.2066	NC_054852.1	1069201	11226	196	226	1000	1
DRR454434.931	NC_054852.1	1069201	8066	2025	151	1000	1
DRR454434.3634	NC_054852.1	1069201	20179	0	268	1000	1
DRR454434.4272	NC_054852.1	1069201	14255	0	287	1000	1
DRR454434.95	NC_054852.1	1069201	6710	81	192	1000	1
DRR454434.4444	NC_054852.1	1069201	7225	2116	100	1000	1
DRR454434.2092	NC_054852.1	1069201	9258	0	235	1000	1
DRR454434.3149	NC_054852.1	1069201	4981	1936	179	1000	1
DRR454434.4069	NC_054852.1	1069201	8846	1936	175	1000	1
DRR454434.1813	NC_054852.1	1069201	19060	0	224	1000	1
DRR454434.229	NC_054852.1	1069201	10283	0	247	1000	1
DRR454434.2007	NC_054852.1	1069201	5142	676	200	1000	1
DRR454434.4938	NC_054852.1	1069201	2554	1600	185	1000	1
DRR454434.8	NC_054852.1	1069201	10850	0	203	1000	1
DRR454434.3522	NC_054852.1	1069201	5594	0	188	1000	1
DRR454434.1770	NC_054852.1	1069201	11686	0	221	1000	1
DRR454434.1199	NC_054852.1	1069201	11709	0	183	1000	1
DRR454434.3927	NC_054852.1	1069201	13058	0	231	1000	1
DRR454434.2872	NC_054852.1	1069201	10322	0	252	1000	1
DRR454434.1839	NC_054852.1	1069201	13906	529	271	1000	1
DRR454434.2796	NC_054852.1	1069201	9385	0	194	1000	1
DRR454434.3459	NC_054852.1	1069201	17811	0	265	1000	1
DRR454434.1446	NC_054852.1	1069201	4695	729	185	1000	1
DRR454434.1930	NC_054852.1	1069201	12097	144	203	1000	1
DRR454434.1304	NC_054852.1	1069201	10075	0	237	1000	1
DRR454434.4677	NC_054852.1	1069201	15863	289	255	1000	1
DRR454434.3549	NC_054852.1	1069201	9773	325	221	1000	1
DRR454434.2364	NC_054852.1	1069201	20627	0	262	1000	1
DRR454434.2631	NC_054852.1	1069201	18661	0	250	1000	1
DRR454434.3359	NC_054852.1	1069201	5059	1089	166	1000	1
DRR454434.827	NC_054852.1	1069201	16911	0	267	1000	1
DRR454434.1566	NC_054852.1	1069201	6610	1764	163	1000	1
DRR454434.158	NC_054852.1	1069201	4657	196	125	1000	1
DRR454434.2936	NC_054852.1	1069201	12627	0	232	1000	1
DRR454434.4539	NC_054852.1	1069201	11786	0	207	1000	1
DRR454434.444	NC_054852.1	1069201	13859	0	236	1000	1
DRR454434.2191	NC_054852.1	1069201	3856	441	106	1000	1
DRR454434.1147	NC_054852.1	1069201	3636	225	170	1000	1
DRR454434.1935	NC_054852.1	1069201	20214	0	261	1000	1
DRR454434.4892	NC_054852.1	1069201	14339	0	238	1000	1
DRR454434.3966	NC_054852.1	1069201	19853	0	225	1000	1
DRR454434.1671	NC_054852.1	1069201	13979	0	240	1000	1
DRR454434.1874	NC_054852.1	1069201	13312	0	190	1000	1
DRR454434.4351	NC_054852.1	1069201	10287	0	221	1000	1
DRR454434.218	NC_054852.1	1069201	3901	1936	146	1000	1
DRR454434.2998	NC_054852.1	1069201	14651	0	240	1000	1
DRR454434.2656	NC_054852.1	1069201	15172	0	200	1000	1
DRR454434.4167	NC_054852.1	1069201	6670	1936	181	1000	1
DRR454434.3322	NC_054852.1	1069201	17225	0	213	1000	1
DRR454434.722	NC_054852.1	1069201	9382	0	230	1000	1
DRR454434.1308	NC_054852.1	1069201	9877	0	227	1000	1
DRR454434.987	NC_054852.1	1069201	10121	0	171	1000	1
DRR454434.3417	NC_054852.1	1069201	12830	676	193	1000	1
DRR454434.1072	NC_054852.1	1069201	5818	121	194	1000	1
DRR454434.1202	NC_054852.1	1069201	11987	1936	190	1000	1
DRR454434.208	NC_054852.1	1069201	7996	0	253	1000	1
DRR454434.4635	NC_054852.1	1069201	6627	0	170	1000	1
DRR454434.777	NC_054852.1	1069201	10188	484	204	1000	1
DRR454434.4225	NC_054852.1	1069201	8442	1521	171	1000	1
DRR454434.4703	NC_054852.1	1069201	11225	169	260	1000	1
DRR454434.1551	NC_054852.1	1069201	7198	890	251	1000	1
DRR454434.1871	NC_054852.1	1069201	9577	361	157	1000	1
DRR454434.3118	NC_054852.1	1069201	9234	625	197	1000	1
DRR454434.3345	NC_054852.1	1069201	9569	0	186	1000	1
DRR454434.2238	NC_054852.1	1069201	16742	64	235	1000	1
DRR454434.3452	NC_054852.1	1069201	24563	0	294	1000	1
DRR454434.4554	NC_054852.1	1069201	10099	1225	188	1000	1
DRR454434.4168	NC_054852.1	1069201	7258	0	208	1000	1
DRR454434.310	NC_054852.1	1069201	10294	0	253	1000	1
DRR454434.886	NC_054852.1	1069201	16778	0	210	1000	1
DRR454434.2678	NC_054852.1	1069201	9989	0	231	1000	1
DRR454434.4777	NC_054852.1	1069201	8345	484	129	1000	1
DRR454434.4980	NC_054852.1	1069201	4923	225	150	1000	1
DRR454434.3720	NC_054852.1	1069201	11613	121	231	1000	1
DRR454434.591	NC_054852.1	1069201	7444	81	152	1000	1
DRR454434.3757	NC_054852.1	1069201	8241	0	178	1000	1
DRR454434.1680	NC_054852.1	1069201	4590	481	176	1000	1
DRR454434.2367	NC_054852.1	1069201	9034	0	181	1000	1
DRR454434.4946	NC_054852.1	1069201	9699	1936	166	1000	1
DRR454434.1362	NC_054852.1	1069201	15329	0	232	1000	1
DRR454434.4162	NC_054852.1	1069201	12554	0	217	1000	1
DRR454434.4454	NC_054852.1	1069201	15637	0	248	1000	1
DRR454434.1297	NC_012860.1	573826	3881	0	161	1000	1
DRR454434.1480	NC_054852.1	1069201	20731	0	272	1000	1
DRR454434.2859	NC_054852.1	1069201	4984	841	157	1000	1
DRR454434.4888	NC_054852.1	1069201	8298	64	144	1000	1
DRR454434.2901	NC_054852.1	1069201	12096	0	213	1000	1
DRR454434.2116	NC_054852.1	1069201	10478	484	257	1000	1
DRR454434.4799	NC_054852.1	1069201	12449	0	224	1000	1
DRR454434.981	NC_054852.1	1069201	18619	0	256	1000	1
DRR454434.2833	NC_054852.1	1069201	5213	0	193	1000	1
DRR454434.758	NC_054852.1	1069201	12347	1936	192	1000	1
DRR454434.3687	NC_054852.1	1069201	5317	0	170	1000	1
DRR454434.1002	NC_054852.1	1069201	7878	64	226	1000	1
DRR454434.3839	NC_054852.1	1069201	14266	1936	197	1000	1
DRR454434.799	NC_054852.1	1069201	4146	1296	188	1000	1
DRR454434.1973	NC_054852.1	1069201	17681	0	211	1000	1
DRR454434.2491	NC_054852.1	1069201	7514	0	152	1000	1
DRR454434.2944	NC_054852.1	1069201	3846	144	182	1000	1
DRR454434.1927	NC_054852.1	1069201	10690	0	230	1000	1
DRR454434.1179	NC_054852.1	1069201	5157	1024	197	1000	1
DRR454434.1178	NC_054852.1	1069201	15841	0	255	1000	1
DRR454434.137	NC_054852.1	1069201	8644	144	187	1000	1
DRR454434.2618	NC_054852.1	1069201	14815	0	289	1000	1
DRR454434.2612	NC_054852.1	1069201	3871	0	169	1000	1
DRR454434.2649	NC_054852.1	1069201	2260	1849	92	1000	1
DRR454434.1047	NC_054852.1	1069201	18014	0	259	1000	1
DRR454434.3599	NC_054852.1	1069201	14898	0	262	1000	1
DRR454434.790	NC_054852.1	1069201	4906	369	182	1000	1
DRR454434.1739	NC_054852.1	1069201	17725	0	215	1000	1
DRR454434.3330	NC_054852.1	1069201	14089	0	197	1000	1
DRR454434.438	NC_054852.1	1069201	13406	1936	179	1000	1
DRR454434.155	NC_054852.1	1069201	6661	169	184	1000	1
DRR454434.4429	NC_054852.1	1069201	2765	1936	114	1000	1
DRR454434.430	NC_054852.1	1069201	18178	0	220	1000	1
DRR454434.1579	NC_054852.1	1069201	21377	0	278	1000	1
DRR454434.4751	NC_054852.1	1069201	16709	576	234	1000	1
DRR454434.2459	NC_054852.1	1069201	4562	484	250	1000	1
DRR454434.1037	NC_054852.1	1069201	9151	1024	264	1000	1
DRR454434.465	NC_054852.1	1069201	13085	1849	179	1000	1
DRR454434.593	NC_054852.1	1069201	13345	2500	218	1000	1
DRR454434.3141	NC_054852.1	1069201	10930	1936	158	1000	1
DRR454434.2747	NC_054852.1	1069201	4496	1936	114	1000	1
DRR454434.2499	NC_054852.1	1069201	7769	324	207	1000	1
DRR454434.2473	NC_054852.1	1069201	7076	1024	210	1000	1
DRR454434.3523	NC_054852.1	1069201	9211	0	182	1000	1
DRR454434.4517	NC_054852.1	1069201	3597	808	196	1000	1
DRR454434.1244	NC_054852.1	1069201	7324	1089	202	1000	1
DRR454434.1532	NC_054852.1	1069201	15254	0	235	1000	1
DRR454434.3103	NC_054852.1	1069201	9884	0	224	1000	1
DRR454434.2221	NC_054852.1	1069201	17603	0	254	1000	1
DRR454434.3498	NC_054852.1	1069201	8028	169	237	1000	1
DRR454434.843	NC_054852.1	1069201	14890	1936	176	1000	1
DRR454434.4385	NC_054852.1	1069201	9001	0	161	1000	1
DRR454434.3030	NC_054852.1	1069201	6626	1936	159	1000	1
DRR454434.3361	NC_054852.1	1069201	18041	0	219	1000	1
DRR454434.795	NC_054852.1	1069201	7005	0	172	1000	1
DRR454434.2252	NC_054852.1	1069201	9164	0	216	1000	1
DRR454434.4996	NC_054852.1	1069201	13397	0	228	1000	1
DRR454434.3632	NC_054852.1	1069201	1147	522	100	1000	1
DRR454434.872	NC_054852.1	1069201	3734	441	147	1000	1
DRR454434.2164	NC_054852.1	1069201	2554	1936	127	1000	1
DRR454434.1879	NC_054852.1	1069201	3226	1521	168	1000	1
DRR454434.393	NC_054852.1	1069201	10629	0	184	1000	1
DRR454434.2175	NC_054852.1	1069201	11051	576	225	1000	1
DRR454434.2838	NC_054852.1	1069201	9516	0	241	1000	1
DRR454434.2854	NC_054852.1	1069201	16132	0	200	1000	1
DRR454434.3221	NC_054852.1	1069201	13109	0	183	1000	1
DRR454434.4981	NC_054852.1	1069201	22574	0	265	1000	1
DRR454434.2229	NC_054852.1	1069201	6362	961	241	1000	1
DRR454434.96	NC_054852.1	1069201	6445	0	211	1000	1
DRR454434.31	NC_054852.1	1069201	4586	1521	149	1000	1
DRR454434.3236	NC_054852.1	1069201	7033	0	166	1000	1
DRR454434.148	NC_054852.1	1069201	5594	1936	132	1000	1
DRR454434.2993	NC_054852.1	1069201	4514	0	186	1000	1
DRR454434.2128	NC_054852.1	1069201	4210	64	176	1000	1
DRR454434.1364	NC_054852.1	1069201	5175	841	230	1000	1
DRR454434.4883	NC_054852.1	1069201	12488	0	240	1000	1
DRR454434.2720	NC_054852.1	1069201	9030	0	228	1000	1
DRR454434.3156	NC_054852.1	1069201	3798	1764	129	1000	1
DRR454434.203	NC_054852.1	1069201	8367	361	219	1000	1
DRR454434.635	NC_054852.1	1069201	12434	196	225	1000	1
DRR454434.1704	NC_054852.1	1069201	7570	144	208	1000	1
DRR454434.3774	NC_054852.1	1069201	8324	1024	152	1000	1
DRR454434.3236	NC_054852.1	1069201	6697	0	158	1000	1
DRR454434.2020	NC_054852.1	1069201	9221	0	233	1000	1
DRR454434.4735	NC_054852.1	1069201	3875	1746	204	1000	1
DRR454434.2742	NC_054852.1	1069201	4571	729	150	1000	1
DRR454434.2464	NC_054852.1	1069201	16225	169	244	1000	1
DRR454434.1069	NC_054852.1	1069201	10358	0	199	1000	1
DRR454434.2901	NC_054852.1	1069201	12096	0	213	1000	1
DRR454434.3485	NC_054852.1	1069201	14906	900	270	1000	1
DRR454434.3788	NC_054852.1	1069201	9501	1810	272	1000	1
DRR454434.4443	NC_054852.1	1069201	11767	0	245	1000	1
DRR454434.2439	NC_054852.1	1069201	15417	0	220	1000	1
DRR454434.3667	NC_054852.1	1069201	15783	0	277	1000	1
DRR454434.4597	NC_012860.1	573826	740	0	68	1000	1
DRR454434.112	NC_054852.1	1069201	17681	0	248	1000	1
DRR454434.1414	NC_054852.1	1069201	12922	0	272	1000	1
DRR454434.3746	NC_054852.1	1069201	7994	169	195	1000	1
DRR454434.1763	NC_054852.1	1069201	8510	1156	191	1000	1
DRR454434.4589	NC_054852.1	1069201	5333	1444	195	1000	1
DRR454434.1463	NC_054852.1	1069201	6690	0	262	1000	1
DRR454434.3690	NC_054852.1	1069201	8043	0	215	1000	1
DRR454434.1269	NC_054852.1	1069201	17593	0	215	1000	1
DRR454434.894	NC_054852.1	1069201	15194	0	219	1000	1
DRR454434.2799	NC_054852.1	1069201	14625	0	201	1000	1
DRR454434.1504	NC_054852.1	1069201	12547	593	238	1000	1
DRR454434.3685	NC_054852.1	1069201	11981	1936	149	1000	1
DRR454434.3321	NC_054852.1	1069201	13194	400	191	1000	1
DRR454434.2927	NC_012860.1	573826	424	0	58	1000	1
DRR454434.1171	NC_054852.1	1069201	7698	873	221	1000	1
DRR454434.4016	NC_054852.1	1069201	6084	1936	93	1000	1
DRR454434.4521	NC_054852.1	1069201	11681	0	257	1000	1
DRR454434.1698	NC_054852.1	1069201	3329	1764	175	1000	1
DRR454434.618	NC_054852.1	1069201	9863	324	225	1000	1
DRR454434.3380	NC_054852.1	1069201	12874	0	215	1000	1
DRR454434.2045	NC_054852.1	1069201	11495	2025	237	1000	1
DRR454434.3019	NC_054852.1	1069201	11258	0	171	1000	1
DRR454434.3176	NC_054852.1	1069201	12275	0	226	1000	1
DRR454434.4911	NC_054852.1	1069201	6678	0	200	1000	1
DRR454434.1386	NC_054852.1	1069201	9990	484	202	1000	1
DRR454434.2662	NC_054852.1	1069201	3574	256	222	1000	1
DRR454434.2694	NC_054852.1	1069201	4763	289	223	1000	1
DRR454434.1357	NC_054852.1	1069201	16000	0	206	1000	1
DRR454434.4127	NC_054852.1	1069201	19522	0	257	1000	1
DRR454434.3595	NC_054852.1	1069201	11670	1936	193	1000	1
DRR454434.4836	NC_054852.1	1069201	8605	0	246	1000	1
DRR454434.2551	NC_054852.1	1069201	4806	676	191	1000	1
DRR454434.3470	NC_054852.1	1069201	4198	980	211	1000	1
DRR454434.663	NC_054852.1	1069201	14164	0	188	1000	1
DRR454434.282	NC_054852.1	1069201	14541	0	244	1000	1
DRR454434.2218	NC_054852.1	1069201	6005	196	166	1000	1
DRR454434.4301	NC_054852.1	1069201	11633	1024	165	1000	1
DRR454434.1019	NC_054852.1	1069201	9957	0	210	1000	1
DRR454434.4574	NC_054852.1	1069201	4482	0	188	1000	1
DRR454434.1777	NC_054852.1	1069201	13343	0	263	1000	1
DRR454434.4362	NC_054852.1	1069201	7348	361	194	1000	1
DRR454434.4218	NC_054852.1	1069201	11247	0	241	1000	1
DRR454434.2952	NC_054852.1	1069201	5611	1225	232	1000	1
DRR454434.4213	NC_054852.1	1069201	4878	0	159	1000	1
DRR454434.2515	NC_054852.1	1069201	6685	0	209	1000	1
DRR454434.711	NC_054852.1	1069201	7791	1936	195	1000	1
DRR454434.364	NC_054852.1	1069201	9259	0	190	1000	1
DRR454434.2881	NC_054852.1	1069201	13754	0	246	1000	1
DRR454434.711	NC_054852.1	1069201	7791	1936	195	1000	1
DRR454434.1124	NC_054852.1	1069201	4811	729	162	1000	1
DRR454434.3713	NC_054852.1	1069201	8084	196	159	1000	1
DRR454434.946	NC_054852.1	1069201	9176	0	236	1000	1
DRR454434.3217	NC_054852.1	1069201	12433	0	185	1000	1
DRR454434.1899	NC_054852.1	1069201	13699	289	206	1000	1
DRR454434.4259	NC_054852.1	1069201	8610	441	226	1000	1
DRR454434.1679	NC_054852.1	1069201	6078	0	159	1000	1
DRR454434.144	NC_054852.1	1069201	2946	1936	156	1000	1
DRR454434.2192	NC_054852.1	1069201	12145	0	253	1000	1
DRR454434.4235	NC_054852.1	1069201	7098	0	218	1000	1
DRR454434.3207	NC_054852.1	1069201	7158	0	190	1000	1
DRR454434.49	NC_054852.1	1069201	9685	0	163	1000	1
DRR454434.3151	NC_054852.1	1069201	7753	1156	254	1000	1
DRR454434.1008	NC_054852.1	1069201	13753	0	185	1000	1
DRR454434.3956	NC_054852.1	1069201	4250	1936	152	1000	1
DRR454434.207	NC_054852.1	1069201	13298	256	180	1000	1
DRR454434.254	NC_054852.1	1069201	13642	144	221	1000	1
DRR454434.1702	NC_054852.1	1069201	15977	0	207	1000	1
DRR454434.4443	NC_054852.1	1069201	11626	0	244	1000	1
DRR454434.4459	NC_054852.1	1069201	3903	1565	182	1000	1
DRR454434.4645	NC_054852.1	1069201	9394	0	226	1000	1
DRR454434.3571	NC_054852.1	1069201	14020	0	196	1000	1
DRR454434.38	NC_054852.1	1069201	11366	0	252	1000	1
DRR454434.58	NC_054852.1	1069201	5051	1681	220	1000	1
DRR454434.1942	NC_054852.1	1069201	17280	0	237	1000	1
DRR454434.3068	NC_054852.1	1069201	4096	2260	203	1000	1
DRR454434.347	NC_054852.1	1069201	10799	0	255	1000	1
DRR454434.1367	NC_054852.1	1069201	10114	1936	181	1000	1
DRR454434.3939	NC_054852.1	1069201	13236	484	215	1000	1
DRR454434.4650	NC_054852.1	1069201	18094	0	276	1000	1
DRR454434.2472	NC_054852.1	1069201	6460	484	221	1000	1
DRR454434.1954	NC_054852.1	1069201	10851	0	202	1000	1
DRR454434.4525	NC_054852.1	1069201	8429	0	225	1000	1
DRR454434.124	NC_054852.1	1069201	14838	0	235	1000	1
DRR454434.4957	NC_054852.1	1069201	1985	1521	114	1000	1
DRR454434.2449	NC_054852.1	1069201	7119	0	209	1000	1
DRR454434.2136	NC_054852.1	1069201	10278	0	234	1000	1
DRR454434.1575	NC_054852.1	1069201	8030	289	208	1000	1
DRR454434.4568	NC_054852.1	1069201	19162	0	251	1000	1
DRR454434.558	NC_054852.1	1069201	13601	0	243	1000	1
DRR454434.3403	NC_054852.1	1069201	16208	100	210	1000	1
DRR454434.1340	NC_054852.1	1069201	12178	1936	164	1000	1
DRR454434.207	NC_054852.1	1069201	13298	121	180	1000	1
DRR454434.4760	NC_054852.1	1069201	20514	0	253	1000	1
DRR454434.125	NC_054852.1	1069201	14705	0	197	1000	1
DRR454434.2735	NC_054852.1	1069201	8685	100	186	1000	1
DRR454434.4255	NC_054852.1	1069201	15313	0	205	1000	1
DRR454434.4963	NC_054852.1	1069201	1850	529	117	1000	1
DRR454434.2662	NC_054852.1	1069201	3318	0	191	1000	1
DRR454434.3996	NC_054852.1	1069201	14121	1764	216	1000	1
DRR454434.3113	NC_054852.1	1069201	13407	0	272	1000	1
DRR454434.1777	NC_054852.1	1069201	13343	0	263	1000	1
DRR454434.2056	NC_054852.1	1069201	10376	0	240	1000	1
DRR454434.3439	NC_054852.1	1069201	12335	0	253	1000	1
DRR454434.4361	NC_054852.1	1069201	19203	2209	254	1000	1
DRR454434.1552	NC_054852.1	1069201	10653	0	176	1000	1
DRR454434.702	NC_054852.1	1069201	13038	0	199	1000	1
DRR454434.1014	NC_054852.1	1069201	16223	441	273	1000	1
DRR454434.2673	NC_054852.1	1069201	14856	0	241	1000	1
DRR454434.177	NC_054852.1	1069201	9371	0	192	1000	1
DRR454434.4572	NC_054852.1	1069201	16650	81	233	1000	1
DRR454434.453	NC_054852.1	1069201	16785	0	213	1000	1
DRR454434.2274	NC_054852.1	1069201	12353	0	257	1000	1
DRR454434.3527	NC_054852.1	1069201	19790	0	253	1000	1
DRR454434.606	NC_054852.1	1069201	2674	81	131	1000	1
DRR454434.3190	NC_054852.1	1069201	9112	0	205	1000	1
DRR454434.4046	NC_054852.1	1069201	11196	1089	230	1000	1
DRR454434.3001	NC_054852.1	1069201	14800	0	202	1000	1
DRR454434.4623	NC_054852.1	1069201	8018	1521	179	1000	1
DRR454434.848	NC_054852.1	1069201	17323	0	254	1000	1
DRR454434.2611	NC_054852.1	1069201	9318	0	216	1000	1
DRR454434.2144	NC_054852.1	1069201	11804	0	246	1000	1
DRR454434.1335	NC_054852.1	1069201	18213	0	256	1000	1
DRR454434.4963	NC_054852.1	1069201	1850	529	117	1000	1
DRR454434.1979	NC_054852.1	1069201	4164	0	143	1000	1
DRR454434.2734	NC_054852.1	1069201	14890	1936	176	1000	1
DRR454434.3590	NC_054852.1	1069201	11123	484	206	1000	1
DRR454434.1124	NC_054852.1	1069201	4811	729	162	1000	1
DRR454434.465	NC_054852.1	1069201	13085	1849	179	1000	1
DRR454434.1037	NC_054852.1	1069201	9004	1024	263	1000	1
DRR454434.3233	NC_054852.1	1069201	8442	0	216	1000	1
DRR454434.2356	NC_054852.1	1069201	6561	1936	96	1000	1
DRR454434.703	NC_054852.1	1069201	9198	196	195	1000	1
DRR454434.2731	NC_054852.1	1069201	13787	289	226	1000	1
DRR454434.2101	NC_054852.1	1069201	7749	64	166	1000	1
DRR454434.4744	NC_054852.1	1069201	8388	0	195	1000	1
DRR454434.2607	NC_054852.1	1069201	7211	0	215	1000	1
DRR454434.300	NC_054852.1	1069201	18311	0	273	1000	1
DRR454434.2736	NC_054852.1	1069201	13924	1936	133	1000	1
DRR454434.967	NC_054852.1	1069201	3940	0	174	1000	1
DRR454434.536	NC_054852.1	1069201	13734	0	211	1000	1
DRR454434.2122	NC_054852.1	1069201	6357	361	238	1000	1
DRR454434.4190	NC_054852.1	1069201	12686	0	195	1000	1
DRR454434.1683	NC_054852.1	1069201	7215	81	249	1000	1
DRR454434.3450	NC_054852.1	1069201	9090	0	156	1000	1
DRR454434.4533	NC_054852.1	1069201	10701	576	159	1000	1
DRR454434.2501	NC_054852.1	1069201	20282	0	257	1000	1
DRR454434.1095	NC_054852.1	1069201	10086	0	211	1000	1
DRR454434.1262	NC_054852.1	1069201	2336	729	117	1000	1
DRR454434.3138	NC_054852.1	1069201	14005	0	197	1000	1
DRR454434.29	NC_054852.1	1069201	4420	1936	104	1000	1
DRR454434.3319	NC_054852.1	1069201	13419	0	218	1000	1
DRR454434.1989	NC_054852.1	1069201	6435	1936	156	1000	1
DRR454434.3466	NC_054852.1	1069201	5150	1936	163	1000	1
DRR454434.1854	NC_054852.1	1069201	8428	0	191	1000	1
DRR454434.1419	NC_054852.1	1069201	3208	1936	110	1000	1
DRR454434.4597	NC_012860.1	573826	740	0	68	1000	1
DRR454434.1709	NC_054852.1	1069201	7870	1777	231	1000	1
DRR454434.2564	NC_054852.1	1069201	6978	225	262	1000	1
DRR454434.1831	NC_054852.1	1069201	5503	169	220	1000	1
DRR454434.3791	NC_054852.1	1069201	7119	169	189	1000	1
DRR454434.2415	NC_054852.1	1069201	13595	0	255	1000	1
DRR454434.3231	NC_054852.1	1069201	6558	0	206	1000	1
DRR454434.2311	NC_054852.1	1069201	3751	0	204	1000	1
DRR454434.4239	NC_054852.1	1069201	14486	0	237	1000	1
DRR454434.1945	NC_054852.1	1069201	14228	0	211	1000	1
DRR454434.1127	NC_054852.1	1069201	4904	2304	165	1000	1
DRR454434.4420	NC_054852.1	1069201	11474	361	253	1000	1
DRR454434.3108	NC_054852.1	1069201	6591	1369	197	1000	1
DRR454434.3395	NC_054852.1	1069201	12644	0	152	1000	1
DRR454434.2668	NC_054852.1	1069201	8603	576	201	1000	1
DRR454434.791	NC_054852.1	1069201	13194	2025	195	1000	1
DRR454434.736	NC_054852.1	1069201	5279	1089	195	1000	1
DRR454434.2608	NC_054852.1	1069201	11162	169	203	1000	1
DRR454434.3528	NC_054852.1	1069201	17354	0	241	1000	1
DRR454434.549	NC_054852.1	1069201	9602	121	222	1000	1
DRR454434.3524	NC_054852.1	1069201	15822	81	254	1000	1
DRR454434.168	NC_054852.1	1069201	9636	0	191	1000	1
DRR454434.537	NC_054852.1	1069201	4370	0	159	1000	1
DRR454434.3233	NC_054852.1	1069201	8442	0	216	1000	1
DRR454434.895	NC_054852.1	1069201	11684	0	287	1000	1
DRR454434.4576	NC_054852.1	1069201	12491	784	225	1000	1
DRR454434.4562	NC_054852.1	1069201	12242	225	208	1000	1
DRR454434.2515	NC_054852.1	1069201	6685	0	209	1000	1
DRR454434.2162	NC_054852.1	1069201	5925	0	226	1000	1
DRR454434.699	NC_054852.1	1069201	6017	1681	205	1000	1
DRR454434.3037	NC_054852.1	1069201	9428	1936	175	1000	1
DRR454434.1686	NC_054852.1	1069201	8043	0	209	1000	1
DRR454434.4876	NC_054852.1	1069201	16203	324	268	1000	1
DRR454434.4459	NC_054852.1	1069201	4007	1669	186	1000	1
DRR454434.2702	NC_054852.1	1069201	13675	0	275	1000	1
DRR454434.1208	NC_054852.1	1069201	14115	0	238	1000	1
DRR454434.969	NC_054852.1	1069201	3482	1521	143	1000	1
DRR454434.1671	NC_054852.1	1069201	13979	0	240	1000	1
DRR454434.1763	NC_054852.1	1069201	8510	1225	191	1000	1
DRR454434.4225	NC_054852.1	1069201	8442	1296	171	1000	1
DRR454434.1397	NC_054852.1	1069201	3962	576	207	1000	1
DRR454434.3446	NC_054852.1	1069201	9733	1521	145	1000	1
DRR454434.2589	NC_054852.1	1069201	4222	0	184	1000	1
DRR454434.1605	NC_054852.1	1069201	11362	0	217	1000	1
DRR454434.3155	NC_054852.1	1069201	9610	0	154	1000	1
DRR454434.4491	NC_054852.1	1069201	12393	2025	165	1000	1
DRR454434.4926	NC_054852.1	1069201	14714	0	231	1000	1
DRR454434.2532	NC_054852.1	1069201	12765	0	214	1000	1
DRR454434.3841	NC_054852.1	1069201	8758	256	216	1000	1
DRR454434.2765	NC_054852.1	1069201	20813	0	229	1000	1
DRR454434.747	NC_054852.1	1069201	3971	0	150	1000	1
DRR454434.3039	NC_054852.1	1069201	7109	128	224	1000	1
DRR454434.3256	NC_054852.1	1069201	13245	361	233	1000	1
DRR454434.2589	NC_054852.1	1069201	4222	0	184	1000	1
DRR454434.1320	NC_054852.1	1069201	13444	1936	172	1000	1
DRR454434.898	NC_054852.1	1069201	8909	196	160	1000	1
DRR454434.3000	NC_054852.1	1069201	11194	0	215	1000	1
DRR454434.4382	NC_054852.1	1069201	4381	729	216	1000	1
DRR454434.775	NC_054852.1	1069201	12408	0	244	1000	1
DRR454434.3094	NC_054852.1	1069201	2385	1936	122	1000	1
DRR454434.766	NC_054852.1	1069201	2953	676	134	1000	1
DRR454434.2931	NC_054852.1	1069201	19769	0	252	1000	1
DRR454434.4949	NC_054852.1	1069201	10070	0	207	1000	1
DRR454434.4898	NC_054852.1	1069201	16058	0	276	1000	1
DRR454434.2173	NC_054852.1	1069201	4942	884	217	1000	1
DRR454434.3036	NC_054852.1	1069201	19652	0	267	1000	1
DRR454434.4405	NC_054852.1	1069201	14628	0	290	1000	1
DRR454434.4553	NC_054852.1	1069201	13418	0	215	1000	1
DRR454434.1399	NC_054852.1	1069201	17533	0	215	1000	1
DRR454434.2659	NC_054852.1	1069201	10625	1444	204	1000	1
DRR454434.4534	NC_054852.1	1069201	7430	1936	159	1000	1
DRR454434.3114	NC_054852.1	1069201	13770	0	231	1000	1
DRR454434.889	NC_054852.1	1069201	13086	0	217	1000	1
DRR454434.3955	NC_054852.1	1069201	7205	64	172	1000	1
DRR454434.2742	NC_054852.1	1069201	4571	729	150	1000	1
DRR454434.2900	NC_054852.1	1069201	13666	1024	166	1000	1
DRR454434.643	NC_054852.1	1069201	17102	256	245	1000	1
DRR454434.3603	NC_054852.1	1069201	16885	0	238	1000	1
DRR454434.1047	NC_054852.1	1069201	18410	0	261	1000	1
DRR454434.4222	NC_054852.1	1069201	7785	1764	141	1000	1
DRR454434.2081	NC_054852.1	1069201	12593	256	218	1000	1
DRR454434.2664	NC_054852.1	1069201	7286	484	161	1000	1
DRR454434.2181	NC_054852.1	1069201	11779	0	220	1000	1
DRR454434.3587	NC_054852.1	1069201	12410	100	168	1000	1
DRR454434.4285	NC_054852.1	1069201	6495	196	209	1000	1
DRR454434.3238	NC_054852.1	1069201	8321	1936	172	1000	1
DRR454434.3309	NC_054852.1	1069201	8758	0	251	1000	1
DRR454434.1841	NC_054852.1	1069201	9337	0	245	1000	1
DRR454434.27	NC_054852.1	1069201	14776	0	245	1000	1
DRR454434.3202	NC_054852.1	1069201	5358	100	219	1000	1
DRR454434.2166	NC_054852.1	1069201	10162	0	197	1000	1
DRR454434.1424	NC_054852.1	1069201	4210	1936	116	1000	1
DRR454434.128	NC_054852.1	1069201	5985	0	185	1000	1
DRR454434.2385	NC_054852.1	1069201	12665	1936	153	1000	1
DRR454434.1	NC_054852.1	1069201	9230	169	210	1000	1
DRR454434.2899	NC_054852.1	1069201	4834	2116	145	1000	1
DRR454434.1399	NC_054852.1	1069201	17533	0	215	1000	1
DRR454434.1430	NC_054852.1	1069201	16057	0	197	1000	1
DRR454434.2371	NC_054852.1	1069201	7289	0	186	1000	1
DRR454434.1999	NC_054852.1	1069201	10374	676	185	1000	1
DRR454434.3775	NC_054852.1	1069201	7798	0	218	1000	1
DRR454434.2215	NC_054852.1	1069201	19700	0	224	1000	1
DRR454434.3891	NC_054852.1	1069201	16474	0	202	1000	1
DRR454434.557	NC_054852.1	1069201	5973	256	191	1000	1
DRR454434.4963	NC_054852.1	1069201	1850	529	117	1000	1
DRR454434.1466	NC_054852.1	1069201	6892	441	251	1000	1
DRR454434.4884	NC_054852.1	1069201	12342	1296	259	1000	1
DRR454434.3526	NC_054852.1	1069201	13494	0	268	1000	1
DRR454434.4566	NC_054852.1	1069201	19669	0	227	1000	1
DRR454434.1113	NC_054852.1	1069201	12214	0	221	1000	1
DRR454434.3947	NC_054852.1	1069201	2455	100	180	1000	1
DRR454434.684	NC_054852.1	1069201	9825	484	227	1000	1
DRR454434.3076	NC_054852.1	1069201	14906	0	194	1000	1
DRR454434.3233	NC_054852.1	1069201	8442	0	216	1000	1
DRR454434.1806	NC_054852.1	1069201	10225	676	194	1000	1
DRR454434.1811	NC_054852.1	1069201	13229	0	230	1000	1
DRR454434.4544	NC_054852.1	1069201	11004	346	245	1000	1
DRR454434.4223	NC_054852.1	1069201	9090	1024	156	1000	1
DRR454434.527	NC_054852.1	1069201	2228	1600	96	1000	1
DRR454434.2843	NC_054852.1	1069201	12787	0	226	1000	1
DRR454434.983	NC_054852.1	1069201	12017	0	185	1000	1
DRR454434.685	NC_054852.1	1069201	11362	0	242	1000	1
DRR454434.4216	NC_054852.1	1069201	8650	1849	146	1000	1
DRR454434.2806	NC_054852.1	1069201	10069	0	167	1000	1
DRR454434.952	NC_054852.1	1069201	17342	0	237	1000	1
DRR454434.2559	NC_054852.1	1069201	12999	625	225	1000	1
DRR454434.4577	NC_054852.1	1069201	6470	0	183	1000	1
DRR454434.2933	NC_054852.1	1069201	17118	0	255	1000	1
DRR454434.3578	NC_054852.1	1069201	10982	100	222	1000	1
DRR454434.1742	NC_054852.1	1069201	13774	0	221	1000	1
DRR454434.750	NC_054852.1	1069201	15357	0	222	1000	1
DRR454434.4463	NC_054852.1	1069201	9790	225	197	1000	1
DRR454434.3351	NC_054852.1	1069201	12114	0	225	1000	1
DRR454434.3641	NC_054852.1	1069201	6660	0	214	1000	1
DRR454434.1440	NC_054852.1	1069201	8002	1936	128	1000	1
DRR454434.4498	NC_054852.1	1069201	7287	121	191	1000	1
DRR454434.4094	NC_054852.1	1069201	10934	0	228	1000	1
DRR454434.951	NC_054852.1	1069201	12626	0	258	1000	1
DRR454434.1634	NC_054852.1	1069201	16771	0	236	1000	1
DRR454434.4211	NC_054852.1	1069201	13646	0	195	1000	1
DRR454434.4522	NC_012860.1	573826	1433	0	100	1000	1
DRR454434.3685	NC_054852.1	1069201	11981	1936	149	1000	1
DRR454434.2564	NC_054852.1	1069201	6978	225	262	1000	1
DRR454434.1280	NC_054852.1	1069201	2213	484	153	1000	1
DRR454434.1416	NC_054852.1	1069201	13405	0	212	1000	1
DRR454434.584	NC_054852.1	1069201	15313	0	205	1000	1
DRR454434.294	NC_054852.1	1069201	7706	1764	224	1000	1
DRR454434.877	NC_054852.1	1069201	9451	0	243	1000	1
DRR454434.2830	NC_054852.1	1069201	10370	256	230	1000	1
DRR454434.4552	NC_054852.1	1069201	12641	0	216	1000	1
DRR454434.1205	NC_054852.1	1069201	18081	0	219	1000	1
DRR454434.3393	NC_054852.1	1069201	13312	0	190	1000	1
DRR454434.151	NC_054852.1	1069201	5336	64	165	1000	1
DRR454434.2507	NC_054852.1	1069201	13209	0	220	1000	1
DRR454434.2769	NC_054852.1	1069201	10330	324	187	1000	1
DRR454434.4955	NC_054852.1	1069201	6705	784	221	1000	1
DRR454434.4515	NC_054852.1	1069201	11863	0	233	1000	1
DRR454434.453	NC_054852.1	1069201	16785	0	213	1000	1
DRR454434.2338	NC_054852.1	1069201	17906	0	255	1000	1
DRR454434.4581	NC_054852.1	1069201	13434	0	223	1000	1
DRR454434.2355	NC_054852.1	1069201	4558	1936	149	1000	1
DRR454434.3380	NC_054852.1	1069201	12874	0	215	1000	1
DRR454434.1738	NC_054852.1	1069201	14660	0	188	1000	1
DRR454434.180	NC_054852.1	1069201	18617	0	262	1000	1
DRR454434.1486	NC_054852.1	1069201	13565	2116	183	1000	1
DRR454434.4579	NC_054852.1	1069201	10349	1764	204	1000	1
DRR454434.4599	NC_054852.1	1069201	12469	0	187	1000	1
DRR454434.944	NC_054852.1	1069201	6525	0	201	1000	1
DRR454434.1837	NC_054852.1	1069201	6653	1936	164	1000	1
DRR454434.1785	NC_054852.1	1069201	4475	0	231	1000	1
DRR454434.378	NC_054852.1	1069201	5267	1764	150	1000	1
DRR454434.4097	NC_054852.1	1069201	2762	1936	156	1000	1
DRR454434.2536	NC_054852.1	1069201	11394	0	201	1000	1
DRR454434.4922	NC_054852.1	1069201	8421	0	205	1000	1
DRR454434.1287	NC_054852.1	1069201	3832	0	160	1000	1
DRR454434.3436	NC_054852.1	1069201	12642	0	227	1000	1
DRR454434.1182	NC_054852.1	1069201	8962	0	216	1000	1
DRR454434.4766	NC_054852.1	1069201	6706	441	214	1000	1
DRR454434.2092	NC_054852.1	1069201	9258	0	235	1000	1
DRR454434.2738	NC_054852.1	1069201	7729	0	201	1000	1
DRR454434.4678	NC_054852.1	1069201	7813	81	145	1000	1
DRR454434.3619	NC_054852.1	1069201	8168	0	216	1000	1
DRR454434.2003	NC_054852.1	1069201	12374	1936	193	1000	1
DRR454434.4961	NC_054852.1	1069201	5162	289	201	1000	1
DRR454434.273	NC_054852.1	1069201	7940	0	156	1000	1
DRR454434.4724	NC_054852.1	1069201	8004	784	187	1000	1
DRR454434.1030	NC_054852.1	1069201	15853	0	247	1000	1
DRR454434.2042	NC_054852.1	1069201	6591	1936	197	1000	1
DRR454434.1845	NC_054852.1	1069201	10070	0	209	1000	1
DRR454434.2125	NC_054852.1	1069201	12227	0	212	1000	1
DRR454434.703	NC_054852.1	1069201	7798	225	181	1000	1
DRR454434.3688	NC_054852.1	1069201	15725	1936	165	1000	1
DRR454434.1720	NC_054852.1	1069201	14357	0	228	1000	1
DRR454434.857	NC_054852.1	1069201	8804	0	234	1000	1
DRR454434.564	NC_054852.1	1069201	12597	2401	208	1000	1
DRR454434.2976	NC_054852.1	1069201	6195	1089	205	1000	1
DRR454434.1389	NC_054852.1	1069201	7210	1936	161	1000	1
DRR454434.428	NC_054852.1	1069201	9461	0	225	1000	1
DRR454434.427	NC_054852.1	1069201	14265	0	222	1000	1
DRR454434.3939	NC_054852.1	1069201	13281	529	216	1000	1
DRR454434.420	NC_054852.1	1069201	4179	0	148	1000	1
DRR454434.1387	NC_054852.1	1069201	8121	269	187	1000	1
DRR454434.1521	NC_054852.1	1069201	4294	225	207	1000	1
DRR454434.223	NC_054852.1	1069201	5013	625	181	1000	1
DRR454434.3232	NC_054852.1	1069201	10685	0	255	1000	1
DRR454434.2993	NC_054852.1	1069201	4514	0	186	1000	1
DRR454434.1191	NC_054852.1	1069201	18347	0	266	1000	1
DRR454434.4417	NC_054852.1	1069201	15509	0	234	1000	1
DRR454434.4233	NC_054852.1	1069201	7586	1369	134	1000	1
DRR454434.1302	NC_054852.1	1069201	13466	2209	217	1000	1
DRR454434.4233	NC_054852.1	1069201	7586	1849	134	1000	1
DRR454434.2179	NC_054852.1	1069201	15659	0	234	1000	1
DRR454434.1454	NC_054852.1	1069201	16099	0	250	1000	1
DRR454434.1902	NC_054852.1	1069201	19006	0	245	1000	1
DRR454434.4318	NC_054852.1	1069201	7294	196	245	1000	1
DRR454434.2883	NC_054852.1	1069201	12825	0	228	1000	1
DRR454434.3115	NC_054852.1	1069201	11334	0	244	1000	1
DRR454434.3555	NC_054852.1	1069201	15885	0	207	1000	1
DRR454434.3894	NC_054852.1	1069201	12093	0	224	1000	1
DRR454434.3512	NC_054852.1	1069201	14330	1936	162	1000	1
DRR454434.2056	NC_054852.1	1069201	5021	1764	189	1000	1
DRR454434.4790	NC_054852.1	1069201	9677	1369	153	1000	1
DRR454434.4560	NC_054852.1	1069201	21899	0	264	1000	1
DRR454434.2605	NC_054852.1	1069201	12859	0	224	1000	1
DRR454434.4759	NC_054852.1	1069201	8031	0	221	1000	1
DRR454434.283	NC_054852.1	1069201	14293	0	199	1000	1
DRR454434.2969	NC_054852.1	1069201	7290	1936	138	1000	1
DRR454434.4374	NC_054852.1	1069201	3354	1936	187	1000	1
DRR454434.1316	NC_054852.1	1069201	14460	0	248	1000	1
DRR454434.4617	NC_054852.1	1069201	13906	0	196	1000	1
DRR454434.3444	NC_054852.1	1069201	13078	0	235	1000	1
DRR454434.1656	NC_054852.1	1069201	5089	361	181	1000	1
DRR454434.2574	NC_054852.1	1069201	3411	657	198	1000	1
DRR454434.639	NC_054852.1	1069201	5924	0	217	1000	1
DRR454434.1833	NC_054852.1	1069201	4411	290	196	1000	1
DRR454434.2696	NC_054852.1	1069201	10201	1024	116	1000	1
DRR454434.4927	NC_054852.1	1069201	3091	1521	163	1000	1
DRR454434.2586	NC_054852.1	1069201	7628	1764	222	1000	1
DRR454434.3236	NC_054852.1	1069201	6664	0	157	1000	1
DRR454434.2146	NC_054852.1	1069201	7526	0	173	1000	1
DRR454434.1233	NC_054852.1	1069201	5657	256	191	1000	1
DRR454434.2915	NC_054852.1	1069201	11077	0	218	1000	1
DRR454434.3356	NC_054852.1	1069201	12259	81	188	1000	1
DRR454434.4618	NC_054852.1	1069201	3697	361	115	1000	1
DRR454434.1531	NC_054852.1	1069201	12285	1936	174	1000	1
DRR454434.4650	NC_054852.1	1069201	18094	0	276	1000	1
DRR454434.2604	NC_054852.1	1069201	11788	0	242	1000	1
DRR454434.1814	NC_054852.1	1069201	8986	0	242	1000	1
DRR454434.1779	NC_054852.1	1069201	15765	0	226	1000	1
DRR454434.4194	NC_054852.1	1069201	5970	1936	159	1000	1
DRR454434.1523	NC_054852.1	1069201	13885	0	191	1000	1
DRR454434.1311	NC_054852.1	1069201	12370	0	184	1000	1
DRR454434.358	NC_054852.1	1069201	6446	1936	169	1000	1
DRR454434.3750	NC_054852.1	1069201	13617	1296	194	1000	1
DRR454434.2173	NC_054852.1	1069201	4942	884	217	1000	1
DRR454434.2900	NC_054852.1	1069201	13666	1024	166	1000	1
DRR454434.799	NC_054852.1	1069201	4146	1296	188	1000	1
DRR454434.3125	NC_054852.1	1069201	12470	169	242	1000	1
DRR454434.2044	NC_054852.1	1069201	10271	1521	243	1000	1
DRR454434.1803	NC_054852.1	1069201	11257	0	239	1000	1
DRR454434.1561	NC_054852.1	1069201	12981	0	218	1000	1
DRR454434.3746	NC_054852.1	1069201	7994	169	195	1000	1
DRR454434.3107	NC_012860.1	573826	3025	0	70	1000	1
DRR454434.3295	NC_054852.1	1069201	7743	1936	193	1000	1
DRR454434.1015	NC_054852.1	1069201	5774	1369	173	1000	1
DRR454434.469	NC_054852.1	1069201	4415	1936	159	1000	1
DRR454434.1108	NC_054852.1	1069201	14126	121	223	1000	1
DRR454434.480	NC_054852.1	1069201	15461	0	275	1000	1
DRR454434.398	NC_054852.1	1069201	14265	0	267	1000	1
DRR454434.3289	NC_054852.1	1069201	17626	0	257	1000	1
DRR454434.764	NC_054852.1	1069201	4742	0	178	1000	1
DRR454434.801	NC_054852.1	1069201	7563	144	184	1000	1
DRR454434.349	NC_054852.1	1069201	9384	0	224	1000	1
DRR454434.4700	NC_054852.1	1069201	11529	0	245	1000	1
DRR454434.4650	NC_054852.1	1069201	18094	0	276	1000	1
DRR454434.4986	NC_054852.1	1069201	15694	1936	211	1000	1
DRR454434.871	NC_054852.1	1069201	16264	0	245	1000	1
DRR454434.1481	NC_054852.1	1069201	8660	1936	136	1000	1
DRR454434.4835	NC_054852.1	1069201	10688	256	228	1000	1
DRR454434.985	NC_054852.1	1069201	12031	0	241	1000	1
DRR454434.2420	NC_054852.1	1069201	11519	0	255	1000	1
DRR454434.2245	NC_054690.1	5007	1936	1699	59	1000	1
DRR454434.3887	NC_054852.1	1069201	3702	0	180	1000	1
DRR454434.201	NC_054852.1	1069201	12498	0	221	1000	1
DRR454434.3140	NC_054852.1	1069201	17042	0	255	1000	1
DRR454434.4080	NC_054852.1	1069201	12386	0	191	1000	1
DRR454434.2632	NC_054852.1	1069201	5482	0	184	1000	1
DRR454434.1217	NC_054852.1	1069201	13866	961	207	1000	1
DRR454434.247	NC_054852.1	1069201	13662	64	248	1000	1
DRR454434.2442	NC_054852.1	1069201	13071	0	259	1000	1
DRR454434.857	NC_054852.1	1069201	8804	0	234	1000	1
DRR454434.601	NC_054852.1	1069201	2117	2025	143	1000	1
DRR454434.2779	NC_054852.1	1069201	12866	1681	197	1000	1
DRR454434.3178	NC_054852.1	1069201	10198	0	199	1000	1
DRR454434.868	NC_054852.1	1069201	4482	256	180	1000	1
DRR454434.1868	NC_054852.1	1069201	12818	0	190	1000	1
DRR454434.4466	NC_054852.1	1069201	14244	1521	215	1000	1
DRR454434.859	NC_054852.1	1069201	4225	1936	80	1000	1
DRR454434.2064	NC_054852.1	1069201	13940	0	188	1000	1
DRR454434.1819	NC_054852.1	1069201	11464	0	209	1000	1
DRR454434.4887	NC_054852.1	1069201	12689	81	192	1000	1
DRR454434.2746	NC_054852.1	1069201	12171	1936	178	1000	1
DRR454434.827	NC_054852.1	1069201	16911	0	267	1000	1
DRR454434.4347	NC_054852.1	1069201	18506	0	247	1000	1
DRR454434.2979	NC_054852.1	1069201	21786	0	279	1000	1
DRR454434.2717	NC_054852.1	1069201	10929	0	204	1000	1
DRR454434.1060	NC_054852.1	1069201	8905	484	157	1000	1
DRR454434.174	NC_054852.1	1069201	9293	169	165	1000	1
DRR454434.2446	NC_054852.1	1069201	6253	0	228	1000	1
DRR454434.4347	NC_054852.1	1069201	18506	0	247	1000	1
DRR454434.675	NC_054852.1	1069201	9234	0	238	1000	1
DRR454434.4467	NC_054852.1	1069201	6223	1225	205	1000	1
DRR454434.3838	NC_054852.1	1069201	2953	64	153	1000	1
DRR454434.4910	NC_054852.1	1069201	4852	841	219	1000	1
DRR454434.2348	NC_054852.1	1069201	11775	0	255	1000	1
DRR454434.394	NC_054852.1	1069201	13494	0	221	1000	1
DRR454434.797	NC_054852.1	1069201	11862	0	213	1000	1
DRR454434.4142	NC_054852.1	1069201	9207	0	241	1000	1
DRR454434.2947	NC_054852.1	1069201	11649	0	249	1000	1
DRR454434.511	NC_054852.1	1069201	6424	0	208	1000	1
DRR454434.547	NC_054852.1	1069201	14410	0	229	1000	1
DRR454434.4200	NC_054852.1	1069201	12950	1936	193	1000	1
DRR454434.1765	NC_054852.1	1069201	8271	0	217	1000	1
DRR454434.3202	NC_054852.1	1069201	5358	100	219	1000	1
DRR454434.4410	NC_054852.1	1069201	4781	0	177	1000	1
DRR454434.2408	NC_054852.1	1069201	8706	196	200	1000	1
DRR454434.4834	NC_054852.1	1069201	6401	1936	160	1000	1
DRR454434.2309	NC_054852.1	1069201	12838	841	226	1000	1
DRR454434.2588	NC_054852.1	1069201	1156	0	141	1000	1
DRR454434.1239	NC_054852.1	1069201	14321	0	199	1000	1
DRR454434.360	NC_054852.1	1069201	5550	900	200	1000	1
DRR454434.428	NC_054852.1	1069201	9461	0	225	1000	1
DRR454434.1481	NC_054852.1	1069201	8660	1936	136	1000	1
DRR454434.435	NC_054852.1	1069201	14365	0	199	1000	1
DRR454434.2620	NC_054852.1	1069201	18980	0	224	1000	1
DRR454434.1399	NC_054852.1	1069201	17533	0	215	1000	1
DRR454434.4325	NC_054852.1	1069201	9581	0	231	1000	1
DRR454434.4149	NC_054852.1	1069201	13568	1521	174	1000	1
DRR454434.4027	NC_054852.1	1069201	18548	0	216	1000	1
DRR454434.1330	NC_054852.1	1069201	11023	0	241	1000	1
DRR454434.4778	NC_054852.1	1069201	11225	169	177	1000	1
DRR454434.3078	NC_054852.1	1069201	8770	1849	134	1000	1
DRR454434.906	NC_054852.1	1069201	9078	277	179	1000	1
DRR454434.4246	NC_054852.1	1069201	17242	0	257	1000	1
DRR454434.1782	NC_054852.1	1069201	6511	1024	224	1000	1
DRR454434.2387	NC_054852.1	1069201	6609	361	175	1000	1
DRR454434.1536	NC_054852.1	1069201	11593	625	149	1000	1
DRR454434.1660	NC_054852.1	1069201	12615	0	263	1000	1
DRR454434.4804	NC_054852.1	1069201	6457	0	158	1000	1
DRR454434.3569	NC_054852.1	1069201	11861	0	179	1000	1
DRR454434.1062	NC_054852.1	1069201	2939	2025	151	1000	1
DRR454434.1667	NC_054852.1	1069201	15586	0	247	1000	1
DRR454434.136	NC_054852.1	1069201	5197	0	185	1000	1
DRR454434.3079	NC_054852.1	1069201	17644	0	247	1000	1
DRR454434.2716	NC_054852.1	1069201	2704	1936	67	1000	1
DRR454434.1219	NC_054852.1	1069201	21284	0	232	1000	1
DRR454434.3882	NC_054852.1	1069201	14735	0	267	1000	1
DRR454434.4245	NC_054852.1	1069201	8406	353	165	1000	1
DRR454434.4660	NC_054852.1	1069201	6820	0	214	1000	1
DRR454434.1372	NC_054852.1	1069201	9828	1600	206	1000	1
DRR454434.1586	NC_054852.1	1069201	7701	0	190	1000	1
DRR454434.1386	NC_054852.1	1069201	9990	484	202	1000	1
DRR454434.4765	NC_054852.1	1069201	11710	0	238	1000	1
DRR454434.3436	NC_054852.1	1069201	12642	0	227	1000	1
DRR454434.4333	NC_054852.1	1069201	11668	0	211	1000	1
DRR454434.2300	NC_054852.1	1069201	16098	324	258	1000	1
DRR454434.1451	NC_054852.1	1069201	8750	2116	169	1000	1
DRR454434.4292	NC_054852.1	1069201	18966	0	259	1000	1
DRR454434.827	NC_054852.1	1069201	16911	0	267	1000	1
DRR454434.1458	NC_054852.1	1069201	15641	0	238	1000	1
DRR454434.3249	NC_054852.1	1069201	10274	0	228	1000	1
DRR454434.2799	NC_054852.1	1069201	14800	0	202	1000	1
DRR454434.2517	NC_054852.1	1069201	4283	1936	177	1000	1
DRR454434.3838	NC_054852.1	1069201	2953	64	153	1000	1
DRR454434.471	NC_054852.1	1069201	9401	121	192	1000	1
DRR454434.3660	NC_054852.1	1069201	10330	0	232	1000	1
DRR454434.1873	NC_054852.1	1069201	15408	0	225	1000	1
DRR454434.2368	NC_054852.1	1069201	15923	121	226	1000	1
DRR454434.4624	NC_054852.1	1069201	10307	0	237	1000	1
DRR454434.4746	NC_054852.1	1069201	18809	0	266	1000	1
DRR454434.2527	NC_054852.1	1069201	10742	0	183	1000	1
DRR454434.46	NC_054852.1	1069201	4677	121	245	1000	1
DRR454434.4184	NC_054852.1	1069201	12973	0	191	1000	1
DRR454434.4630	NC_054852.1	1069201	1380	100	132	1000	1
DRR454434.378	NC_054852.1	1069201	7061	0	184	1000	1
DRR454434.4525	NC_054852.1	1069201	8429	0	225	1000	1
DRR454434.2633	NC_054852.1	1069201	13037	1156	173	1000	1
DRR454434.3325	NC_054852.1	1069201	4646	324	190	1000	1
DRR454434.378	NC_054852.1	1069201	7061	0	184	1000	1
DRR454434.3204	NC_054852.1	1069201	9767	0	237	1000	1
DRR454434.984	NC_054852.1	1069201	15414	169	256	1000	1
DRR454434.4733	NC_054852.1	1069201	11916	0	219	1000	1
DRR454434.1378	NC_054852.1	1069201	12806	225	258	1000	1
DRR454434.805	NC_054852.1	1069201	6786	0	157	1000	1
DRR454434.1222	NC_054852.1	1069201	10151	1936	284	1000	1
DRR454434.4353	NC_054852.1	1069201	9968	1296	208	1000	1
DRR454434.4841	NC_054852.1	1069201	9117	0	198	1000	1
DRR454434.4562	NC_054852.1	1069201	12242	225	208	1000	1
DRR454434.883	NC_054852.1	1069201	10746	0	244	1000	1
DRR454434.3779	NC_054852.1	1069201	8684	0	183	1000	1
DRR454434.4771	NC_054852.1	1069201	19589	0	266	1000	1
DRR454434.2259	NC_054852.1	1069201	10365	0	198	1000	1
DRR454434.2795	NC_054852.1	1069201	10454	64	265	1000	1
DRR454434.4391	NC_054852.1	1069201	11906	441	217	1000	1
DRR454434.3081	NC_054852.1	1069201	6845	2628	201	1000	1
DRR454434.1100	NC_054852.1	1069201	2895	676	186	1000	1
DRR454434.4818	NC_054852.1	1069201	12806	1936	195	1000	1
DRR454434.917	NC_054852.1	1069201	9686	1936	177	1000	1
DRR454434.516	NC_054852.1	1069201	14612	529	207	1000	1
DRR454434.2608	NC_054852.1	1069201	11162	169	203	1000	1
DRR454434.4979	NC_054852.1	1069201	2931	729	155	1000	1
DRR454434.536	NC_054852.1	1069201	13734	0	211	1000	1
DRR454434.4041	NC_054852.1	1069201	9847	144	274	1000	1
DRR454434.2686	NC_054852.1	1069201	9822	0	208	1000	1
DRR454434.539	NC_054852.1	1069201	11448	1444	224	1000	1
DRR454434.3477	NC_054852.1	1069201	4906	0	195	1000	1
DRR454434.1311	NC_054852.1	1069201	12370	0	184	1000	1
DRR454434.3915	NC_054852.1	1069201	9730	225	173	1000	1
DRR454434.4465	NC_054852.1	1069201	10065	0	196	1000	1
DRR454434.3243	NC_054852.1	1069201	15385	0	203	1000	1
DRR454434.4567	NC_054852.1	1069201	9954	0	211	1000	1
DRR454434.2188	NC_054852.1	1069201	14646	0	242	1000	1
DRR454434.2421	NC_054852.1	1069201	2622	1936	148	1000	1
DRR454434.2647	NC_054852.1	1069201	12951	0	267	1000	1
DRR454434.3591	NC_054852.1	1069201	8037	729	213	1000	1
DRR454434.3061	NC_054852.1	1069201	11191	121	244	1000	1
DRR454434.2056	NC_054852.1	1069201	10376	0	240	1000	1
DRR454434.2581	NC_054852.1	1069201	7281	0	217	1000	1
DRR454434.3081	NC_054852.1	1069201	6845	2628	201	1000	1
DRR454434.4311	NC_054852.1	1069201	15197	0	248	1000	1
DRR454434.2752	NC_054852.1	1069201	12809	1936	196	1000	1
DRR454434.3229	NC_054852.1	1069201	19698	400	259	1000	1
DRR454434.3947	NC_054852.1	1069201	2455	100	180	1000	1
DRR454434.324	NC_054852.1	1069201	5750	2025	202	1000	1
DRR454434.3446	NC_054852.1	1069201	9733	1521	145	1000	1
DRR454434.1680	NC_054852.1	1069201	4590	481	176	1000	1
DRR454434.3566	NC_054852.1	1069201	17293	0	215	1000	1
DRR454434.3517	NC_054852.1	1069201	12554	225	213	1000	1
DRR454434.3207	NC_054852.1	1069201	7158	0	190	1000	1
DRR454434.4539	NC_054852.1	1069201	11786	0	207	1000	1
DRR454434.633	NC_054852.1	1069201	11525	0	214	1000	1
DRR454434.2300	NC_054852.1	1069201	16098	324	258	1000	1
DRR454434.4135	NC_054852.1	1069201	7337	650	241	1000	1
DRR454434.1817	NC_054852.1	1069201	11261	121	178	1000	1
DRR454434.2206	NC_054852.1	1069201	13625	1156	222	1000	1
DRR454434.3343	NC_054852.1	1069201	10403	0	260	1000	1
DRR454434.3745	NC_054852.1	1069201	13026	1600	236	1000	1
DRR454434.3991	NC_054852.1	1069201	14014	0	241	1000	1
DRR454434.2660	NC_054852.1	1069201	9853	0	196	1000	1
DRR454434.4245	NC_054852.1	1069201	8406	353	165	1000	1
DRR454434.4842	NC_054852.1	1069201	10452	0	240	1000	1
DRR454434.2026	NC_054852.1	1069201	5491	0	179	1000	1
DRR454434.2216	NC_054852.1	1069201	15669	0	207	1000	1
DRR454434.761	NC_054852.1	1069201	8482	0	203	1000	1
DRR454434.2515	NC_054852.1	1069201	6685	0	209	1000	1
DRR454434.1886	NC_054852.1	1069201	11036	1521	240	1000	1
DRR454434.2332	NC_054852.1	1069201	10219	81	178	1000	1
DRR454434.2633	NC_054852.1	1069201	12842	961	170	1000	1
DRR454434.3666	NC_054852.1	1069201	3947	64	202	1000	1
DRR454434.351	NC_054852.1	1069201	7938	64	253	1000	1
DRR454434.3683	NC_054852.1	1069201	11925	0	183	1000	1
DRR454434.58	NC_054852.1	1069201	5395	2025	224	1000	1
DRR454434.2663	NC_054852.1	1069201	13560	784	209	1000	1
DRR454434.4403	NC_054852.1	1069201	10026	841	144	1000	1
DRR454434.3638	NC_054852.1	1069201	16451	64	261	1000	1
DRR454434.1312	NC_054852.1	1069201	4010	1936	149	1000	1
DRR454434.2947	NC_054852.1	1069201	11649	0	249	1000	1
DRR454434.4438	NC_054852.1	1069201	8062	256	227	1000	1
DRR454434.3710	NC_054852.1	1069201	5005	0	197	1000	1
DRR454434.3533	NC_054852.1	1069201	9064	225	251	1000	1
DRR454434.2743	NC_054852.1	1069201	11352	100	205	1000	1
DRR454434.2644	NC_054852.1	1069201	12926	0	262	1000	1
DRR454434.956	NC_054852.1	1069201	14158	196	229	1000	1
DRR454434.3120	NC_054852.1	1069201	9684	324	171	1000	1
DRR454434.4141	NC_054852.1	1069201	12198	1936	214	1000	1
DRR454434.2189	NC_054852.1	1069201	5047	1764	228	1000	1
DRR454434.988	NC_054852.1	1069201	7076	0	144	1000	1
DRR454434.3190	NC_054852.1	1069201	9112	0	205	1000	1
DRR454434.2538	NC_054852.1	1069201	7486	1936	167	1000	1
DRR454434.3096	NC_054852.1	1069201	2892	1130	189	1000	1
DRR454434.1470	NC_054852.1	1069201	1340	64	151	1000	1
DRR454434.4314	NC_054852.1	1069201	7461	0	186	1000	1
DRR454434.1577	NC_054852.1	1069201	21730	0	236	1000	1
DRR454434.2846	NC_054852.1	1069201	15306	2025	274	1000	1
DRR454434.1753	NC_054852.1	1069201	17770	0	218	1000	1
DRR454434.67	NC_054852.1	1069201	12538	0	221	1000	1
DRR454434.982	NC_054852.1	1069201	7539	2116	242	1000	1
DRR454434.1548	NC_054852.1	1069201	15881	0	228	1000	1
DRR454434.2199	NC_054852.1	1069201	12274	0	209	1000	1
DRR454434.461	NC_054852.1	1069201	6457	1024	170	1000	1
DRR454434.2255	NC_054852.1	1069201	7686	0	177	1000	1
DRR454434.1130	NC_054852.1	1069201	13798	0	235	1000	1
DRR454434.2540	NC_054852.1	1069201	9171	169	205	1000	1
DRR454434.3525	NC_054852.1	1069201	15669	0	207	1000	1
DRR454434.4604	NC_054852.1	1069201	20282	0	257	1000	1
DRR454434.1081	NC_054852.1	1069201	11691	2601	210	1000	1
DRR454434.4900	NC_054852.1	1069201	5282	0	192	1000	1
DRR454434.1294	NC_054852.1	1069201	10334	0	216	1000	1
DRR454434.2604	NC_054852.1	1069201	11613	0	241	1000	1
DRR454434.4332	NC_054852.1	1069201	9750	0	224	1000	1
DRR454434.2099	NC_054852.1	1069201	12200	0	209	1000	1
DRR454434.3074	NC_054852.1	1069201	4064	1936	133	1000	1
DRR454434.1679	NC_054852.1	1069201	6078	0	159	1000	1
DRR454434.2176	NC_054852.1	1069201	14265	0	189	1000	1
DRR454434.3535	NC_054852.1	1069201	9557	0	210	1000	1
DRR454434.4474	NC_054852.1	1069201	5884	0	229	1000	1
DRR454434.4071	NC_054852.1	1069201	19230	0	268	1000	1
DRR454434.278	NC_054852.1	1069201	7350	441	200	1000	1
DRR454434.4233	NC_054852.1	1069201	7586	1444	134	1000	1
DRR454434.1282	NC_054852.1	1069201	8118	1936	217	1000	1
DRR454434.3245	NC_054852.1	1069201	7298	1444	249	1000	1
DRR454434.2816	NC_054852.1	1069201	8723	0	180	1000	1
DRR454434.3600	NC_054852.1	1069201	11388	0	254	1000	1
DRR454434.1181	NC_054852.1	1069201	13082	0	205	1000	1
DRR454434.275	NC_054852.1	1069201	6850	64	198	1000	1
DRR454434.45	NC_054852.1	1069201	1745	841	114	1000	1
DRR454434.352	NC_054852.1	1069201	12158	64	189	1000	1
DRR454434.1966	NC_054852.1	1069201	5936	2500	256	1000	1
DRR454434.3395	NC_054852.1	1069201	12644	0	152	1000	1
DRR454434.2177	NC_054852.1	1069201	16322	0	241	1000	1
DRR454434.4962	NC_054852.1	1069201	7530	0	216	1000	1
DRR454434.3263	NC_054852.1	1069201	15222	0	233	1000	1
DRR454434.2639	NC_054852.1	1069201	11773	64	206	1000	1
DRR454434.217	NC_054852.1	1069201	6417	0	205	1000	1
DRR454434.3042	NC_054852.1	1069201	9525	0	239	1000	1
DRR454434.1611	NC_054852.1	1069201	17960	0	218	1000	1
DRR454434.35	NC_054852.1	1069201	5550	1156	204	1000	1
DRR454434.4784	NC_054852.1	1069201	7805	64	238	1000	1
DRR454434.4653	NC_054852.1	1069201	8511	729	223	1000	1
DRR454434.3308	NC_054852.1	1069201	9086	306	225	1000	1
DRR454434.360	NC_054852.1	1069201	5550	900	200	1000	1
DRR454434.499	NC_054852.1	1069201	8309	484	231	1000	1
DRR454434.1540	NC_054852.1	1069201	8862	0	251	1000	1
DRR454434.4653	NC_054852.1	1069201	13887	0	265	1000	1
DRR454434.3807	NC_054852.1	1069201	14749	0	232	1000	1
DRR454434.1621	NC_054852.1	1069201	13108	0	266	1000	1
DRR454434.4022	NC_054852.1	1069201	5178	805	209	1000	1
DRR454434.2643	NC_054852.1	1069201	11055	389	244	1000	1
DRR454434.374	NC_054852.1	1069201	19554	0	251	1000	1
DRR454434.4975	NC_054852.1	1069201	10882	0	197	1000	1
DRR454434.2166	NC_054852.1	1069201	10162	0	197	1000	1
DRR454434.546	NC_054852.1	1069201	8018	0	239	1000	1
DRR454434.4610	NC_054852.1	1069201	8214	1936	171	1000	1
DRR454434.3004	NC_054852.1	1069201	19963	0	274	1000	1
DRR454434.549	NC_054852.1	1069201	9602	361	222	1000	1
DRR454434.3363	NC_054852.1	1069201	16686	676	229	1000	1
DRR454434.2060	NC_054852.1	1069201	5235	1600	166	1000	1
DRR454434.4312	NC_054852.1	1069201	7492	1936	194	1000	1
DRR454434.4648	NC_012860.1	573826	1073	0	117	1000	1
DRR454434.21	NC_054852.1	1069201	15685	196	199	1000	1
DRR454434.1934	NC_054852.1	1069201	4274	841	155	1000	1
DRR454434.1806	NC_054852.1	1069201	10225	676	194	1000	1
DRR454434.249	NC_054852.1	1069201	10289	64	196	1000	1
DRR454434.2833	NC_054852.1	1069201	5213	0	193	1000	1
DRR454434.664	NC_054852.1	1069201	5667	729	230	1000	1
DRR454434.428	NC_054852.1	1069201	9461	0	225	1000	1
DRR454434.327	NC_054852.1	1069201	8200	1936	130	1000	1
DRR454434.4353	NC_054852.1	1069201	10116	1444	210	1000	1
DRR454434.699	NC_054852.1	1069201	6017	1681	205	1000	1
DRR454434.3475	NC_057368.1	182096	1444	484	53	1000	1
DRR454434.2431	NC_054852.1	1069201	10825	196	221	1000	1
DRR454434.2214	NC_054852.1	1069201	11014	0	217	1000	1
DRR454434.4921	NC_054852.1	1069201	14283	81	253	1000	1
DRR454434.3282	NC_054852.1	1069201	6400	1225	95	1000	1
DRR454434.1996	NC_054852.1	1069201	18005	0	219	1000	1
DRR454434.656	NC_054852.1	1069201	4598	729	209	1000	1
DRR454434.516	NC_054852.1	1069201	14612	529	207	1000	1
DRR454434.2147	NC_054852.1	1069201	9158	2500	199	1000	1
DRR454434.1017	NC_054852.1	1069201	7614	841	177	1000	1
DRR454434.4068	NC_054852.1	1069201	6169	0	191	1000	1
DRR454434.1524	NC_054852.1	1069201	10347	0	245	1000	1
DRR454434.4795	NC_054852.1	1069201	16409	0	222	1000	1
DRR454434.2173	NC_054852.1	1069201	5383	841	253	1000	1
DRR454434.4310	NC_054852.1	1069201	5110	1444	203	1000	1
DRR454434.1329	NC_054852.1	1069201	12563	0	241	1000	1
DRR454434.2189	NC_054852.1	1069201	5047	1764	228	1000	1
DRR454434.4838	NC_054852.1	1069201	21818	0	279	1000	1
DRR454434.4444	NC_054852.1	1069201	7225	2116	100	1000	1
DRR454434.102	NC_054852.1	1069201	14714	0	239	1000	1
DRR454434.4334	NC_054852.1	1069201	16414	0	239	1000	1
DRR454434.1156	NC_054852.1	1069201	9173	0	225	1000	1
DRR454434.661	NC_054852.1	1069201	6179	1936	156	1000	1
DRR454434.1431	NC_054852.1	1069201	11666	729	187	1000	1
DRR454434.1952	NC_054852.1	1069201	3995	289	200	1000	1
DRR454434.1162	NC_054852.1	1069201	17159	729	249	1000	1
DRR454434.2463	NC_054852.1	1069201	19117	0	268	1000	1
DRR454434.2699	NC_054852.1	1069201	4166	0	174	1000	1
DRR454434.4407	NC_054852.1	1069201	8746	729	187	1000	1
DRR454434.3207	NC_054852.1	1069201	7158	0	190	1000	1
DRR454434.565	NC_054852.1	1069201	8282	2209	181	1000	1
DRR454434.1117	NC_054852.1	1069201	18844	0	274	1000	1
DRR454434.1658	NC_054852.1	1069201	4096	2209	79	1000	1
DRR454434.312	NC_054852.1	1069201	9553	0	206	1000	1
DRR454434.1111	NC_054852.1	1069201	5286	81	188	1000	1
DRR454434.3385	NC_054852.1	1069201	14514	0	225	1000	1
DRR454434.3945	NC_054852.1	1069201	17770	0	218	1000	1
DRR454434.1155	NC_054852.1	1069201	14489	324	216	1000	1
DRR454434.1373	NC_054852.1	1069201	6353	0	226	1000	1
DRR454434.1741	NC_054852.1	1069201	12806	0	223	1000	1
DRR454434.2990	NC_054852.1	1069201	14354	0	198	1000	1
DRR454434.3063	NC_054852.1	1069201	12554	1936	177	1000	1
DRR454434.236	NC_054852.1	1069201	7346	1936	126	1000	1
DRR454434.4552	NC_054852.1	1069201	12641	0	216	1000	1
DRR454434.2906	NC_054852.1	1069201	3379	729	142	1000	1
DRR454434.80	NC_054852.1	1069201	12314	0	183	1000	1
DRR454434.3858	NC_054852.1	1069201	10566	0	195	1000	1
DRR454434.2134	NC_054852.1	1069201	4826	0	165	1000	1
DRR454434.1853	NC_054852.1	1069201	13431	0	257	1000	1
DRR454434.3114	NC_054852.1	1069201	13770	0	231	1000	1
DRR454434.193	NC_054690.1	5007	1936	1350	59	1000	1
DRR454434.3415	NC_054852.1	1069201	10683	0	233	1000	1
DRR454434.1300	NC_054852.1	1069201	14745	0	224	1000	1
DRR454434.893	NC_054852.1	1069201	11664	0	123	1000	1
DRR454434.1669	NC_054852.1	1069201	11817	0	255	1000	1
DRR454434.2306	NC_054852.1	1069201	18938	0	269	1000	1
DRR454434.4202	NC_054852.1	1069201	9927	1089	229	1000	1
DRR454434.1635	NC_054852.1	1069201	12710	0	258	1000	1
DRR454434.1912	NC_054852.1	1069201	4822	0	178	1000	1
DRR454434.1939	NC_054852.1	1069201	19430	0	261	1000	1
DRR454434.1013	NC_054852.1	1069201	3510	1521	199	1000	1
DRR454434.408	NC_054852.1	1069201	7863	225	219	1000	1
DRR454434.4675	NC_054852.1	1069201	9768	0	236	1000	1
DRR454434.1904	NC_054852.1	1069201	13334	0	225	1000	1
DRR454434.371	NC_054852.1	1069201	4775	0	212	1000	1
DRR454434.1448	NC_054852.1	1069201	11981	1521	178	1000	1
DRR454434.4027	NC_054852.1	1069201	18548	0	216	1000	1
DRR454434.1814	NC_054852.1	1069201	8986	0	242	1000	1
DRR454434.4149	NC_054852.1	1069201	13568	1521	174	1000	1
DRR454434.2576	NC_054852.1	1069201	9343	361	247	1000	1
DRR454434.1575	NC_054852.1	1069201	8030	289	208	1000	1
DRR454434.1034	NC_054852.1	1069201	17434	0	239	1000	1
DRR454434.4173	NC_054852.1	1069201	10046	324	237	1000	1
DRR454434.1498	NC_054852.1	1069201	4292	0	143	1000	1
DRR454434.543	NC_054852.1	1069201	11748	256	211	1000	1
DRR454434.964	NC_054852.1	1069201	10022	0	226	1000	1
DRR454434.4237	NC_054852.1	1069201	9981	0	204	1000	1
DRR454434.4462	NC_054852.1	1069201	20790	0	273	1000	1
DRR454434.544	NC_054852.1	1069201	8165	225	186	1000	1
DRR454434.407	NC_054852.1	1069201	12385	0	239	1000	1
DRR454434.2676	NC_054852.1	1069201	7333	0	211	1000	1
DRR454434.4032	NC_054852.1	1069201	16442	0	247	1000	1
DRR454434.108	NC_054852.1	1069201	15994	0	253	1000	1
DRR454434.4867	NC_054852.1	1069201	16049	0	236	1000	1
DRR454434.3179	NC_054852.1	1069201	16267	361	271	1000	1
DRR454434.291	NC_054852.1	1069201	8449	0	217	1000	1
DRR454434.1453	NC_054852.1	1069201	4985	1024	199	1000	1
DRR454434.1652	NC_054852.1	1069201	9213	100	190	1000	1
DRR454434.3617	NC_054852.1	1069201	9324	0	230	1000	1
DRR454434.4522	NC_012860.1	573826	1297	0	98	1000	1
DRR454434.3379	NC_054852.1	1069201	15575	0	265	1000	1
DRR454434.3993	NC_054852.1	1069201	12836	0	219	1000	1
DRR454434.4368	NC_054852.1	1069201	8182	0	185	1000	1
DRR454434.1620	NC_054852.1	1069201	6126	289	178	1000	1
DRR454434.4847	NC_054852.1	1069201	4303	0	233	1000	1
DRR454434.623	NC_054852.1	1069201	6203	361	176	1000	1
DRR454434.3288	NC_054852.1	1069201	14826	0	233	1000	1
DRR454434.588	NC_054852.1	1069201	6662	1296	255	1000	1
DRR454434.1132	NC_054852.1	1069201	15971	0	234	1000	1
DRR454434.855	NC_054852.1	1069201	9750	225	214	1000	1
DRR454434.1029	NC_054852.1	1069201	6497	121	160	1000	1
DRR454434.662	NC_054852.1	1069201	9474	0	218	1000	1
DRR454434.1514	NC_054852.1	1069201	3129	1936	134	1000	1
DRR454434.1377	NC_054852.1	1069201	11746	1521	199	1000	1
DRR454434.845	NC_054852.1	1069201	9954	0	201	1000	1
DRR454434.3923	NC_054852.1	1069201	16298	0	252	1000	1
DRR454434.1583	NC_054852.1	1069201	11926	0	205	1000	1
DRR454434.996	NC_054852.1	1069201	11342	0	242	1000	1
DRR454434.433	NC_054852.1	1069201	19754	0	273	1000	1
DRR454434.1139	NC_054852.1	1069201	8151	196	207	1000	1
DRR454434.1045	NC_054852.1	1069201	3854	1936	164	1000	1
DRR454434.4233	NC_054852.1	1069201	10002	0	203	1000	1
DRR454434.4664	NC_054852.1	1069201	5829	0	176	1000	1
DRR454434.812	NC_054852.1	1069201	8528	784	146	1000	1
DRR454434.2709	NC_054852.1	1069201	4931	576	187	1000	1
DRR454434.1312	NC_054852.1	1069201	4010	1936	149	1000	1
DRR454434.1364	NC_054852.1	1069201	5175	841	230	1000	1
DRR454434.4829	NC_054852.1	1069201	12169	0	202	1000	1
DRR454434.3248	NC_054852.1	1069201	7754	1024	251	1000	1
DRR454434.1528	NC_054852.1	1069201	11415	1681	258	1000	1
DRR454434.3166	NC_054852.1	1069201	13066	1089	193	1000	1
DRR454434.2648	NC_054852.1	1069201	12776	625	166	1000	1
DRR454434.3345	NC_054852.1	1069201	9569	0	186	1000	1
DRR454434.1522	NC_054852.1	1069201	14050	0	190	1000	1
DRR454434.3375	NC_054852.1	1069201	20133	0	270	1000	1
DRR454434.151	NC_054852.1	1069201	5336	64	165	1000	1
DRR454434.1225	NC_054852.1	1069201	15313	0	205	1000	1
DRR454434.2496	NC_054852.1	1069201	11226	0	260	1000	1
DRR454434.467	NC_054852.1	1069201	7738	144	281	1000	1
DRR454434.1173	NC_054852.1	1069201	12159	0	253	1000	1
DRR454434.4458	NC_054852.1	1069201	19211	0	254	1000	1
DRR454434.3752	NC_054852.1	1069201	4319	1936	181	1000	1
DRR454434.2667	NC_054852.1	1069201	11269	0	217	1000	1
DRR454434.3237	NC_054852.1	1069201	11833	1681	151	1000	1
DRR454434.3687	NC_054852.1	1069201	5317	0	170	1000	1
DRR454434.4370	NC_054852.1	1069201	5857	576	183	1000	1
DRR454434.2719	NC_054852.1	1069201	3969	361	78	1000	1
DRR454434.142	NC_054690.1	5007	1936	1387	59	1000	1
DRR454434.625	NC_054852.1	1069201	9875	1936	178	1000	1
DRR454434.2892	NC_054852.1	1069201	5517	0	206	1000	1
DRR454434.114	NC_054852.1	1069201	15694	0	247	1000	1
DRR454434.4406	NC_054852.1	1069201	11365	289	176	1000	1
DRR454434.2565	NC_054852.1	1069201	11381	2025	176	1000	1
DRR454434.1694	NC_054852.1	1069201	2614	1936	152	1000	1
DRR454434.998	NC_054852.1	1069201	19241	0	270	1000	1
DRR454434.4832	NC_054852.1	1069201	3043	1936	186	1000	1
DRR454434.3443	NC_054852.1	1069201	9421	0	208	1000	1
DRR454434.2708	NC_054852.1	1069201	19898	0	269	1000	1
DRR454434.1738	NC_054852.1	1069201	14660	0	188	1000	1
DRR454434.72	NC_054852.1	1069201	15659	0	234	1000	1
DRR454434.4295	NC_054852.1	1069201	8587	1936	197	1000	1
DRR454434.2792	NC_054852.1	1069201	9223	0	249	1000	1
DRR454434.3998	NC_054852.1	1069201	15697	256	238	1000	1
DRR454434.2830	NC_054852.1	1069201	10370	256	230	1000	1
DRR454434.475	NC_054852.1	1069201	15056	0	225	1000	1
DRR454434.2693	NC_054852.1	1069201	9986	0	209	1000	1
DRR454434.449	NC_054852.1	1069201	11891	1521	198	1000	1
DRR454434.395	NC_054852.1	1069201	5869	0	203	1000	1
DRR454434.1676	NC_054852.1	1069201	9169	0	157	1000	1
DRR454434.3954	NC_054852.1	1069201	6868	1936	124	1000	1
DRR454434.2191	NC_054852.1	1069201	3856	576	106	1000	1
DRR454434.3076	NC_054852.1	1069201	14906	289	194	1000	1
DRR454434.4117	NC_054852.1	1069201	2868	1936	162	1000	1
DRR454434.2615	NC_054852.1	1069201	4601	181	153	1000	1
DRR454434.3343	NC_054852.1	1069201	10403	0	260	1000	1
DRR454434.3354	NC_054852.1	1069201	14091	100	234	1000	1
DRR454434.701	NC_054852.1	1069201	10111	361	217	1000	1
DRR454434.4636	NC_054852.1	1069201	4746	0	151	1000	1
DRR454434.1238	NC_054852.1	1069201	12615	0	253	1000	1
DRR454434.762	NC_054852.1	1069201	7816	0	229	1000	1
DRR454434.3061	NC_054852.1	1069201	11214	144	245	1000	1
DRR454434.880	NC_054852.1	1069201	11666	64	219	1000	1
DRR454434.1913	NC_054852.1	1069201	16751	225	273	1000	1
DRR454434.4238	NC_054852.1	1069201	6066	729	165	1000	1
DRR454434.1559	NC_054852.1	1069201	17940	0	239	1000	1
DRR454434.3483	NC_054852.1	1069201	2541	841	132	1000	1
DRR454434.2679	NC_054852.1	1069201	4273	0	177	1000	1
DRR454434.3640	NC_054852.1	1069201	8421	1521	170	1000	1
DRR454434.953	NC_054852.1	1069201	17681	0	254	1000	1
DRR454434.3944	NC_054852.1	1069201	6541	484	172	1000	1
DRR454434.2932	NC_054852.1	1069201	11289	0	245	1000	1
DRR454434.899	NC_054852.1	1069201	12566	400	191	1000	1
DRR454434.1833	NC_054852.1	1069201	4714	242	197	1000	1
DRR454434.2480	NC_054852.1	1069201	19566	0	267	1000	1
DRR454434.4245	NC_054852.1	1069201	8406	353	165	1000	1
DRR454434.1380	NC_054852.1	1069201	16317	2500	230	1000	1
DRR454434.4616	NC_054852.1	1069201	9236	0	239	1000	1
DRR454434.954	NC_054852.1	1069201	7862	706	188	1000	1
DRR454434.4227	NC_054852.1	1069201	5400	225	221	1000	1
DRR454434.4226	NC_054852.1	1069201	8661	256	172	1000	1
DRR454434.4223	NC_054852.1	1069201	9265	1024	157	1000	1
DRR454434.121	NC_054852.1	1069201	17915	0	258	1000	1
DRR454434.3177	NC_054852.1	1069201	5154	0	169	1000	1
DRR454434.2857	NC_054852.1	1069201	17173	0	215	1000	1
DRR454434.2143	NC_054852.1	1069201	9330	0	235	1000	1
DRR454434.1471	NC_054852.1	1069201	11969	0	183	1000	1
DRR454434.4763	NC_054852.1	1069201	13685	0	196	1000	1
DRR454434.3079	NC_054852.1	1069201	17644	0	247	1000	1
DRR454434.748	NC_054852.1	1069201	9907	0	266	1000	1
DRR454434.1192	NC_054852.1	1069201	5231	0	224	1000	1
DRR454434.1940	NC_054852.1	1069201	18369	0	246	1000	1
DRR454434.1303	NC_054852.1	1069201	6201	225	166	1000	1
DRR454434.270	NC_054852.1	1069201	11925	484	165	1000	1
DRR454434.553	NC_054852.1	1069201	17806	1369	274	1000	1
DRR454434.3316	NC_054852.1	1069201	8546	0	185	1000	1
DRR454434.325	NC_054852.1	1069201	16859	0	234	1000	1
DRR454434.4410	NC_054852.1	1069201	4781	0	177	1000	1
DRR454434.2021	NC_054852.1	1069201	14794	0	245	1000	1
DRR454434.4919	NC_054852.1	1069201	19344	0	265	1000	1
DRR454434.2678	NC_054852.1	1069201	9989	0	231	1000	1
DRR454434.4022	NC_054852.1	1069201	5178	805	209	1000	1
DRR454434.4101	NC_054852.1	1069201	11342	0	252	1000	1
DRR454434.4352	NC_054852.1	1069201	13337	2025	192	1000	1
DRR454434.3778	NC_054852.1	1069201	9010	1936	148	1000	1
DRR454434.481	NC_054852.1	1069201	19384	0	245	1000	1
DRR454434.4491	NC_054852.1	1069201	12393	1296	165	1000	1
DRR454434.303	NC_054852.1	1069201	1941	1156	118	1000	1
DRR454434.1706	NC_054852.1	1069201	13506	0	282	1000	1
DRR454434.881	NC_054852.1	1069201	5144	900	200	1000	1
DRR454434.4731	NC_054852.1	1069201	16353	1936	214	1000	1
DRR454434.3270	NC_054852.1	1069201	12570	0	264	1000	1
DRR454434.379	NC_054852.1	1069201	3816	841	141	1000	1
DRR454434.4360	NC_054852.1	1069201	12891	169	270	1000	1
DRR454434.3451	NC_012860.1	573826	1246	0	122	1000	1
DRR454434.4943	NC_054852.1	1069201	9050	441	228	1000	1
DRR454434.4351	NC_054852.1	1069201	10287	0	221	1000	1
DRR454434.3054	NC_054852.1	1069201	6919	225	221	1000	1
DRR454434.892	NC_054852.1	1069201	6705	256	213	1000	1
DRR454434.753	NC_054852.1	1069201	15021	0	189	1000	1
DRR454434.1612	NC_054852.1	1069201	20194	0	271	1000	1
DRR454434.3966	NC_054852.1	1069201	19853	0	225	1000	1
DRR454434.1549	NC_054852.1	1069201	13833	0	188	1000	1
DRR454434.3755	NC_054852.1	1069201	11670	0	221	1000	1
DRR454434.939	NC_054852.1	1069201	6226	1277	229	1000	1
DRR454434.815	NC_054852.1	1069201	13503	529	269	1000	1
DRR454434.3508	NC_054852.1	1069201	10348	0	215	1000	1
DRR454434.127	NC_054852.1	1069201	11539	0	220	1000	1
DRR454434.274	NC_054852.1	1069201	12782	0	238	1000	1
DRR454434.2069	NC_054852.1	1069201	19825	0	227	1000	1
DRR454434.416	NC_054852.1	1069201	17540	0	251	1000	1
DRR454434.4807	NC_054852.1	1069201	18385	0	221	1000	1
DRR454434.1092	NC_054852.1	1069201	10416	0	217	1000	1
DRR454434.498	NC_054852.1	1069201	15057	0	232	1000	1
DRR454434.1706	NC_054852.1	1069201	13506	0	282	1000	1
DRR454434.3335	NC_054852.1	1069201	6857	0	213	1000	1
DRR454434.3609	NC_054852.1	1069201	4350	529	139	1000	1
DRR454434.2448	NC_054852.1	1069201	18482	0	278	1000	1
DRR454434.3067	NC_054852.1	1069201	14877	0	218	1000	1
DRR454434.58	NC_054852.1	1069201	5051	1681	220	1000	1
DRR454434.3398	NC_054852.1	1069201	11977	0	251	1000	1
DRR454434.2020	NC_054852.1	1069201	9221	0	233	1000	1
DRR454434.3407	NC_054852.1	1069201	11146	1849	146	1000	1
DRR454434.845	NC_054852.1	1069201	10306	0	203	1000	1
DRR454434.198	NC_054852.1	1069201	9390	0	238	1000	1
DRR454434.3610	NC_054852.1	1069201	12233	0	185	1000	1
DRR454434.2434	NC_054852.1	1069201	5169	0	168	1000	1
DRR454434.795	NC_054852.1	1069201	7005	0	172	1000	1
DRR454434.3246	NC_054852.1	1069201	6778	1225	190	1000	1
DRR454434.1322	NC_054852.1	1069201	13766	0	274	1000	1
DRR454434.3067	NC_054852.1	1069201	14994	0	219	1000	1
DRR454434.4832	NC_054852.1	1069201	3007	1225	184	1000	1
DRR454434.564	NC_054852.1	1069201	12597	2401	208	1000	1
DRR454434.2094	NC_054852.1	1069201	17858	0	255	1000	1
DRR454434.2651	NC_054852.1	1069201	6561	1089	96	1000	1
DRR454434.2581	NC_054852.1	1069201	3762	1681	166	1000	1
DRR454434.1783	NC_054852.1	1069201	7101	441	226	1000	1
DRR454434.3548	NC_054852.1	1069201	5064	0	149	1000	1
DRR454434.651	NC_054852.1	1069201	8713	613	170	1000	1
DRR454434.2119	NC_054852.1	1069201	2834	1936	156	1000	1
DRR454434.831	NC_054852.1	1069201	9818	196	195	1000	1
DRR454434.1225	NC_054852.1	1069201	15313	0	205	1000	1
DRR454434.4226	NC_054852.1	1069201	8661	256	172	1000	1
DRR454434.625	NC_054852.1	1069201	9875	1936	178	1000	1
DRR454434.2716	NC_054852.1	1069201	2704	1936	67	1000	1
DRR454434.889	NC_054852.1	1069201	13086	0	217	1000	1
DRR454434.1920	NC_054852.1	1069201	6899	1600	174	1000	1
DRR454434.3065	NC_054852.1	1069201	9674	1764	195	1000	1
DRR454434.4001	NC_054852.1	1069201	15371	1521	224	1000	1
DRR454434.1523	NC_054852.1	1069201	14110	225	221	1000	1
DRR454434.145	NC_054852.1	1069201	18715	0	248	1000	1
DRR454434.4708	NC_054852.1	1069201	6469	1024	215	1000	1
DRR454434.1426	NC_054852.1	1069201	9518	0	201	1000	1
DRR454434.2620	NC_054852.1	1069201	18805	0	223	1000	1
DRR454434.2935	NC_054852.1	1069201	15261	0	257	1000	1
DRR454434.641	NC_054852.1	1069201	8726	0	216	1000	1
DRR454434.1838	NC_054852.1	1069201	19154	0	249	1000	1
DRR454434.1461	NC_054852.1	1069201	15850	0	208	1000	1
DRR454434.4680	NC_054852.1	1069201	14965	0	203	1000	1
DRR454434.2294	NC_054852.1	1069201	8436	0	187	1000	1
DRR454434.2232	NC_054852.1	1069201	8649	1936	108	1000	1
DRR454434.2976	NC_054852.1	1069201	6195	1089	205	1000	1
DRR454434.2091	NC_054852.1	1069201	8646	0	218	1000	1
DRR454434.1220	NC_054852.1	1069201	6742	0	227	1000	1
DRR454434.2280	NC_054852.1	1069201	19274	0	255	1000	1
DRR454434.2366	NC_054852.1	1069201	16469	0	234	1000	1
DRR454434.2269	NC_054852.1	1069201	4641	1444	158	1000	1
DRR454434.2381	NC_054852.1	1069201	6565	1936	127	1000	1
DRR454434.3783	NC_054852.1	1069201	10905	0	233	1000	1
DRR454434.1263	NC_054852.1	1069201	12924	169	256	1000	1
DRR454434.4482	NC_012860.1	573826	3593	0	111	1000	1
DRR454434.3450	NC_054852.1	1069201	8194	81	142	1000	1
DRR454434.515	NC_054852.1	1069201	1486	81	130	1000	1
DRR454434.3638	NC_054852.1	1069201	16387	81	238	1000	1
DRR454434.1818	NC_054852.1	1069201	8129	0	180	1000	1
DRR454434.3744	NC_054852.1	1069201	12191	0	251	1000	1
DRR454434.2500	NC_054852.1	1069201	12580	0	184	1000	1
DRR454434.2189	NC_054852.1	1069201	5047	1764	228	1000	1
DRR454434.1685	NC_054852.1	1069201	12494	900	197	1000	1
DRR454434.4624	NC_054852.1	1069201	10307	0	237	1000	1
DRR454434.417	NC_054852.1	1069201	2250	1849	96	1000	1
DRR454434.664	NC_054852.1	1069201	5667	729	230	1000	1
DRR454434.417	NC_054852.1	1069201	2250	1849	96	1000	1
DRR454434.3121	NC_054852.1	1069201	13849	0	224	1000	1
DRR454434.1004	NC_054852.1	1069201	6020	1936	198	1000	1
DRR454434.2129	NC_054852.1	1069201	5931	1936	144	1000	1
DRR454434.170	NC_054852.1	1069201	12974	0	231	1000	1
DRR454434.944	NC_054852.1	1069201	6525	0	201	1000	1
DRR454434.342	NC_054852.1	1069201	12569	0	212	1000	1
DRR454434.2679	NC_054690.1	5007	1936	1872	59	1000	1
DRR454434.1597	NC_054852.1	1069201	9534	0	238	1000	1
DRR454434.1179	NC_054852.1	1069201	5157	1024	197	1000	1
DRR454434.1098	NC_054852.1	1069201	21074	0	275	1000	1
DRR454434.3504	NC_054852.1	1069201	13512	0	217	1000	1
DRR454434.4012	NC_054852.1	1069201	12413	0	181	1000	1
DRR454434.2109	NC_054852.1	1069201	6492	0	200	1000	1
DRR454434.3074	NC_054852.1	1069201	4064	1936	133	1000	1
DRR454434.4437	NC_054852.1	1069201	14326	0	227	1000	1
DRR454434.1408	NC_054852.1	1069201	10650	144	244	1000	1
DRR454434.589	NC_054852.1	1069201	13732	0	188	1000	1
DRR454434.1232	NC_054852.1	1069201	4955	81	204	1000	1
DRR454434.4146	NC_054852.1	1069201	14549	0	238	1000	1
DRR454434.4725	NC_054852.1	1069201	13828	0	196	1000	1
DRR454434.3071	NC_054852.1	1069201	9154	0	224	1000	1
DRR454434.4363	NC_054852.1	1069201	8825	0	223	1000	1
DRR454434.1669	NC_054852.1	1069201	11817	0	255	1000	1
DRR454434.3241	NC_054852.1	1069201	13970	121	250	1000	1
DRR454434.1966	NC_054852.1	1069201	5936	2500	256	1000	1
DRR454434.2809	NC_054852.1	1069201	12752	0	178	1000	1
DRR454434.4223	NC_054852.1	1069201	9090	1024	156	1000	1
DRR454434.3020	NC_054852.1	1069201	8058	0	236	1000	1
DRR454434.2204	NC_054852.1	1069201	12818	81	222	1000	1
DRR454434.3610	NC_054852.1	1069201	12233	0	185	1000	1
DRR454434.388	NC_054852.1	1069201	15351	900	233	1000	1
DRR454434.2626	NC_054852.1	1069201	8879	2025	233	1000	1
DRR454434.4237	NC_054852.1	1069201	9981	0	204	1000	1
DRR454434.3510	NC_054852.1	1069201	5444	0	167	1000	1
DRR454434.642	NC_054852.1	1069201	5875	0	193	1000	1
DRR454434.2806	NC_054852.1	1069201	10069	0	167	1000	1
DRR454434.2970	NC_054852.1	1069201	21069	0	276	1000	1
DRR454434.31	NC_054852.1	1069201	4586	1521	149	1000	1
DRR454434.256	NC_054852.1	1069201	17206	64	266	1000	1
DRR454434.1600	NC_054852.1	1069201	15761	0	246	1000	1
DRR454434.1264	NC_054852.1	1069201	8549	0	192	1000	1
DRR454434.3704	NC_054852.1	1069201	8219	0	166	1000	1
DRR454434.3583	NC_054852.1	1069201	14130	0	198	1000	1
DRR454434.2918	NC_054852.1	1069201	14971	121	257	1000	1
DRR454434.2876	NC_054852.1	1069201	9905	0	214	1000	1
DRR454434.4655	NC_054852.1	1069201	13113	0	229	1000	1
DRR454434.4310	NC_054852.1	1069201	5110	1444	203	1000	1
DRR454434.688	NC_054852.1	1069201	5393	1936	146	1000	1
DRR454434.3160	NC_054852.1	1069201	8782	0	214	1000	1
DRR454434.4532	NC_054852.1	1069201	14869	0	242	1000	1
DRR454434.29	NC_054852.1	1069201	4420	1936	104	1000	1
DRR454434.1624	NC_054852.1	1069201	3201	1764	169	1000	1
DRR454434.3377	NC_054852.1	1069201	9649	0	188	1000	1
DRR454434.3922	NC_054852.1	1069201	15314	0	213	1000	1
DRR454434.2905	NC_054852.1	1069201	8930	0	207	1000	1
DRR454434.2854	NC_054852.1	1069201	16132	0	200	1000	1
DRR454434.2217	NC_054852.1	1069201	12497	81	198	1000	1
DRR454434.4379	NC_054852.1	1069201	16621	0	248	1000	1
DRR454434.4811	NC_054852.1	1069201	6079	361	208	1000	1
DRR454434.1948	NC_054852.1	1069201	14177	0	242	1000	1
DRR454434.593	NC_054852.1	1069201	13345	2500	218	1000	1
DRR454434.2781	NC_054852.1	1069201	13214	0	219	1000	1
DRR454434.1456	NC_054852.1	1069201	13988	1156	156	1000	1
DRR454434.2341	NC_054852.1	1069201	7249	900	227	1000	1
DRR454434.1256	NC_054852.1	1069201	3536	784	145	1000	1
DRR454434.775	NC_054852.1	1069201	12408	0	244	1000	1
DRR454434.4674	NC_054852.1	1069201	21493	0	235	1000	1
DRR454434.4294	NC_054852.1	1069201	6795	1936	187	1000	1
DRR454434.2353	NC_054852.1	1069201	10530	1936	156	1000	1
DRR454434.1796	NC_054852.1	1069201	11913	0	261	1000	1
DRR454434.4678	NC_054852.1	1069201	7813	81	145	1000	1
DRR454434.4119	NC_054852.1	1069201	16454	256	276	1000	1
DRR454434.3976	NC_054852.1	1069201	7734	0	216	1000	1
DRR454434.4894	NC_054852.1	1069201	18753	441	254	1000	1
DRR454434.4918	NC_054852.1	1069201	6333	441	207	1000	1
DRR454434.1243	NC_054852.1	1069201	13403	0	249	1000	1
DRR454434.3853	NC_054852.1	1069201	9981	0	171	1000	1
DRR454434.997	NC_054852.1	1069201	6712	0	173	1000	1
DRR454434.3571	NC_054852.1	1069201	14020	0	196	1000	1
DRR454434.2075	NC_054852.1	1069201	11774	0	258	1000	1
DRR454434.1455	NC_054852.1	1069201	3202	1521	110	1000	1
DRR454434.2523	NC_054852.1	1069201	5874	0	171	1000	1
DRR454434.4288	NC_054852.1	1069201	4994	0	153	1000	1
DRR454434.2197	NC_054852.1	1069201	8590	1681	173	1000	1
DRR454434.2449	NC_054852.1	1069201	7119	0	209	1000	1
DRR454434.316	NC_054852.1	1069201	11194	0	203	1000	1
DRR454434.1093	NC_054852.1	1069201	18981	0	246	1000	1
DRR454434.1278	NC_054852.1	1069201	10826	361	156	1000	1
DRR454434.2880	NC_054852.1	1069201	12237	0	235	1000	1
DRR454434.1289	NC_054852.1	1069201	14996	196	223	1000	1
DRR454434.1072	NC_054852.1	1069201	5818	121	194	1000	1
DRR454434.577	NC_054852.1	1069201	9665	0	198	1000	1
DRR454434.4609	NC_054852.1	1069201	6173	1936	193	1000	1
DRR454434.1414	NC_054852.1	1069201	12922	0	272	1000	1
DRR454434.884	NC_054852.1	1069201	12233	0	255	1000	1
DRR454434.2993	NC_054852.1	1069201	4514	0	186	1000	1
DRR454434.3456	NC_054852.1	1069201	9434	0	209	1000	1
DRR454434.328	NC_054852.1	1069201	7434	576	194	1000	1
DRR454434.47	NC_054852.1	1069201	13370	576	236	1000	1
DRR454434.1895	NC_054852.1	1069201	9554	2025	148	1000	1
DRR454434.2075	NC_054852.1	1069201	11774	0	258	1000	1
DRR454434.4732	NC_054852.1	1069201	9850	64	170	1000	1
DRR454434.3920	NC_054852.1	1069201	7433	0	180	1000	1
DRR454434.1527	NC_054852.1	1069201	4302	0	157	1000	1
DRR454434.1020	NC_054852.1	1069201	6507	266	167	1000	1
DRR454434.1303	NC_054852.1	1069201	6201	225	166	1000	1
DRR454434.1568	NC_054852.1	1069201	6970	1936	136	1000	1
DRR454434.1565	NC_054852.1	1069201	14290	441	254	1000	1
DRR454434.2901	NC_054852.1	1069201	12096	0	213	1000	1
DRR454434.3317	NC_054852.1	1069201	4490	1444	139	1000	1
DRR454434.3197	NC_054852.1	1069201	14603	169	210	1000	1
DRR454434.88	NC_054690.1	5007	1936	1416	59	1000	1
DRR454434.1484	NC_054852.1	1069201	4748	0	190	1000	1
DRR454434.356	NC_054852.1	1069201	9110	100	189	1000	1
DRR454434.994	NC_054852.1	1069201	7399	1521	248	1000	1
DRR454434.1643	NC_054852.1	1069201	14746	0	227	1000	1
DRR454434.1269	NC_054852.1	1069201	17593	0	215	1000	1
DRR454434.1374	NC_054852.1	1069201	14066	0	215	1000	1
DRR454434.1122	NC_054852.1	1069201	9435	121	227	1000	1
DRR454434.1963	NC_054852.1	1069201	6922	0	211	1000	1
DRR454434.3772	NC_054852.1	1069201	13466	576	205	1000	1
DRR454434.2580	NC_054852.1	1069201	5146	1936	178	1000	1
DRR454434.3135	NC_054852.1	1069201	11925	0	183	1000	1
DRR454434.4147	NC_054852.1	1069201	3626	1681	121	1000	1
DRR454434.1472	NC_054852.1	1069201	8500	1936	140	1000	1
DRR454434.4987	NC_054852.1	1069201	6779	121	240	1000	1
DRR454434.4128	NC_054852.1	1069201	8065	1369	222	1000	1
DRR454434.1083	NC_054852.1	1069201	4761	1444	84	1000	1
DRR454434.2163	NC_054852.1	1069201	6478	0	214	1000	1
DRR454434.1602	NC_054852.1	1069201	13240	0	217	1000	1
DRR454434.1853	NC_054852.1	1069201	13715	0	259	1000	1
DRR454434.4413	NC_054852.1	1069201	15593	0	230	1000	1
DRR454434.3728	NC_054852.1	1069201	13666	0	217	1000	1
DRR454434.1432	NC_054852.1	1069201	6570	1936	229	1000	1
DRR454434.3595	NC_054852.1	1069201	11670	1936	193	1000	1
DRR454434.143	NC_054852.1	1069201	4838	1296	190	1000	1
DRR454434.2493	NC_054852.1	1069201	9426	0	199	1000	1
DRR454434.1733	NC_054852.1	1069201	20234	0	255	1000	1
DRR454434.1897	NC_054852.1	1069201	14571	361	247	1000	1
DRR454434.1518	NC_054852.1	1069201	6112	1024	235	1000	1
DRR454434.2316	NC_054852.1	1069201	11538	0	180	1000	1
DRR454434.432	NC_054852.1	1069201	15694	0	247	1000	1
DRR454434.4537	NC_054852.1	1069201	12457	100	253	1000	1
DRR454434.3162	NC_054852.1	1069201	17770	0	218	1000	1
DRR454434.571	NC_054852.1	1069201	13004	0	223	1000	1
DRR454434.4182	NC_054852.1	1069201	6110	1936	264	1000	1
DRR454434.1061	NC_054852.1	1069201	3398	1296	166	1000	1
DRR454434.4835	NC_054852.1	1069201	6233	1936	183	1000	1
DRR454434.243	NC_054852.1	1069201	14475	0	267	1000	1
DRR454434.4655	NC_054852.1	1069201	13113	0	229	1000	1
DRR454434.1276	NC_054852.1	1069201	13289	0	214	1000	1
DRR454434.572	NC_054852.1	1069201	17636	0	216	1000	1
DRR454434.1052	NC_054852.1	1069201	3402	784	187	1000	1
DRR454434.3470	NC_054852.1	1069201	4171	953	210	1000	1
DRR454434.1660	NC_054852.1	1069201	12615	0	263	1000	1
DRR454434.2834	NC_054852.1	1069201	20574	0	263	1000	1
DRR454434.588	NC_054852.1	1069201	6662	1296	255	1000	1
DRR454434.3636	NC_054852.1	1069201	3927	64	256	1000	1
DRR454434.4790	NC_054852.1	1069201	9677	1369	153	1000	1
DRR454434.1324	NC_054852.1	1069201	10050	0	246	1000	1
DRR454434.3737	NC_054852.1	1069201	8503	441	199	1000	1
DRR454434.4146	NC_054852.1	1069201	14686	0	239	1000	1
DRR454434.2226	NC_054852.1	1069201	12218	1089	222	1000	1
DRR454434.4376	NC_054852.1	1069201	12333	0	251	1000	1
DRR454434.2084	NC_054852.1	1069201	10794	0	203	1000	1
DRR454434.3224	NC_054852.1	1069201	8442	0	230	1000	1
DRR454434.4965	NC_054852.1	1069201	20270	0	269	1000	1
DRR454434.3541	NC_054852.1	1069201	12438	0	225	1000	1
DRR454434.3968	NC_054852.1	1069201	3976	256	207	1000	1
DRR454434.1132	NC_054852.1	1069201	15971	0	234	1000	1
DRR454434.3848	NC_054852.1	1069201	15713	0	236	1000	1
DRR454434.220	NC_054852.1	1069201	22406	0	267	1000	1
DRR454434.2821	NC_054852.1	1069201	5774	484	211	1000	1
DRR454434.2009	NC_054852.1	1069201	15659	0	234	1000	1
DRR454434.3294	NC_054852.1	1069201	5182	64	194	1000	1
DRR454434.178	NC_054852.1	1069201	21026	0	275	1000	1
DRR454434.583	NC_054852.1	1069201	12493	1936	194	1000	1
DRR454434.3583	NC_054852.1	1069201	14130	0	198	1000	1
DRR454434.2595	NC_054852.1	1069201	14299	0	226	1000	1
DRR454434.2898	NC_054852.1	1069201	9282	324	197	1000	1
DRR454434.2300	NC_054852.1	1069201	16098	324	258	1000	1
DRR454434.1964	NC_054852.1	1069201	6451	1024	166	1000	1
DRR454434.1123	NC_054852.1	1069201	3066	121	162	1000	1
DRR454434.2198	NC_054852.1	1069201	9732	0	234	1000	1
DRR454434.1777	NC_054852.1	1069201	13343	0	263	1000	1
DRR454434.3008	NC_054852.1	1069201	22210	0	238	1000	1
DRR454434.4536	NC_054852.1	1069201	2585	729	128	1000	1
DRR454434.1674	NC_054852.1	1069201	14579	0	226	1000	1
DRR454434.1094	NC_054852.1	1069201	14072	0	237	1000	1
DRR454434.770	NC_054852.1	1069201	10642	400	202	1000	1
DRR454434.2188	NC_054852.1	1069201	14646	0	242	1000	1
DRR454434.2285	NC_054852.1	1069201	22100	0	236	1000	1
DRR454434.1637	NC_054852.1	1069201	12117	225	212	1000	1
DRR454434.532	NC_054852.1	1069201	14514	0	239	1000	1
DRR454434.3967	NC_054852.1	1069201	4026	144	209	1000	1
DRR454434.3694	NC_054852.1	1069201	20006	0	253	1000	1
DRR454434.3084	NC_054852.1	1069201	5610	196	190	1000	1
DRR454434.813	NC_054852.1	1069201	6274	225	206	1000	1
DRR454434.1425	NC_054852.1	1069201	11921	0	224	1000	1
DRR454434.2400	NC_054852.1	1069201	16678	1936	215	1000	1
DRR454434.2090	NC_054852.1	1069201	11019	0	245	1000	1
DRR454434.3495	NC_054852.1	1069201	16763	0	240	1000	1
DRR454434.1421	NC_054852.1	1069201	16301	0	244	1000	1
DRR454434.3060	NC_054852.1	1069201	6258	0	175	1000	1
DRR454434.2170	NC_054852.1	1069201	14499	1225	261	1000	1
DRR454434.1295	NC_054852.1	1069201	5290	0	122	1000	1
DRR454434.950	NC_054852.1	1069201	13085	1764	196	1000	1
DRR454434.1975	NC_054852.1	1069201	9064	0	173	1000	1
DRR454434.237	NC_054852.1	1069201	5114	1369	188	1000	1
DRR454434.4310	NC_054852.1	1069201	5110	1444	203	1000	1
DRR454434.2765	NC_054852.1	1069201	15613	1936	179	1000	1
DRR454434.3894	NC_054852.1	1069201	12093	0	224	1000	1
DRR454434.621	NC_054852.1	1069201	18148	0	220	1000	1
DRR454434.3186	NC_054852.1	1069201	2127	0	147	1000	1
DRR454434.1597	NC_054852.1	1069201	9534	0	238	1000	1
DRR454434.632	NC_054852.1	1069201	7923	0	221	1000	1
DRR454434.3007	NC_054852.1	1069201	7618	1465	268	1000	1
DRR454434.4061	NC_054852.1	1069201	16978	0	214	1000	1
DRR454434.4376	NC_054852.1	1069201	12333	0	251	1000	1
DRR454434.2437	NC_054852.1	1069201	17418	0	251	1000	1
DRR454434.2006	NC_054852.1	1069201	8298	1936	144	1000	1
DRR454434.1521	NC_054852.1	1069201	4358	289	230	1000	1
DRR454434.288	NC_054852.1	1069201	14894	100	231	1000	1
DRR454434.910	NC_054852.1	1069201	14478	0	248	1000	1
DRR454434.2130	NC_054852.1	1069201	15683	0	244	1000	1
DRR454434.2987	NC_054852.1	1069201	5332	0	167	1000	1
DRR454434.444	NC_054852.1	1069201	13859	0	236	1000	1
DRR454434.1140	NC_054852.1	1069201	18902	0	261	1000	1
DRR454434.4852	NC_054852.1	1069201	3765	320	173	1000	1
DRR454434.1584	NC_054852.1	1069201	10825	0	175	1000	1
DRR454434.797	NC_054852.1	1069201	11862	0	213	1000	1
DRR454434.1956	NC_054852.1	1069201	13786	1225	246	1000	1
DRR454434.1486	NC_054852.1	1069201	13565	2116	183	1000	1
DRR454434.2867	NC_054852.1	1069201	17811	0	262	1000	1
DRR454434.4540	NC_054852.1	1069201	14390	0	237	1000	1
DRR454434.3911	NC_054852.1	1069201	6154	2116	128	1000	1
DRR454434.4165	NC_054852.1	1069201	10903	169	215	1000	1
DRR454434.99	NC_054852.1	1069201	14794	0	229	1000	1
DRR454434.2915	NC_054852.1	1069201	10177	0	212	1000	1
DRR454434.4013	NC_054852.1	1069201	7605	1521	147	1000	1
DRR454434.3458	NC_054852.1	1069201	6338	324	210	1000	1
DRR454434.1776	NC_054852.1	1069201	7159	361	215	1000	1
DRR454434.294	NC_054852.1	1069201	7706	1764	224	1000	1
DRR454434.2272	NC_054852.1	1069201	11586	0	211	1000	1
DRR454434.2765	NC_054852.1	1069201	15613	1936	179	1000	1
DRR454434.4454	NC_054852.1	1069201	15454	0	247	1000	1
DRR454434.2572	NC_054852.1	1069201	9157	0	200	1000	1
DRR454434.461	NC_054852.1	1069201	6457	1024	170	1000	1
DRR454434.2959	NC_054852.1	1069201	6538	1156	235	1000	1
DRR454434.2380	NC_054852.1	1069201	20474	0	273	1000	1
DRR454434.3040	NC_054852.1	1069201	7987	0	215	1000	1
DRR454434.1670	NC_054852.1	1069201	12436	0	248	1000	1
DRR454434.2372	NC_054852.1	1069201	10040	1764	193	1000	1
DRR454434.2563	NC_054852.1	1069201	12114	0	236	1000	1
DRR454434.1565	NC_054852.1	1069201	14290	441	254	1000	1
DRR454434.881	NC_054852.1	1069201	5144	900	200	1000	1
DRR454434.1132	NC_054852.1	1069201	15971	0	234	1000	1
DRR454434.4233	NC_054852.1	1069201	7586	1444	134	1000	1
DRR454434.318	NC_054852.1	1069201	10327	64	278	1000	1
DRR454434.3709	NC_054852.1	1069201	9125	0	161	1000	1
DRR454434.4810	NC_054852.1	1069201	11333	225	206	1000	1
DRR454434.4092	NC_054852.1	1069201	9454	121	191	1000	1
DRR454434.1606	NC_054852.1	1069201	4679	0	216	1000	1
DRR454434.1162	NC_054852.1	1069201	17159	729	249	1000	1
DRR454434.1204	NC_054852.1	1069201	10017	0	192	1000	1
DRR454434.3060	NC_054852.1	1069201	6258	0	175	1000	1
DRR454434.2706	NC_054852.1	1069201	13103	0	275	1000	1
DRR454434.617	NC_054852.1	1069201	12675	0	228	1000	1
DRR454434.1854	NC_054852.1	1069201	8428	0	191	1000	1
DRR454434.2118	NC_054852.1	1069201	5903	441	234	1000	1
DRR454434.2359	NC_054852.1	1069201	5725	1444	115	1000	1
DRR454434.4160	NC_054852.1	1069201	6281	1369	203	1000	1
DRR454434.2205	NC_054852.1	1069201	18510	0	253	1000	1
DRR454434.1637	NC_054852.1	1069201	12117	225	212	1000	1
DRR454434.3826	NC_054852.1	1069201	16978	0	214	1000	1
DRR454434.4327	NC_054852.1	1069201	15162	0	225	1000	1
DRR454434.643	NC_054852.1	1069201	17102	0	245	1000	1
DRR454434.3642	NC_054852.1	1069201	14382	1521	193	1000	1
DRR454434.3443	NC_054852.1	1069201	9421	0	208	1000	1
DRR454434.4798	NC_054852.1	1069201	18269	0	264	1000	1
DRR454434.4882	NC_054852.1	1069201	12113	0	179	1000	1
DRR454434.209	NC_054852.1	1069201	13717	0	218	1000	1
DRR454434.1783	NC_054852.1	1069201	7101	441	226	1000	1
DRR454434.2321	NC_054852.1	1069201	7589	0	225	1000	1
DRR454434.529	NC_054852.1	1069201	6246	1681	200	1000	1
DRR454434.562	NC_054852.1	1069201	6434	484	200	1000	1
DRR454434.1396	NC_054852.1	1069201	10530	1936	156	1000	1
DRR454434.2615	NC_054852.1	1069201	4520	100	129	1000	1
DRR454434.4487	NC_054852.1	1069201	13638	2304	248	1000	1
DRR454434.2723	NC_054852.1	1069201	14241	196	239	1000	1
DRR454434.671	NC_054852.1	1069201	20794	0	232	1000	1
DRR454434.2139	NC_054852.1	1069201	7361	0	151	1000	1
DRR454434.2513	NC_054852.1	1069201	7810	0	231	1000	1
DRR454434.566	NC_054852.1	1069201	14185	0	187	1000	1
DRR454434.437	NC_054852.1	1069201	19232	0	222	1000	1
DRR454434.539	NC_054852.1	1069201	11448	1444	224	1000	1
DRR454434.3655	NC_054852.1	1069201	13120	0	182	1000	1
DRR454434.1649	NC_054852.1	1069201	13736	0	225	1000	1
DRR454434.2114	NC_054852.1	1069201	1959	0	139	1000	1
DRR454434.1220	NC_054852.1	1069201	6742	0	227	1000	1
DRR454434.91	NC_054852.1	1069201	4060	1936	176	1000	1
DRR454434.3081	NC_054852.1	1069201	6845	2628	201	1000	1
DRR454434.1910	NC_054852.1	1069201	15642	0	223	1000	1
DRR454434.2119	NC_054852.1	1069201	2834	1936	156	1000	1
DRR454434.2579	NC_054852.1	1069201	7251	0	166	1000	1
DRR454434.3640	NC_054852.1	1069201	8421	1521	170	1000	1
DRR454434.4824	NC_054852.1	1069201	9869	729	186	1000	1
DRR454434.3417	NC_054852.1	1069201	13359	529	231	1000	1
DRR454434.2113	NC_054852.1	1069201	15211	0	289	1000	1
DRR454434.3705	NC_054852.1	1069201	16569	0	230	1000	1
DRR454434.4262	NC_054852.1	1069201	15365	0	232	1000	1
DRR454434.1558	NC_054852.1	1069201	17203	0	244	1000	1
DRR454434.262	NC_054852.1	1069201	12722	0	223	1000	1
DRR454434.290	NC_054852.1	1069201	2062	324	167	1000	1
DRR454434.4054	NC_054852.1	1069201	7197	121	197	1000	1
DRR454434.2857	NC_054852.1	1069201	17173	0	215	1000	1
DRR454434.4133	NC_054852.1	1069201	9754	1936	152	1000	1
DRR454434.2706	NC_054852.1	1069201	13103	0	275	1000	1
DRR454434.2747	NC_054852.1	1069201	4496	1369	114	1000	1
DRR454434.1188	NC_054852.1	1069201	2702	2025	142	1000	1
DRR454434.4596	NC_054852.1	1069201	8120	0	189	1000	1
DRR454434.1753	NC_054852.1	1069201	17770	0	218	1000	1
DRR454434.2324	NC_054852.1	1069201	3532	1600	166	1000	1
DRR454434.2502	NC_054852.1	1069201	12859	0	226	1000	1
DRR454434.4585	NC_054852.1	1069201	14762	0	162	1000	1
DRR454434.4526	NC_054852.1	1069201	4254	0	180	1000	1
DRR454434.1667	NC_054852.1	1069201	15586	0	247	1000	1
DRR454434.3753	NC_054852.1	1069201	8234	1521	189	1000	1
DRR454434.4809	NC_054852.1	1069201	14014	0	227	1000	1
DRR454434.3527	NC_054852.1	1069201	19790	0	253	1000	1
DRR454434.1036	NC_054852.1	1069201	4609	0	185	1000	1
DRR454434.2962	NC_054852.1	1069201	10610	0	236	1000	1
DRR454434.3366	NC_054852.1	1069201	4045	144	206	1000	1
DRR454434.488	NC_054852.1	1069201	4695	0	216	1000	1
DRR454434.302	NC_054852.1	1069201	18020	0	216	1000	1
DRR454434.2887	NC_054852.1	1069201	15820	0	247	1000	1
DRR454434.3534	NC_054852.1	1069201	13018	576	205	1000	1
DRR454434.2076	NC_054852.1	1069201	10517	324	219	1000	1
DRR454434.3560	NC_054852.1	1069201	4504	1764	217	1000	1
DRR454434.1164	NC_054852.1	1069201	10384	324	291	1000	1
DRR454434.506	NC_054852.1	1069201	9773	576	141	1000	1
DRR454434.3973	NC_054852.1	1069201	16978	0	214	1000	1
DRR454434.1965	NC_054852.1	1069201	19619	0	254	1000	1
DRR454434.3787	NC_054852.1	1069201	8714	289	183	1000	1
DRR454434.517	NC_054852.1	1069201	11586	0	254	1000	1
DRR454434.3309	NC_054852.1	1069201	8758	0	251	1000	1
DRR454434.308	NC_054852.1	1069201	19909	0	266	1000	1
DRR454434.3359	NC_054852.1	1069201	5059	1089	166	1000	1
DRR454434.4263	NC_054852.1	1069201	9110	1936	173	1000	1
DRR454434.3879	NC_054852.1	1069201	9735	0	223	1000	1
DRR454434.4279	NC_054852.1	1069201	18881	2304	285	1000	1
DRR454434.3751	NC_054852.1	1069201	17465	64	265	1000	1
DRR454434.3875	NC_054852.1	1069201	5825	361	203	1000	1
DRR454434.4790	NC_054852.1	1069201	9677	1369	153	1000	1
DRR454434.1436	NC_054852.1	1069201	14808	0	229	1000	1
DRR454434.3492	NC_054852.1	1069201	13076	0	270	1000	1
DRR454434.3939	NC_054852.1	1069201	13377	625	218	1000	1
DRR454434.384	NC_054852.1	1069201	8550	0	195	1000	1
DRR454434.1428	NC_054852.1	1069201	10342	0	203	1000	1
DRR454434.3354	NC_054852.1	1069201	14091	100	234	1000	1
DRR454434.1383	NC_054852.1	1069201	4942	0	184	1000	1
DRR454434.2729	NC_012860.1	573826	4005	0	142	1000	1
DRR454434.55	NC_054852.1	1069201	12068	0	242	1000	1
DRR454434.2190	NC_054852.1	1069201	9810	64	263	1000	1
DRR454434.3654	NC_054852.1	1069201	9019	361	219	1000	1
DRR454434.1499	NC_054852.1	1069201	13736	676	193	1000	1
DRR454434.4190	NC_054852.1	1069201	12786	100	220	1000	1
DRR454434.4324	NC_054852.1	1069201	8030	0	234	1000	1
DRR454434.2461	NC_054852.1	1069201	11449	1936	122	1000	1
DRR454434.3023	NC_054852.1	1069201	3010	441	214	1000	1
DRR454434.1346	NC_054852.1	1069201	10109	961	174	1000	1
DRR454434.3190	NC_054852.1	1069201	9112	0	205	1000	1
DRR454434.4429	NC_054852.1	1069201	2765	1936	114	1000	1
DRR454434.183	NC_054852.1	1069201	3365	445	227	1000	1
DRR454434.4069	NC_054852.1	1069201	8846	1936	175	1000	1
DRR454434.2037	NC_054852.1	1069201	7345	1521	185	1000	1
DRR454434.4462	NC_054852.1	1069201	20790	0	273	1000	1
DRR454434.3142	NC_054852.1	1069201	11212	0	232	1000	1
DRR454434.3427	NC_054852.1	1069201	7888	1936	130	1000	1
DRR454434.200	NC_054852.1	1069201	12362	529	189	1000	1
DRR454434.2272	NC_054852.1	1069201	11411	0	210	1000	1
DRR454434.2936	NC_054852.1	1069201	12627	0	232	1000	1
DRR454434.1884	NC_054852.1	1069201	7878	0	208	1000	1
DRR454434.3743	NC_054852.1	1069201	7426	0	222	1000	1
DRR454434.1421	NC_054852.1	1069201	16301	0	244	1000	1
DRR454434.1928	NC_054852.1	1069201	4225	1936	109	1000	1
DRR454434.221	NC_054852.1	1069201	11135	1764	249	1000	1
DRR454434.485	NC_054852.1	1069201	8787	81	200	1000	1
DRR454434.111	NC_054852.1	1069201	4755	576	191	1000	1
DRR454434.3513	NC_054852.1	1069201	11465	0	208	1000	1
DRR454434.3979	NC_054852.1	1069201	14190	1369	256	1000	1
DRR454434.1883	NC_054852.1	1069201	16931	1681	238	1000	1
DRR454434.3973	NC_054852.1	1069201	16978	0	214	1000	1
DRR454434.3786	NC_054852.1	1069201	2340	576	150	1000	1
DRR454434.3151	NC_054852.1	1069201	7753	1156	254	1000	1
DRR454434.2630	NC_054852.1	1069201	13334	0	227	1000	1
DRR454434.766	NC_054852.1	1069201	4614	1889	190	1000	1
DRR454434.2509	NC_054852.1	1069201	10833	64	227	1000	1
DRR454434.977	NC_054852.1	1069201	13145	0	228	1000	1
DRR454434.3350	NC_054852.1	1069201	15706	576	164	1000	1
DRR454434.1492	NC_054852.1	1069201	4141	1025	231	1000	1
DRR454434.4421	NC_054852.1	1069201	12321	1936	126	1000	1
DRR454434.1490	NC_054852.1	1069201	9665	0	143	1000	1
DRR454434.3381	NC_054852.1	1069201	6676	1936	136	1000	1
DRR454434.2805	NC_054852.1	1069201	12989	1444	186	1000	1
DRR454434.4494	NC_054852.1	1069201	2910	841	129	1000	1
DRR454434.38	NC_054852.1	1069201	11366	0	252	1000	1
DRR454434.79	NC_054852.1	1069201	13611	0	267	1000	1
DRR454434.1430	NC_054852.1	1069201	16057	0	197	1000	1
DRR454434.4591	NC_054852.1	1069201	7185	1764	199	1000	1
DRR454434.1167	NC_054852.1	1069201	4728	0	161	1000	1
DRR454434.1027	NC_054852.1	1069201	16513	0	205	1000	1
DRR454434.3225	NC_054852.1	1069201	11534	0	213	1000	1
DRR454434.4363	NC_054852.1	1069201	8825	0	223	1000	1
DRR454434.4232	NC_054852.1	1069201	4007	1681	177	1000	1
DRR454434.4127	NC_054852.1	1069201	12737	2025	198	1000	1
DRR454434.879	NC_054852.1	1069201	20667	0	279	1000	1
DRR454434.4933	NC_054852.1	1069201	6254	1217	219	1000	1
DRR454434.4345	NC_054852.1	1069201	19925	0	252	1000	1
DRR454434.4861	NC_054852.1	1069201	2940	441	162	1000	1
DRR454434.3243	NC_054852.1	1069201	10930	1936	158	1000	1
DRR454434.154	NC_054852.1	1069201	9964	0	230	1000	1
DRR454434.3114	NC_054852.1	1069201	13770	0	231	1000	1
DRR454434.4860	NC_054852.1	1069201	14357	0	234	1000	1
DRR454434.3103	NC_054852.1	1069201	9884	0	224	1000	1
DRR454434.518	NC_054852.1	1069201	18542	0	267	1000	1
DRR454434.3378	NC_054852.1	1069201	3230	1825	187	1000	1
DRR454434.899	NC_054852.1	1069201	12566	576	191	1000	1
DRR454434.841	NC_054852.1	1069201	18594	0	222	1000	1
DRR454434.2867	NC_054852.1	1069201	17811	0	262	1000	1
DRR454434.1374	NC_054852.1	1069201	14066	0	215	1000	1
DRR454434.2413	NC_054852.1	1069201	12414	484	224	1000	1
DRR454434.4933	NC_054852.1	1069201	6254	1217	219	1000	1
DRR454434.1825	NC_054852.1	1069201	11015	0	241	1000	1
DRR454434.1485	NC_054852.1	1069201	9233	529	196	1000	1
DRR454434.4496	NC_054852.1	1069201	6396	0	212	1000	1
DRR454434.1931	NC_054852.1	1069201	7193	0	149	1000	1
DRR454434.4626	NC_054852.1	1069201	5243	1936	170	1000	1
DRR454434.1867	NC_054852.1	1069201	8751	0	221	1000	1
DRR454434.3897	NC_054852.1	1069201	13397	900	220	1000	1
DRR454434.1906	NC_054852.1	1069201	15381	0	201	1000	1
DRR454434.4646	NC_054852.1	1069201	9580	196	214	1000	1
DRR454434.4822	NC_054852.1	1069201	16770	0	253	1000	1
DRR454434.3677	NC_054852.1	1069201	8633	1369	135	1000	1
DRR454434.2641	NC_054852.1	1069201	8809	225	182	1000	1
DRR454434.3676	NC_054852.1	1069201	10857	0	237	1000	1
DRR454434.58	NC_054852.1	1069201	5134	1764	221	1000	1
DRR454434.3829	NC_054852.1	1069201	8528	1936	146	1000	1
DRR454434.622	NC_054852.1	1069201	2914	1089	133	1000	1
DRR454434.4110	NC_054852.1	1069201	8989	529	164	1000	1
DRR454434.2211	NC_054852.1	1069201	8494	1936	173	1000	1
DRR454434.1309	NC_054852.1	1069201	21299	0	276	1000	1
DRR454434.4034	NC_054852.1	1069201	13220	0	192	1000	1
DRR454434.4656	NC_054852.1	1069201	9981	0	190	1000	1
DRR454434.1295	NC_054852.1	1069201	5153	0	121	1000	1
DRR454434.1302	NC_054852.1	1069201	13466	2209	217	1000	1
DRR454434.494	NC_054852.1	1069201	15613	1936	179	1000	1
DRR454434.3156	NC_054852.1	1069201	3798	1936	129	1000	1
DRR454434.1934	NC_054852.1	1069201	5637	1296	207	1000	1
DRR454434.2715	NC_054852.1	1069201	21834	0	273	1000	1
DRR454434.3474	NC_054852.1	1069201	10797	841	235	1000	1
DRR454434.1359	NC_054852.1	1069201	14398	0	239	1000	1
DRR454434.1702	NC_054852.1	1069201	16285	0	209	1000	1
DRR454434.818	NC_054852.1	1069201	8874	324	179	1000	1
DRR454434.2306	NC_054852.1	1069201	18938	0	269	1000	1
DRR454434.865	NC_054852.1	1069201	11374	0	215	1000	1
DRR454434.1614	NC_054852.1	1069201	8055	653	205	1000	1
DRR454434.2708	NC_054852.1	1069201	19898	0	269	1000	1
DRR454434.1803	NC_054852.1	1069201	11257	0	239	1000	1
DRR454434.1778	NC_054852.1	1069201	9490	2025	136	1000	1
DRR454434.3954	NC_054852.1	1069201	6868	1936	124	1000	1
DRR454434.4985	NC_054852.1	1069201	5474	0	192	1000	1
DRR454434.3348	NC_054852.1	1069201	9618	0	191	1000	1
DRR454434.1718	NC_054852.1	1069201	11754	1936	162	1000	1
DRR454434.410	NC_054852.1	1069201	9996	441	251	1000	1
DRR454434.4753	NC_054852.1	1069201	14537	1936	198	1000	1
DRR454434.1796	NC_054852.1	1069201	11774	0	260	1000	1
DRR454434.1919	NC_054852.1	1069201	9554	841	175	1000	1
DRR454434.1414	NC_054852.1	1069201	13097	0	273	1000	1
DRR454434.3152	NC_054852.1	1069201	18081	0	219	1000	1
DRR454434.1033	NC_054852.1	1069201	9294	0	189	1000	1
DRR454434.180	NC_054852.1	1069201	18617	0	262	1000	1
DRR454434.4035	NC_054852.1	1069201	13694	0	223	1000	1
DRR454434.1773	NC_054852.1	1069201	5366	0	192	1000	1
DRR454434.4081	NC_054852.1	1069201	8814	0	230	1000	1
DRR454434.262	NC_054852.1	1069201	12722	0	223	1000	1
DRR454434.3963	NC_054852.1	1069201	4772	400	252	1000	1
DRR454434.2921	NC_054852.1	1069201	14517	0	183	1000	1
DRR454434.1470	NC_054852.1	1069201	1340	169	151	1000	1
DRR454434.2390	NC_054852.1	1069201	10771	0	255	1000	1
DRR454434.1244	NC_054852.1	1069201	7324	1089	202	1000	1
DRR454434.711	NC_054852.1	1069201	7791	1936	195	1000	1
DRR454434.3119	NC_054852.1	1069201	20113	0	229	1000	1
DRR454434.2512	NC_054852.1	1069201	7442	0	150	1000	1
DRR454434.2986	NC_054852.1	1069201	15245	0	197	1000	1
DRR454434.4634	NC_054852.1	1069201	8870	1936	220	1000	1
DRR454434.1803	NC_054852.1	1069201	11257	0	239	1000	1
DRR454434.4355	NC_054852.1	1069201	10570	64	255	1000	1
DRR454434.4002	NC_054852.1	1069201	6691	793	240	1000	1
DRR454434.2186	NC_054852.1	1069201	13595	0	255	1000	1
DRR454434.80	NC_054852.1	1069201	12425	0	186	1000	1
DRR454434.4638	NC_054852.1	1069201	13166	0	217	1000	1
DRR454434.3905	NC_054852.1	1069201	14786	2500	264	1000	1
DRR454434.3249	NC_054852.1	1069201	10274	0	228	1000	1
DRR454434.3660	NC_054852.1	1069201	10155	0	231	1000	1
DRR454434.3548	NC_054852.1	1069201	4932	0	147	1000	1
DRR454434.2960	NC_054852.1	1069201	5899	0	172	1000	1
DRR454434.2139	NC_054852.1	1069201	7361	0	151	1000	1
DRR454434.621	NC_054852.1	1069201	18325	0	221	1000	1
DRR454434.2365	NC_054852.1	1069201	10706	1936	189	1000	1
DRR454434.2766	NC_054852.1	1069201	10658	0	199	1000	1
DRR454434.3066	NC_054852.1	1069201	18299	0	246	1000	1
DRR454434.2222	NC_054852.1	1069201	6955	121	230	1000	1
DRR454434.1379	NC_054852.1	1069201	14105	324	228	1000	1
DRR454434.3551	NC_054852.1	1069201	15110	0	223	1000	1
DRR454434.711	NC_054852.1	1069201	7791	1936	195	1000	1
DRR454434.2173	NC_054852.1	1069201	4942	884	217	1000	1
DRR454434.613	NC_054852.1	1069201	14604	0	262	1000	1
DRR454434.2935	NC_054852.1	1069201	15261	0	257	1000	1
DRR454434.51	NC_054852.1	1069201	2022	576	117	1000	1
DRR454434.3173	NC_054852.1	1069201	11022	0	232	1000	1
DRR454434.594	NC_054852.1	1069201	10614	0	234	1000	1
DRR454434.3780	NC_054852.1	1069201	13829	324	206	1000	1
DRR454434.4875	NC_054852.1	1069201	1850	1600	107	1000	1
DRR454434.648	NC_054852.1	1069201	11477	0	202	1000	1
DRR454434.1127	NC_054852.1	1069201	4904	2304	165	1000	1
DRR454434.1749	NC_054852.1	1069201	5121	676	197	1000	1
DRR454434.2846	NC_054852.1	1069201	15306	2025	274	1000	1
DRR454434.4529	NC_054852.1	1069201	3850	1936	174	1000	1
DRR454434.1333	NC_054852.1	1069201	1795	256	141	1000	1
DRR454434.1467	NC_054852.1	1069201	6573	400	176	1000	1
DRR454434.4842	NC_054852.1	1069201	10452	0	240	1000	1
DRR454434.200	NC_054852.1	1069201	12409	576	190	1000	1
DRR454434.3834	NC_054852.1	1069201	4664	441	234	1000	1
DRR454434.4346	NC_054852.1	1069201	8154	1521	218	1000	1
DRR454434.3544	NC_054852.1	1069201	4939	0	216	1000	1
DRR454434.4594	NC_054852.1	1069201	13406	1024	209	1000	1
DRR454434.1549	NC_054852.1	1069201	13833	0	188	1000	1
DRR454434.2756	NC_054852.1	1069201	12437	0	187	1000	1
DRR454434.3152	NC_054852.1	1069201	18081	0	219	1000	1
DRR454434.3190	NC_054852.1	1069201	9112	0	205	1000	1
DRR454434.549	NC_054852.1	1069201	9602	121	222	1000	1
DRR454434.3229	NC_054852.1	1069201	19698	400	259	1000	1
DRR454434.2248	NC_054852.1	1069201	12337	1024	173	1000	1
DRR454434.1617	NC_054852.1	1069201	15064	0	229	1000	1
DRR454434.2468	NC_054852.1	1069201	5345	1936	164	1000	1
DRR454434.4009	NC_054852.1	1069201	9860	0	164	1000	1
DRR454434.2773	NC_054852.1	1069201	9390	0	203	1000	1
DRR454434.4697	NC_054852.1	1069201	5012	1089	198	1000	1
DRR454434.3399	NC_054852.1	1069201	7822	0	191	1000	1
DRR454434.1627	NC_054852.1	1069201	5942	729	173	1000	1
DRR454434.1872	NC_054852.1	1069201	10671	0	270	1000	1
DRR454434.4226	NC_054852.1	1069201	8661	256	172	1000	1
DRR454434.4355	NC_054852.1	1069201	10570	64	255	1000	1
DRR454434.3406	NC_054852.1	1069201	7848	0	216	1000	1
DRR454434.4165	NC_054852.1	1069201	10903	169	215	1000	1
DRR454434.80	NC_054852.1	1069201	12314	0	183	1000	1
DRR454434.4798	NC_054852.1	1069201	18269	0	264	1000	1
DRR454434.3484	NC_054852.1	1069201	20133	0	270	1000	1
DRR454434.1315	NC_054852.1	1069201	13924	1936	133	1000	1
DRR454434.1894	NC_054852.1	1069201	7787	1936	168	1000	1
DRR454434.4491	NC_054852.1	1069201	17748	0	216	1000	1
DRR454434.3596	NC_054852.1	1069201	7649	1936	168	1000	1
DRR454434.465	NC_054852.1	1069201	13085	1849	179	1000	1
DRR454434.3965	NC_054852.1	1069201	15234	0	227	1000	1
DRR454434.2883	NC_054852.1	1069201	12825	0	228	1000	1
DRR454434.2876	NC_054852.1	1069201	9905	0	214	1000	1
DRR454434.2547	NC_054852.1	1069201	8494	1717	235	1000	1
DRR454434.1362	NC_054852.1	1069201	15329	0	232	1000	1
DRR454434.4399	NC_054852.1	1069201	14400	0	229	1000	1
DRR454434.963	NC_054852.1	1069201	10593	1936	207	1000	1
DRR454434.3061	NC_054852.1	1069201	11191	121	244	1000	1
DRR454434.1362	NC_054852.1	1069201	15329	0	232	1000	1
DRR454434.2117	NC_054852.1	1069201	10844	0	240	1000	1
DRR454434.536	NC_054852.1	1069201	14166	0	213	1000	1
DRR454434.4038	NC_054852.1	1069201	5365	1024	205	1000	1
DRR454434.322	NC_054852.1	1069201	9836	0	246	1000	1
DRR454434.4962	NC_054852.1	1069201	7530	0	216	1000	1
DRR454434.4864	NC_054852.1	1069201	12158	0	209	1000	1
DRR454434.3445	NC_054852.1	1069201	12355	0	212	1000	1
DRR454434.539	NC_054852.1	1069201	11448	1444	224	1000	1
DRR454434.3635	NC_054852.1	1069201	13384	0	233	1000	1
DRR454434.2628	NC_054852.1	1069201	14326	0	227	1000	1
DRR454434.2603	NC_054852.1	1069201	19032	0	245	1000	1
DRR454434.2654	NC_054852.1	1069201	10213	353	223	1000	1
DRR454434.1577	NC_054852.1	1069201	21730	0	236	1000	1
DRR454434.4158	NC_054852.1	1069201	6408	1936	126	1000	1
DRR454434.480	NC_054852.1	1069201	15286	0	274	1000	1
DRR454434.202	NC_054852.1	1069201	14100	0	227	1000	1
DRR454434.3641	NC_054852.1	1069201	6660	0	214	1000	1
DRR454434.1573	NC_054852.1	1069201	1810	961	132	1000	1
DRR454434.216	NC_054852.1	1069201	6269	1936	154	1000	1
DRR454434.2241	NC_054852.1	1069201	6090	0	202	1000	1
DRR454434.1880	NC_054852.1	1069201	8993	0	207	1000	1
DRR454434.4708	NC_054852.1	1069201	6469	1024	215	1000	1
DRR454434.2024	NC_054852.1	1069201	8357	324	188	1000	1
DRR454434.2330	NC_054852.1	1069201	14573	0	232	1000	1
DRR454434.1085	NC_054852.1	1069201	12626	289	237	1000	1
DRR454434.3360	NC_054852.1	1069201	11330	64	226	1000	1
DRR454434.3198	NC_054852.1	1069201	8319	144	230	1000	1
DRR454434.4497	NC_054852.1	1069201	4518	900	207	1000	1
DRR454434.618	NC_054852.1	1069201	9863	324	225	1000	1
DRR454434.388	NC_054852.1	1069201	15351	900	233	1000	1
DRR454434.2447	NC_054852.1	1069201	4798	1936	155	1000	1
DRR454434.4123	NC_054852.1	1069201	9805	0	233	1000	1
DRR454434.4195	NC_054852.1	1069201	12024	0	260	1000	1
DRR454434.4944	NC_054852.1	1069201	12351	0	263	1000	1
DRR454434.3837	NC_054852.1	1069201	6294	196	214	1000	1
DRR454434.2232	NC_054852.1	1069201	8649	1936	108	1000	1
DRR454434.3906	NC_054852.1	1069201	8310	1024	161	1000	1
DRR454434.1308	NC_054852.1	1069201	9877	0	227	1000	1
DRR454434.3862	NC_054852.1	1069201	8366	0	181	1000	1
DRR454434.2180	NC_054852.1	1069201	7514	144	243	1000	1
DRR454434.3888	NC_054852.1	1069201	13811	0	222	1000	1
DRR454434.1418	NC_054852.1	1069201	14004	0	211	1000	1
DRR454434.1137	NC_054852.1	1069201	21074	0	275	1000	1
DRR454434.2376	NC_054852.1	1069201	22029	0	280	1000	1
DRR454434.4185	NC_054852.1	1069201	16285	0	209	1000	1
DRR454434.4802	NC_054852.1	1069201	14114	0	231	1000	1
DRR454434.854	NC_054852.1	1069201	12746	784	191	1000	1
DRR454434.948	NC_054852.1	1069201	7439	324	211	1000	1
DRR454434.2282	NC_054852.1	1069201	8970	121	189	1000	1
DRR454434.3036	NC_054852.1	1069201	19652	0	267	1000	1
DRR454434.773	NC_054852.1	1069201	4425	1936	179	1000	1
DRR454434.4051	NC_054852.1	1069201	13049	676	234	1000	1
DRR454434.2669	NC_054852.1	1069201	7820	0	171	1000	1
DRR454434.1426	NC_054852.1	1069201	9518	0	201	1000	1
DRR454434.1754	NC_054852.1	1069201	8465	0	159	1000	1
DRR454434.447	NC_054852.1	1069201	20369	0	260	1000	1
DRR454434.3366	NC_054852.1	1069201	4070	169	207	1000	1
DRR454434.2569	NC_054852.1	1069201	7790	260	242	1000	1
DRR454434.3755	NC_054852.1	1069201	8066	361	187	1000	1
DRR454434.1424	NC_054852.1	1069201	4210	1936	116	1000	1
DRR454434.2068	NC_054852.1	1069201	4751	1936	177	1000	1
DRR454434.3963	NC_054852.1	1069201	4772	400	252	1000	1
DRR454434.3578	NC_054852.1	1069201	10982	100	222	1000	1
DRR454434.1605	NC_054852.1	1069201	11362	0	217	1000	1
DRR454434.1489	NC_054852.1	1069201	8746	1521	154	1000	1
DRR454434.240	NC_054852.1	1069201	6590	1849	173	1000	1
DRR454434.4721	NC_054852.1	1069201	12527	0	261	1000	1
DRR454434.4494	NC_054852.1	1069201	2910	841	129	1000	1
DRR454434.3235	NC_054852.1	1069201	11382	0	230	1000	1
DRR454434.4795	NC_054852.1	1069201	16409	0	222	1000	1
DRR454434.620	NC_054852.1	1069201	10769	0	237	1000	1
DRR454434.2281	NC_054852.1	1069201	3244	1936	154	1000	1
DRR454434.2394	NC_054852.1	1069201	2896	613	218	1000	1
DRR454434.2923	NC_054852.1	1069201	11885	0	183	1000	1
DRR454434.3748	NC_054852.1	1069201	16221	400	204	1000	1
DRR454434.273	NC_054852.1	1069201	7940	0	156	1000	1
DRR454434.2722	NC_054852.1	1069201	10001	797	190	1000	1
DRR454434.2241	NC_054852.1	1069201	6090	0	202	1000	1
DRR454434.3724	NC_054852.1	1069201	12724	121	188	1000	1
DRR454434.137	NC_054852.1	1069201	8785	144	188	1000	1
DRR454434.2512	NC_054852.1	1069201	7442	0	150	1000	1
DRR454434.2727	NC_054852.1	1069201	12634	441	221	1000	1
DRR454434.3394	NC_054852.1	1069201	19333	0	250	1000	1
DRR454434.82	NC_054852.1	1069201	7954	1444	142	1000	1
DRR454434.26	NC_054852.1	1069201	6491	2209	205	1000	1
DRR454434.3359	NC_054852.1	1069201	5059	1089	166	1000	1
DRR454434.2751	NC_054852.1	1069201	8957	196	190	1000	1
DRR454434.3440	NC_054852.1	1069201	8350	1681	212	1000	1
DRR454434.2541	NC_054852.1	1069201	14679	121	251	1000	1
DRR454434.3311	NC_054852.1	1069201	11499	0	216	1000	1
DRR454434.1023	NC_054852.1	1069201	8373	361	200	1000	1
DRR454434.3075	NC_054852.1	1069201	11114	1024	193	1000	1
DRR454434.123	NC_054852.1	1069201	18648	0	261	1000	1
DRR454434.4462	NC_054852.1	1069201	20790	0	273	1000	1
DRR454434.877	NC_054852.1	1069201	9451	0	243	1000	1
DRR454434.625	NC_054852.1	1069201	9875	1936	178	1000	1
DRR454434.774	NC_054852.1	1069201	5723	1089	240	1000	1
DRR454434.2162	NC_054852.1	1069201	5925	0	226	1000	1
DRR454434.3821	NC_054852.1	1069201	8645	100	201	1000	1
DRR454434.2494	NC_054852.1	1069201	12483	0	243	1000	1
DRR454434.1446	NC_054852.1	1069201	4695	729	185	1000	1
DRR454434.4579	NC_054852.1	1069201	10349	1764	204	1000	1
DRR454434.4485	NC_054852.1	1069201	8386	0	232	1000	1
DRR454434.2240	NC_054852.1	1069201	9807	0	227	1000	1
DRR454434.356	NC_054852.1	1069201	9110	100	189	1000	1
DRR454434.4882	NC_054852.1	1069201	12218	0	180	1000	1
DRR454434.2140	NC_054852.1	1069201	1834	81	113	1000	1
DRR454434.1136	NC_054852.1	1069201	13903	841	239	1000	1
DRR454434.609	NC_054852.1	1069201	6616	2025	268	1000	1
DRR454434.723	NC_054852.1	1069201	12026	0	215	1000	1
DRR454434.1253	NC_054852.1	1069201	12710	1936	191	1000	1
DRR454434.722	NC_054852.1	1069201	9382	0	230	1000	1
DRR454434.962	NC_054852.1	1069201	4798	2473	240	1000	1
DRR454434.1251	NC_054852.1	1069201	12906	1681	193	1000	1
DRR454434.3347	NC_054852.1	1069201	7542	1156	173	1000	1
DRR454434.130	NC_054852.1	1069201	11990	0	211	1000	1
DRR454434.677	NC_054852.1	1069201	7334	0	193	1000	1
DRR454434.2454	NC_054852.1	1069201	4129	1936	152	1000	1
DRR454434.2689	NC_054852.1	1069201	12484	290	202	1000	1
DRR454434.234	NC_054852.1	1069201	9871	0	271	1000	1
DRR454434.4331	NC_054852.1	1069201	8910	0	230	1000	1
DRR454434.4078	NC_054852.1	1069201	14409	0	230	1000	1
DRR454434.991	NC_054852.1	1069201	5030	1089	194	1000	1
DRR454434.2343	NC_054852.1	1069201	20214	0	261	1000	1
DRR454434.1158	NC_054852.1	1069201	2481	1444	122	1000	1
DRR454434.3785	NC_054852.1	1069201	7314	0	187	1000	1
DRR454434.2475	NC_054852.1	1069201	5825	1156	201	1000	1
DRR454434.2795	NC_054852.1	1069201	10390	100	242	1000	1
DRR454434.1701	NC_054852.1	1069201	20624	0	273	1000	1
DRR454434.983	NC_054852.1	1069201	12017	0	185	1000	1
DRR454434.874	NC_054852.1	1069201	8296	0	241	1000	1
DRR454434.2349	NC_054852.1	1069201	6317	2025	242	1000	1
DRR454434.505	NC_054852.1	1069201	9618	169	234	1000	1
DRR454434.4556	NC_054852.1	1069201	11472	676	236	1000	1
DRR454434.2625	NC_054852.1	1069201	11075	0	256	1000	1
DRR454434.2624	NC_054852.1	1069201	5050	729	196	1000	1
DRR454434.1742	NC_054852.1	1069201	13774	0	221	1000	1
DRR454434.2474	NC_054852.1	1069201	13570	225	223	1000	1
DRR454434.2771	NC_054852.1	1069201	16665	289	249	1000	1
DRR454434.3855	NC_054852.1	1069201	11858	196	232	1000	1
DRR454434.1850	NC_054852.1	1069201	10589	0	198	1000	1
DRR454434.3938	NC_054852.1	1069201	14214	0	244	1000	1
DRR454434.461	NC_054852.1	1069201	6457	1024	170	1000	1
DRR454434.3526	NC_054852.1	1069201	13319	0	267	1000	1
DRR454434.731	NC_054852.1	1069201	13235	0	236	1000	1
DRR454434.103	NC_054852.1	1069201	10915	0	241	1000	1
DRR454434.4976	NC_054852.1	1069201	7772	1521	216	1000	1
DRR454434.6	NC_054852.1	1069201	16482	1369	276	1000	1
DRR454434.3531	NC_054852.1	1069201	17973	0	219	1000	1
DRR454434.4200	NC_054852.1	1069201	12950	1936	193	1000	1
DRR454434.3245	NC_054852.1	1069201	7703	1849	254	1000	1
DRR454434.3124	NC_054852.1	1069201	19754	0	273	1000	1
DRR454434.1505	NC_054852.1	1069201	4262	400	190	1000	1
DRR454434.1984	NC_054852.1	1069201	12321	0	171	1000	1
DRR454434.4190	NC_054852.1	1069201	12686	196	195	1000	1
DRR454434.2222	NC_054852.1	1069201	6955	121	230	1000	1
DRR454434.751	NC_054852.1	1069201	14953	1089	230	1000	1
DRR454434.1231	NC_054852.1	1069201	6909	0	211	1000	1
DRR454434.3692	NC_054852.1	1069201	9312	0	257	1000	1
DRR454434.4612	NC_054852.1	1069201	12884	961	168	1000	1
DRR454434.2468	NC_054852.1	1069201	12130	0	223	1000	1
DRR454434.4721	NC_054852.1	1069201	12527	0	261	1000	1
DRR454434.3381	NC_054852.1	1069201	6676	1936	136	1000	1
DRR454434.1243	NC_054852.1	1069201	13403	0	249	1000	1
DRR454434.4336	NC_054852.1	1069201	9928	0	170	1000	1
DRR454434.436	NC_054852.1	1069201	16652	0	235	1000	1
DRR454434.2160	NC_054852.1	1069201	12005	0	261	1000	1
DRR454434.299	NC_054852.1	1069201	6386	256	167	1000	1
DRR454434.1507	NC_054852.1	1069201	14489	0	228	1000	1
DRR454434.512	NC_054852.1	1069201	11486	121	232	1000	1
DRR454434.2454	NC_054852.1	1069201	4129	1936	152	1000	1
DRR454434.4706	NC_054852.1	1069201	2405	1089	99	1000	1
DRR454434.2733	NC_054852.1	1069201	3306	0	197	1000	1
DRR454434.665	NC_054852.1	1069201	10019	2025	231	1000	1
DRR454434.1611	NC_054852.1	1069201	17960	0	218	1000	1
DRR454434.1414	NC_054852.1	1069201	13274	0	274	1000	1
DRR454434.4252	NC_054852.1	1069201	8523	729	191	1000	1
DRR454434.3831	NC_054852.1	1069201	9385	289	139	1000	1
DRR454434.1035	NC_054852.1	1069201	7659	441	186	1000	1
DRR454434.992	NC_054852.1	1069201	12421	1024	151	1000	1
DRR454434.3911	NC_054852.1	1069201	6154	2116	128	1000	1
DRR454434.1196	NC_054852.1	1069201	9398	576	223	1000	1
DRR454434.4732	NC_054852.1	1069201	9850	64	170	1000	1
DRR454434.1094	NC_054852.1	1069201	14072	0	237	1000	1
DRR454434.4220	NC_054852.1	1069201	9169	0	206	1000	1
DRR454434.1715	NC_054852.1	1069201	13671	0	267	1000	1
DRR454434.2142	NC_054852.1	1069201	6930	0	169	1000	1
DRR454434.4708	NC_054852.1	1069201	6469	1024	215	1000	1
DRR454434.2369	NC_054852.1	1069201	14717	1936	198	1000	1
DRR454434.740	NC_054852.1	1069201	11062	81	236	1000	1
DRR454434.4926	NC_054852.1	1069201	14714	0	231	1000	1
DRR454434.3296	NC_054852.1	1069201	7625	0	207	1000	1
DRR454434.1069	NC_054852.1	1069201	10358	0	199	1000	1
DRR454434.2131	NC_054852.1	1069201	12002	1936	150	1000	1
DRR454434.3538	NC_054852.1	1069201	13832	0	237	1000	1
DRR454434.2990	NC_054852.1	1069201	14801	0	201	1000	1
DRR454434.4147	NC_054852.1	1069201	3626	1296	121	1000	1
DRR454434.215	NC_054852.1	1069201	11965	1936	163	1000	1
DRR454434.323	NC_054852.1	1069201	13078	0	244	1000	1
DRR454434.2425	NC_054852.1	1069201	13968	2304	186	1000	1
DRR454434.1696	NC_054852.1	1069201	9318	64	212	1000	1
DRR454434.4779	NC_054852.1	1069201	4430	64	159	1000	1
DRR454434.2436	NC_054852.1	1069201	4346	121	160	1000	1
DRR454434.2320	NC_054852.1	1069201	17219	0	252	1000	1
DRR454434.1408	NC_054852.1	1069201	10675	169	245	1000	1
DRR454434.334	NC_054852.1	1069201	7326	1296	224	1000	1
DRR454434.3682	NC_054852.1	1069201	16097	64	232	1000	1
DRR454434.1011	NC_054852.1	1069201	9114	729	179	1000	1
DRR454434.3493	NC_054852.1	1069201	8771	1936	172	1000	1
DRR454434.1323	NC_054852.1	1069201	10000	1936	115	1000	1
DRR454434.1788	NC_054852.1	1069201	2520	2025	173	1000	1
DRR454434.361	NC_054852.1	1069201	13737	0	232	1000	1
DRR454434.663	NC_054852.1	1069201	14164	0	188	1000	1
DRR454434.986	NC_054852.1	1069201	9992	0	193	1000	1
DRR454434.3361	NC_054852.1	1069201	12665	729	177	1000	1
DRR454434.1971	NC_054852.1	1069201	7947	324	254	1000	1
DRR454434.3973	NC_054852.1	1069201	17330	0	216	1000	1
DRR454434.4175	NC_054852.1	1069201	6877	0	215	1000	1
DRR454434.3806	NC_054852.1	1069201	4186	1024	211	1000	1
DRR454434.3053	NC_054852.1	1069201	11865	0	263	1000	1
DRR454434.963	NC_054852.1	1069201	10593	1936	207	1000	1
DRR454434.3351	NC_054852.1	1069201	12114	0	225	1000	1
DRR454434.773	NC_054852.1	1069201	4425	1936	179	1000	1
DRR454434.3369	NC_054852.1	1069201	7250	0	189	1000	1
DRR454434.3981	NC_054852.1	1069201	9832	0	205	1000	1
DRR454434.448	NC_054852.1	1069201	11231	0	249	1000	1
DRR454434.1480	NC_054852.1	1069201	20731	0	272	1000	1
DRR454434.2618	NC_054852.1	1069201	14815	0	289	1000	1
DRR454434.1495	NC_054852.1	1069201	15865	0	236	1000	1
DRR454434.3948	NC_054852.1	1069201	13045	0	191	1000	1
DRR454434.2514	NC_054852.1	1069201	12044	81	234	1000	1
DRR454434.193	NC_054690.1	5007	1936	1350	59	1000	1
DRR454434.396	NC_054852.1	1069201	10622	1936	191	1000	1
DRR454434.1380	NC_054852.1	1069201	16317	2500	230	1000	1
DRR454434.4884	NC_054852.1	1069201	12342	1296	259	1000	1
DRR454434.4810	NC_054852.1	1069201	11333	225	206	1000	1
DRR454434.558	NC_054852.1	1069201	13601	0	243	1000	1
DRR454434.3392	NC_054852.1	1069201	8463	169	232	1000	1
DRR454434.882	NC_054852.1	1069201	11225	400	211	1000	1
DRR454434.2494	NC_054852.1	1069201	12483	0	243	1000	1
DRR454434.2220	NC_054852.1	1069201	10154	265	237	1000	1
DRR454434.1908	NC_054852.1	1069201	9389	400	163	1000	1
DRR454434.3503	NC_054852.1	1069201	3242	81	160	1000	1
DRR454434.2766	NC_054852.1	1069201	10658	0	199	1000	1
DRR454434.3688	NC_054852.1	1069201	15725	1936	165	1000	1
DRR454434.1863	NC_054852.1	1069201	5454	361	192	1000	1
DRR454434.1	NC_054852.1	1069201	9545	484	219	1000	1
DRR454434.2585	NC_054852.1	1069201	8532	0	195	1000	1
DRR454434.4942	NC_054852.1	1069201	9167	0	235	1000	1
DRR454434.1188	NC_054852.1	1069201	2702	1936	142	1000	1
DRR454434.2050	NC_054852.1	1069201	10648	144	251	1000	1
DRR454434.2966	NC_054852.1	1069201	15925	0	238	1000	1
DRR454434.3425	NC_054852.1	1069201	11783	0	229	1000	1
DRR454434.4734	NC_054852.1	1069201	19139	0	270	1000	1
DRR454434.3427	NC_054852.1	1069201	7888	1936	130	1000	1
DRR454434.4802	NC_054852.1	1069201	14114	0	231	1000	1
DRR454434.1267	NC_054852.1	1069201	6202	0	194	1000	1
DRR454434.4894	NC_054852.1	1069201	18753	441	254	1000	1
DRR454434.2149	NC_054852.1	1069201	5047	290	204	1000	1
DRR454434.1578	NC_054852.1	1069201	10081	1936	178	1000	1
DRR454434.1497	NC_054852.1	1069201	2211	1936	176	1000	1
DRR454434.4410	NC_054852.1	1069201	4781	0	177	1000	1
DRR454434.1326	NC_054852.1	1069201	4379	625	154	1000	1
DRR454434.1851	NC_054852.1	1069201	6672	0	247	1000	1
DRR454434.4243	NC_054852.1	1069201	8786	0	222	1000	1
DRR454434.3830	NC_054852.1	1069201	7395	400	217	1000	1
DRR454434.3234	NC_054852.1	1069201	2807	1217	180	1000	1
DRR454434.3160	NC_054852.1	1069201	8782	0	214	1000	1
DRR454434.4312	NC_054852.1	1069201	7492	1936	194	1000	1
DRR454434.4613	NC_054852.1	1069201	12515	529	204	1000	1
DRR454434.656	NC_054852.1	1069201	4598	729	209	1000	1
DRR454434.4384	NC_054852.1	1069201	8114	64	227	1000	1
DRR454434.3413	NC_054852.1	1069201	9193	0	258	1000	1
DRR454434.4981	NC_054852.1	1069201	22574	0	265	1000	1
DRR454434.61	NC_054852.1	1069201	13041	81	226	1000	1
DRR454434.626	NC_054852.1	1069201	9721	729	200	1000	1
DRR454434.1366	NC_054852.1	1069201	4730	1936	159	1000	1
DRR454434.4237	NC_054852.1	1069201	9981	0	204	1000	1
DRR454434.1510	NC_054852.1	1069201	4140	529	176	1000	1
DRR454434.409	NC_054852.1	1069201	16630	0	253	1000	1
DRR454434.2763	NC_054852.1	1069201	21074	0	275	1000	1
DRR454434.1333	NC_054852.1	1069201	1539	441	110	1000	1
DRR454434.1379	NC_054852.1	1069201	14105	324	228	1000	1
DRR454434.1725	NC_054852.1	1069201	17045	225	234	1000	1
DRR454434.1331	NC_054852.1	1069201	16929	0	248	1000	1
DRR454434.2752	NC_054852.1	1069201	12809	1936	196	1000	1
DRR454434.1906	NC_054852.1	1069201	15381	0	201	1000	1
DRR454434.3105	NC_054852.1	1069201	7461	169	273	1000	1
DRR454434.4171	NC_054852.1	1069201	5030	0	161	1000	1
DRR454434.4268	NC_054852.1	1069201	17348	0	235	1000	1
DRR454434.1796	NC_054852.1	1069201	11774	0	260	1000	1
DRR454434.293	NC_054852.1	1069201	6846	196	237	1000	1
DRR454434.680	NC_054852.1	1069201	2938	2401	106	1000	1
DRR454434.4731	NC_054852.1	1069201	16353	1936	214	1000	1
DRR454434.4830	NC_054852.1	1069201	13839	0	269	1000	1
DRR454434.1096	NC_054852.1	1069201	2729	2025	132	1000	1
DRR454434.1347	NC_054852.1	1069201	6294	2916	159	1000	1
DRR454434.546	NC_054852.1	1069201	8075	0	240	1000	1
DRR454434.791	NC_054852.1	1069201	13194	1936	195	1000	1
DRR454434.301	NC_054852.1	1069201	19117	0	268	1000	1
DRR454434.1101	NC_054852.1	1069201	13803	0	224	1000	1
DRR454434.1508	NC_054852.1	1069201	11762	0	180	1000	1
DRR454434.4103	NC_054852.1	1069201	2618	841	183	1000	1
DRR454434.38	NC_054852.1	1069201	11366	0	252	1000	1
DRR454434.1147	NC_054852.1	1069201	3636	225	170	1000	1
DRR454434.4660	NC_054852.1	1069201	6820	0	214	1000	1
DRR454434.1	NC_054852.1	1069201	9590	529	220	1000	1
DRR454434.4366	NC_054852.1	1069201	8792	100	185	1000	1
DRR454434.2934	NC_054852.1	1069201	2946	0	133	1000	1
DRR454434.1533	NC_054852.1	1069201	2109	324	176	1000	1
DRR454434.1983	NC_054852.1	1069201	5574	0	232	1000	1
DRR454434.2772	NC_054852.1	1069201	12886	0	229	1000	1
DRR454434.1283	NC_054852.1	1069201	7622	1936	167	1000	1
DRR454434.325	NC_054852.1	1069201	16859	0	234	1000	1
DRR454434.2583	NC_054852.1	1069201	9166	0	187	1000	1
DRR454434.4976	NC_054852.1	1069201	7772	1521	216	1000	1
DRR454434.4243	NC_054852.1	1069201	8786	0	222	1000	1
DRR454434.4208	NC_054852.1	1069201	11863	0	272	1000	1
DRR454434.4329	NC_054852.1	1069201	17234	0	245	1000	1
DRR454434.762	NC_054852.1	1069201	7816	0	229	1000	1
DRR454434.4468	NC_054852.1	1069201	12614	0	231	1000	1
DRR454434.2019	NC_054852.1	1069201	13641	0	263	1000	1
DRR454434.4323	NC_054852.1	1069201	12011	0	222	1000	1
DRR454434.4392	NC_054852.1	1069201	11086	900	238	1000	1
DRR454434.206	NC_054852.1	1069201	4618	1936	149	1000	1
DRR454434.4214	NC_054852.1	1069201	15755	0	248	1000	1
DRR454434.2392	NC_054852.1	1069201	4499	324	158	1000	1
DRR454434.1623	NC_054852.1	1069201	4178	1369	120	1000	1
DRR454434.3472	NC_054852.1	1069201	5421	324	199	1000	1
DRR454434.1032	NC_054852.1	1069201	9314	0	187	1000	1
DRR454434.4182	NC_054852.1	1069201	6163	1936	265	1000	1
DRR454434.4507	NC_054852.1	1069201	13854	289	256	1000	1
DRR454434.4419	NC_054852.1	1069201	8964	0	224	1000	1
DRR454434.758	NC_054852.1	1069201	12347	1936	192	1000	1
DRR454434.3448	NC_054852.1	1069201	14900	0	200	1000	1
DRR454434.4814	NC_054852.1	1069201	6569	64	184	1000	1
DRR454434.4481	NC_054852.1	1069201	16000	0	206	1000	1
DRR454434.2041	NC_054852.1	1069201	14474	0	227	1000	1
DRR454434.4137	NC_054852.1	1069201	10265	0	196	1000	1
DRR454434.2596	NC_054852.1	1069201	15541	0	238	1000	1
DRR454434.1008	NC_054852.1	1069201	13850	0	186	1000	1
DRR454434.1572	NC_054852.1	1069201	19233	0	225	1000	1
DRR454434.3173	NC_054852.1	1069201	10853	0	231	1000	1
DRR454434.741	NC_054852.1	1069201	10985	1936	147	1000	1
DRR454434.3296	NC_054852.1	1069201	7625	0	207	1000	1
DRR454434.2704	NC_054852.1	1069201	4869	0	212	1000	1
DRR454434.2502	NC_054852.1	1069201	12859	0	226	1000	1
DRR454434.2722	NC_054852.1	1069201	10001	797	190	1000	1
DRR454434.291	NC_054852.1	1069201	8449	0	217	1000	1
DRR454434.4417	NC_054852.1	1069201	15509	0	234	1000	1
DRR454434.2214	NC_054852.1	1069201	11014	0	217	1000	1
DRR454434.2750	NC_054852.1	1069201	6985	1521	223	1000	1
DRR454434.3200	NC_054852.1	1069201	20492	0	263	1000	1
DRR454434.3634	NC_054852.1	1069201	20179	0	268	1000	1
DRR454434.4881	NC_054852.1	1069201	7523	0	215	1000	1
DRR454434.2108	NC_054852.1	1069201	17973	0	219	1000	1
DRR454434.2788	NC_054852.1	1069201	16954	0	241	1000	1
DRR454434.4741	NC_054852.1	1069201	12314	0	211	1000	1
DRR454434.2628	NC_054852.1	1069201	14326	0	227	1000	1
DRR454434.745	NC_054852.1	1069201	20785	0	272	1000	1
DRR454434.341	NC_054852.1	1069201	19710	0	249	1000	1
DRR454434.259	NC_054852.1	1069201	6461	625	203	1000	1
DRR454434.1230	NC_054852.1	1069201	11862	1521	240	1000	1
DRR454434.2974	NC_054852.1	1069201	8978	0	185	1000	1
DRR454434.334	NC_054852.1	1069201	7326	1296	224	1000	1
DRR454434.3433	NC_054852.1	1069201	10249	961	163	1000	1
DRR454434.4024	NC_054852.1	1069201	10644	0	230	1000	1
DRR454434.2001	NC_054852.1	1069201	3402	1936	212	1000	1
DRR454434.4105	NC_054852.1	1069201	6289	0	203	1000	1
DRR454434.1026	NC_054852.1	1069201	18294	0	286	1000	1
DRR454434.282	NC_054852.1	1069201	14541	0	244	1000	1
DRR454434.777	NC_054852.1	1069201	10383	484	205	1000	1
DRR454434.1439	NC_054852.1	1069201	8772	361	218	1000	1
DRR454434.1023	NC_054852.1	1069201	8373	361	200	1000	1
DRR454434.4064	NC_054852.1	1069201	11925	1521	165	1000	1
DRR454434.157	NC_054852.1	1069201	5962	144	176	1000	1
DRR454434.285	NC_054852.1	1069201	16153	0	205	1000	1
DRR454434.612	NC_054852.1	1069201	16580	0	212	1000	1
DRR454434.1755	NC_054852.1	1069201	20794	0	232	1000	1
DRR454434.519	NC_054852.1	1069201	4338	1521	135	1000	1
DRR454434.3903	NC_054852.1	1069201	8806	144	230	1000	1
DRR454434.1624	NC_054852.1	1069201	3201	1764	169	1000	1
DRR454434.2122	NC_054852.1	1069201	6357	361	238	1000	1
DRR454434.274	NC_054852.1	1069201	12782	0	238	1000	1
DRR454434.2935	NC_054852.1	1069201	15261	0	257	1000	1
DRR454434.2246	NC_054852.1	1069201	8802	1521	183	1000	1
DRR454434.2287	NC_054852.1	1069201	9407	0	233	1000	1
DRR454434.4624	NC_054852.1	1069201	10307	0	237	1000	1
DRR454434.1047	NC_054852.1	1069201	17819	0	258	1000	1
DRR454434.713	NC_054852.1	1069201	5189	64	239	1000	1
DRR454434.1174	NC_054852.1	1069201	9929	1521	186	1000	1
DRR454434.1608	NC_054852.1	1069201	4807	0	210	1000	1
DRR454434.3865	NC_054852.1	1069201	14889	0	238	1000	1
DRR454434.1614	NC_054852.1	1069201	8012	610	204	1000	1
DRR454434.2316	NC_054852.1	1069201	11538	0	180	1000	1
DRR454434.4392	NC_054852.1	1069201	11086	900	238	1000	1
DRR454434.1481	NC_054852.1	1069201	8660	1936	136	1000	1
DRR454434.3959	NC_054852.1	1069201	8229	169	244	1000	1
DRR454434.4510	NC_054852.1	1069201	10870	0	211	1000	1
DRR454434.3886	NC_054852.1	1069201	18913	0	260	1000	1
DRR454434.4477	NC_054852.1	1069201	9047	400	236	1000	1
DRR454434.3819	NC_054852.1	1069201	5437	64	229	1000	1
DRR454434.1766	NC_054852.1	1069201	3037	1936	188	1000	1
DRR454434.3270	NC_054852.1	1069201	7215	1521	213	1000	1
DRR454434.517	NC_054852.1	1069201	11586	0	254	1000	1
DRR454434.3982	NC_054852.1	1069201	9685	0	161	1000	1
DRR454434.4238	NC_054852.1	1069201	6066	841	165	1000	1
DRR454434.346	NC_054852.1	1069201	2898	64	179	1000	1
DRR454434.2627	NC_054852.1	1069201	14653	0	236	1000	1
DRR454434.421	NC_054852.1	1069201	6586	1936	194	1000	1
DRR454434.545	NC_054852.1	1069201	20177	0	258	1000	1
DRR454434.3831	NC_054852.1	1069201	9385	289	139	1000	1
DRR454434.3415	NC_054852.1	1069201	10683	0	233	1000	1
DRR454434.517	NC_054852.1	1069201	11586	0	254	1000	1
DRR454434.4642	NC_054852.1	1069201	16217	0	244	1000	1
DRR454434.2642	NC_054852.1	1069201	7477	441	273	1000	1
DRR454434.1930	NC_054852.1	1069201	12053	100	201	1000	1
DRR454434.2099	NC_054852.1	1069201	12025	0	208	1000	1
DRR454434.4529	NC_054852.1	1069201	3921	1936	175	1000	1
DRR454434.97	NC_054852.1	1069201	8229	0	219	1000	1
DRR454434.706	NC_054852.1	1069201	10937	0	231	1000	1
DRR454434.4600	NC_054852.1	1069201	8884	361	179	1000	1
DRR454434.3817	NC_054852.1	1069201	11899	0	224	1000	1
DRR454434.745	NC_054852.1	1069201	20785	0	272	1000	1
DRR454434.820	NC_054852.1	1069201	13590	0	232	1000	1
DRR454434.1366	NC_054852.1	1069201	4730	1936	159	1000	1
DRR454434.970	NC_054852.1	1069201	5932	961	200	1000	1
DRR454434.2452	NC_054852.1	1069201	5773	2025	170	1000	1
DRR454434.1556	NC_054852.1	1069201	8377	324	158	1000	1
DRR454434.4321	NC_054852.1	1069201	8494	1764	273	1000	1
DRR454434.3233	NC_054852.1	1069201	8442	0	216	1000	1
DRR454434.1485	NC_054852.1	1069201	8704	0	158	1000	1
DRR454434.2369	NC_054852.1	1069201	14717	1936	198	1000	1
DRR454434.1243	NC_054852.1	1069201	13403	0	249	1000	1
DRR454434.4182	NC_054852.1	1069201	6163	1936	265	1000	1
DRR454434.4641	NC_054852.1	1069201	14066	256	227	1000	1
DRR454434.3965	NC_054852.1	1069201	15234	0	227	1000	1
DRR454434.4613	NC_054852.1	1069201	12515	529	204	1000	1
DRR454434.4950	NC_054852.1	1069201	14517	0	228	1000	1
DRR454434.3322	NC_054852.1	1069201	13298	324	180	1000	1
DRR454434.3735	NC_054852.1	1069201	9321	64	213	1000	1
DRR454434.902	NC_054852.1	1069201	8826	0	236	1000	1
DRR454434.392	NC_054852.1	1069201	19408	0	226	1000	1
DRR454434.548	NC_054852.1	1069201	6867	0	199	1000	1
DRR454434.3109	NC_054852.1	1069201	3230	961	143	1000	1
DRR454434.2122	NC_054852.1	1069201	6357	361	238	1000	1
DRR454434.2024	NC_054852.1	1069201	8357	324	188	1000	1
DRR454434.2789	NC_054852.1	1069201	19233	0	225	1000	1
DRR454434.529	NC_054852.1	1069201	6246	1764	200	1000	1
DRR454434.3810	NC_054852.1	1069201	2918	81	129	1000	1
DRR454434.3342	NC_054852.1	1069201	19361	0	260	1000	1
DRR454434.373	NC_054852.1	1069201	14774	0	260	1000	1
DRR454434.251	NC_054852.1	1069201	4503	1521	212	1000	1
DRR454434.2846	NC_054852.1	1069201	15306	2025	274	1000	1
DRR454434.1288	NC_054852.1	1069201	11800	0	228	1000	1
DRR454434.4050	NC_054852.1	1069201	7909	169	227	1000	1
DRR454434.4801	NC_054852.1	1069201	2965	0	159	1000	1
DRR454434.2324	NC_054852.1	1069201	3612	1600	168	1000	1
DRR454434.4792	NC_054852.1	1069201	8513	0	184	1000	1
DRR454434.2649	NC_054852.1	1069201	2260	1764	92	1000	1
DRR454434.2250	NC_054852.1	1069201	13861	900	224	1000	1
DRR454434.836	NC_054852.1	1069201	20338	0	271	1000	1
DRR454434.3928	NC_054852.1	1069201	8749	1849	133	1000	1
DRR454434.3097	NC_054852.1	1069201	9747	64	266	1000	1
DRR454434.2554	NC_054852.1	1069201	12740	1936	156	1000	1
DRR454434.1207	NC_054852.1	1069201	18794	0	241	1000	1
DRR454434.725	NC_054852.1	1069201	12654	0	225	1000	1
DRR454434.3804	NC_054852.1	1069201	8693	196	237	1000	1
DRR454434.4697	NC_054852.1	1069201	5012	1089	198	1000	1
DRR454434.1881	NC_054852.1	1069201	19925	0	223	1000	1
DRR454434.1049	NC_054852.1	1069201	4406	1089	157	1000	1
DRR454434.4477	NC_054852.1	1069201	9047	400	236	1000	1
DRR454434.3535	NC_054852.1	1069201	9557	0	210	1000	1
DRR454434.4259	NC_054852.1	1069201	8610	441	226	1000	1
DRR454434.748	NC_054852.1	1069201	9739	0	264	1000	1
DRR454434.1663	NC_054852.1	1069201	2737	1936	182	1000	1
DRR454434.4921	NC_054852.1	1069201	14283	81	253	1000	1
DRR454434.3519	NC_054852.1	1069201	10322	1681	142	1000	1
DRR454434.780	NC_054852.1	1069201	20417	0	227	1000	1
DRR454434.487	NC_054852.1	1069201	3540	1936	172	1000	1
DRR454434.2227	NC_054852.1	1069201	19342	0	271	1000	1
DRR454434.1671	NC_054852.1	1069201	13979	0	240	1000	1
DRR454434.902	NC_054852.1	1069201	8826	0	236	1000	1
DRR454434.3674	NC_054852.1	1069201	12360	0	221	1000	1
DRR454434.4367	NC_054852.1	1069201	5254	1936	151	1000	1
DRR454434.2978	NC_054852.1	1069201	3490	1089	172	1000	1
DRR454434.4217	NC_054852.1	1069201	13126	0	215	1000	1
DRR454434.2907	NC_054852.1	1069201	18149	0	213	1000	1
DRR454434.4035	NC_054852.1	1069201	13694	0	223	1000	1
DRR454434.522	NC_054852.1	1069201	13954	1936	172	1000	1
DRR454434.4834	NC_054852.1	1069201	6401	1936	160	1000	1
DRR454434.3323	NC_054852.1	1069201	7034	0	167	1000	1
DRR454434.3905	NC_054852.1	1069201	14786	2500	264	1000	1
DRR454434.1223	NC_054852.1	1069201	14429	289	214	1000	1
DRR454434.3111	NC_054852.1	1069201	6947	625	158	1000	1
DRR454434.795	NC_054852.1	1069201	7005	0	172	1000	1
DRR454434.3704	NC_054852.1	1069201	8219	0	166	1000	1
DRR454434.528	NC_054852.1	1069201	12565	0	226	1000	1
DRR454434.1594	NC_054852.1	1069201	12314	0	281	1000	1
DRR454434.331	NC_054852.1	1069201	12458	0	219	1000	1
DRR454434.2608	NC_054852.1	1069201	11162	169	203	1000	1
DRR454434.1389	NC_054852.1	1069201	7210	1936	161	1000	1
DRR454434.473	NC_054852.1	1069201	11781	0	212	1000	1
DRR454434.3229	NC_054852.1	1069201	19949	400	260	1000	1
DRR454434.2436	NC_054852.1	1069201	4598	121	162	1000	1
DRR454434.3979	NC_054852.1	1069201	14190	1369	256	1000	1
DRR454434.143	NC_054852.1	1069201	4838	1296	190	1000	1
DRR454434.4297	NC_054852.1	1069201	5038	1521	194	1000	1
DRR454434.4838	NC_054852.1	1069201	21818	0	279	1000	1
DRR454434.2435	NC_054852.1	1069201	16994	64	208	1000	1
DRR454434.3137	NC_054852.1	1069201	5058	784	194	1000	1
DRR454434.3186	NC_054852.1	1069201	2127	0	147	1000	1
DRR454434.4729	NC_054852.1	1069201	12069	144	192	1000	1
DRR454434.625	NC_054852.1	1069201	9875	1936	178	1000	1
DRR454434.1977	NC_054852.1	1069201	9370	0	228	1000	1
DRR454434.3475	NC_057368.1	182096	1444	484	53	1000	1
DRR454434.3324	NC_054852.1	1069201	20333	0	270	1000	1
DRR454434.423	NC_054852.1	1069201	14811	961	216	1000	1
DRR454434.1653	NC_054852.1	1069201	7253	289	180	1000	1
DRR454434.3914	NC_054852.1	1069201	11193	841	176	1000	1
DRR454434.3147	NC_054852.1	1069201	6713	1764	135	1000	1
DRR454434.4236	NC_054852.1	1069201	8814	0	245	1000	1
DRR454434.4769	NC_054852.1	1069201	5116	289	182	1000	1
DRR454434.1579	NC_054852.1	1069201	21377	0	278	1000	1
DRR454434.1238	NC_054852.1	1069201	12615	0	253	1000	1
DRR454434.445	NC_054852.1	1069201	11515	0	249	1000	1
DRR454434.3112	NC_054852.1	1069201	9363	0	207	1000	1
DRR454434.4168	NC_054852.1	1069201	7258	0	208	1000	1
DRR454434.1112	NC_054852.1	1069201	5891	1444	154	1000	1
DRR454434.2927	NC_012860.1	573826	244	0	52	1000	1
DRR454434.3732	NC_054852.1	1069201	13754	729	168	1000	1
DRR454434.1552	NC_054852.1	1069201	10653	0	176	1000	1
DRR454434.3572	NC_054852.1	1069201	7323	784	205	1000	1
DRR454434.1149	NC_054852.1	1069201	18888	0	245	1000	1
DRR454434.1142	NC_054852.1	1069201	5945	0	119	1000	1
DRR454434.1496	NC_054852.1	1069201	10658	0	195	1000	1
DRR454434.709	NC_054852.1	1069201	13735	169	247	1000	1
DRR454434.1830	NC_054852.1	1069201	5998	841	247	1000	1
DRR454434.3733	NC_054852.1	1069201	11282	0	180	1000	1
DRR454434.4465	NC_054852.1	1069201	10065	0	196	1000	1
DRR454434.3545	NC_054852.1	1069201	4875	0	193	1000	1
DRR454434.2447	NC_054852.1	1069201	4798	1936	155	1000	1
DRR454434.1635	NC_054852.1	1069201	12710	0	258	1000	1
DRR454434.2991	NC_054852.1	1069201	3105	225	161	1000	1
DRR454434.2663	NC_054852.1	1069201	13560	784	209	1000	1
DRR454434.3228	NC_054852.1	1069201	11641	0	251	1000	1
DRR454434.3050	NC_054852.1	1069201	13083	0	241	1000	1
DRR454434.1923	NC_054852.1	1069201	15350	0	239	1000	1
DRR454434.591	NC_054852.1	1069201	7444	81	152	1000	1
DRR454434.595	NC_054852.1	1069201	9836	0	222	1000	1
DRR454434.2569	NC_054852.1	1069201	7790	260	242	1000	1
DRR454434.919	NC_054852.1	1069201	4418	1849	124	1000	1
DRR454434.1377	NC_054852.1	1069201	11746	1521	199	1000	1
DRR454434.4718	NC_054852.1	1069201	13277	0	222	1000	1
DRR454434.2251	NC_054852.1	1069201	14031	0	275	1000	1
DRR454434.2123	NC_054852.1	1069201	11537	0	210	1000	1
DRR454434.901	NC_054852.1	1069201	8553	0	194	1000	1
DRR454434.4237	NC_054852.1	1069201	9981	0	204	1000	1
DRR454434.2984	NC_054852.1	1069201	4430	2161	199	1000	1
DRR454434.817	NC_054852.1	1069201	6625	0	199	1000	1
DRR454434.2718	NC_054852.1	1069201	12822	0	242	1000	1
DRR454434.1512	NC_054852.1	1069201	7434	0	198	1000	1
DRR454434.311	NC_054852.1	1069201	7652	1936	253	1000	1
DRR454434.523	NC_054852.1	1069201	8445	0	194	1000	1
DRR454434.1264	NC_054852.1	1069201	3194	1936	141	1000	1
DRR454434.3811	NC_054852.1	1069201	9762	0	189	1000	1
DRR454434.4259	NC_054852.1	1069201	8610	441	226	1000	1
DRR454434.91	NC_054852.1	1069201	4060	1936	176	1000	1
DRR454434.1550	NC_054852.1	1069201	17369	0	244	1000	1
DRR454434.4259	NC_054852.1	1069201	8610	441	226	1000	1
DRR454434.3408	NC_054852.1	1069201	16042	0	208	1000	1
DRR454434.4365	NC_054852.1	1069201	5777	0	160	1000	1
DRR454434.2924	NC_054852.1	1069201	4469	0	123	1000	1
DRR454434.1168	NC_054852.1	1069201	13621	100	179	1000	1
DRR454434.1800	NC_054852.1	1069201	14069	256	230	1000	1
DRR454434.22	NC_054852.1	1069201	7732	576	140	1000	1
DRR454434.2058	NC_054852.1	1069201	1866	484	142	1000	1
DRR454434.2344	NC_054852.1	1069201	20281	0	229	1000	1
DRR454434.4616	NC_054852.1	1069201	9236	0	239	1000	1
DRR454434.4207	NC_054852.1	1069201	15353	0	240	1000	1
DRR454434.474	NC_054852.1	1069201	4325	0	150	1000	1
DRR454434.3696	NC_054852.1	1069201	5093	2304	160	1000	1
DRR454434.3842	NC_054852.1	1069201	9410	0	224	1000	1
DRR454434.1604	NC_054852.1	1069201	22453	0	239	1000	1
DRR454434.1248	NC_054852.1	1069201	19480	0	269	1000	1
DRR454434.3647	NC_054852.1	1069201	20025	0	268	1000	1
DRR454434.1891	NC_054852.1	1069201	7320	0	177	1000	1
DRR454434.2500	NC_054852.1	1069201	12580	0	184	1000	1
DRR454434.1081	NC_054852.1	1069201	11691	2601	210	1000	1
DRR454434.4554	NC_054852.1	1069201	10099	1225	188	1000	1
DRR454434.3171	NC_054852.1	1069201	13570	0	254	1000	1
DRR454434.4707	NC_054852.1	1069201	7453	1936	139	1000	1
DRR454434.1045	NC_054852.1	1069201	3854	1936	164	1000	1
DRR454434.334	NC_054852.1	1069201	7326	1296	224	1000	1
DRR454434.4968	NC_054852.1	1069201	9981	121	194	1000	1
DRR454434.4247	NC_054852.1	1069201	14621	0	201	1000	1
DRR454434.443	NC_054852.1	1069201	7909	0	223	1000	1
DRR454434.2293	NC_054852.1	1069201	19341	0	248	1000	1
DRR454434.4399	NC_054852.1	1069201	14400	0	229	1000	1
DRR454434.1749	NC_054852.1	1069201	5121	676	197	1000	1
DRR454434.3890	NC_054852.1	1069201	8853	0	237	1000	1
DRR454434.136	NC_054852.1	1069201	2061	1764	114	1000	1
DRR454434.4219	NC_054852.1	1069201	13353	0	234	1000	1
DRR454434.435	NC_054852.1	1069201	9010	1681	148	1000	1
DRR454434.4205	NC_054852.1	1069201	5910	0	157	1000	1
DRR454434.3822	NC_054852.1	1069201	8420	0	210	1000	1
DRR454434.4183	NC_054852.1	1069201	13769	0	226	1000	1
DRR454434.2042	NC_054852.1	1069201	6591	1936	197	1000	1
DRR454434.2924	NC_054852.1	1069201	4469	0	123	1000	1
DRR454434.4480	NC_054852.1	1069201	10394	0	195	1000	1
DRR454434.4946	NC_054852.1	1069201	9699	1936	166	1000	1
DRR454434.310	NC_054852.1	1069201	10294	0	253	1000	1
DRR454434.3330	NC_054852.1	1069201	14089	0	197	1000	1
DRR454434.4470	NC_054852.1	1069201	6305	1936	156	1000	1
DRR454434.3190	NC_054852.1	1069201	9112	0	205	1000	1
DRR454434.490	NC_054852.1	1069201	18853	0	221	1000	1
DRR454434.4891	NC_054852.1	1069201	19018	0	224	1000	1
DRR454434.841	NC_054852.1	1069201	18594	0	222	1000	1
DRR454434.1746	NC_054852.1	1069201	12465	529	153	1000	1
DRR454434.948	NC_054852.1	1069201	7439	324	211	1000	1
DRR454434.3912	NC_054852.1	1069201	11315	1849	174	1000	1
DRR454434.1950	NC_054852.1	1069201	15402	0	227	1000	1
DRR454434.2113	NC_054852.1	1069201	15211	0	289	1000	1
DRR454434.845	NC_054852.1	1069201	9954	0	201	1000	1
DRR454434.941	NC_054852.1	1069201	9198	0	189	1000	1
DRR454434.3959	NC_054852.1	1069201	8229	169	244	1000	1
DRR454434.1428	NC_054852.1	1069201	4987	1600	152	1000	1
DRR454434.186	NC_054852.1	1069201	8880	0	224	1000	1
DRR454434.415	NC_054852.1	1069201	18386	0	259	1000	1
DRR454434.322	NC_054852.1	1069201	9836	0	246	1000	1
DRR454434.1027	NC_054852.1	1069201	16513	0	205	1000	1
DRR454434.2768	NC_054852.1	1069201	11331	0	245	1000	1
DRR454434.4354	NC_054852.1	1069201	9511	0	221	1000	1
DRR454434.1723	NC_054852.1	1069201	4768	2789	217	1000	1
DRR454434.421	NC_054852.1	1069201	6586	1936	194	1000	1
DRR454434.2623	NC_054852.1	1069201	2149	1936	141	1000	1
DRR454434.3606	NC_054852.1	1069201	9094	81	179	1000	1
DRR454434.637	NC_054852.1	1069201	10118	0	234	1000	1
DRR454434.4923	NC_054852.1	1069201	7617	0	227	1000	1
DRR454434.426	NC_054852.1	1069201	18338	0	220	1000	1
DRR454434.3407	NC_054852.1	1069201	13770	0	213	1000	1
DRR454434.2985	NC_054852.1	1069201	12697	0	185	1000	1
DRR454434.4947	NC_054852.1	1069201	11549	2304	237	1000	1
DRR454434.2082	NC_054852.1	1069201	6854	0	210	1000	1
DRR454434.977	NC_054852.1	1069201	13145	0	228	1000	1
DRR454434.903	NC_054852.1	1069201	6344	100	188	1000	1
DRR454434.1569	NC_054852.1	1069201	6138	144	179	1000	1
DRR454434.3073	NC_054852.1	1069201	10926	0	230	1000	1
DRR454434.3192	NC_054852.1	1069201	7695	576	207	1000	1
DRR454434.4937	NC_054852.1	1069201	8310	2304	238	1000	1
DRR454434.171	NC_054852.1	1069201	11144	0	217	1000	1
DRR454434.2597	NC_054852.1	1069201	13550	676	238	1000	1
DRR454434.612	NC_054852.1	1069201	16405	0	211	1000	1
DRR454434.1830	NC_054852.1	1069201	5998	841	247	1000	1
DRR454434.280	NC_054852.1	1069201	6970	1936	136	1000	1
DRR454434.4625	NC_054852.1	1069201	7034	529	222	1000	1
DRR454434.2318	NC_054852.1	1069201	14006	400	219	1000	1
DRR454434.3204	NC_054852.1	1069201	9767	0	237	1000	1
DRR454434.2866	NC_054852.1	1069201	12708	2304	180	1000	1
DRR454434.1276	NC_054852.1	1069201	13289	0	214	1000	1
DRR454434.2049	NC_054852.1	1069201	7813	100	205	1000	1
DRR454434.3745	NC_054852.1	1069201	13026	1600	236	1000	1
DRR454434.2615	NC_054852.1	1069201	4520	100	129	1000	1
DRR454434.3002	NC_054852.1	1069201	6102	0	165	1000	1
DRR454434.2498	NC_054852.1	1069201	14954	0	225	1000	1
DRR454434.2144	NC_054852.1	1069201	11804	0	246	1000	1
DRR454434.665	NC_054852.1	1069201	10019	2025	231	1000	1
DRR454434.1823	NC_054852.1	1069201	15210	1521	199	1000	1
DRR454434.4375	NC_054852.1	1069201	10626	0	238	1000	1
DRR454434.4373	NC_054852.1	1069201	9045	256	205	1000	1
DRR454434.3666	NC_054852.1	1069201	3947	64	202	1000	1
DRR454434.2836	NC_054852.1	1069201	14570	625	203	1000	1
DRR454434.2016	NC_054852.1	1069201	3469	361	184	1000	1
DRR454434.910	NC_054852.1	1069201	14478	0	248	1000	1
DRR454434.739	NC_054852.1	1069201	12279	1521	255	1000	1
DRR454434.402	NC_054852.1	1069201	9832	0	170	1000	1
DRR454434.3896	NC_054852.1	1069201	3147	2025	167	1000	1
DRR454434.4036	NC_054852.1	1069201	12907	0	232	1000	1
DRR454434.3500	NC_054852.1	1069201	13014	0	268	1000	1
DRR454434.4501	NC_054852.1	1069201	3613	196	202	1000	1
DRR454434.1298	NC_054852.1	1069201	11763	0	259	1000	1
DRR454434.4350	NC_054852.1	1069201	12289	0	212	1000	1
DRR454434.1026	NC_054852.1	1069201	18294	0	286	1000	1
DRR454434.2263	NC_054852.1	1069201	2358	81	169	1000	1
DRR454434.3417	NC_054852.1	1069201	13359	529	231	1000	1
DRR454434.4036	NC_054852.1	1069201	12907	0	232	1000	1
DRR454434.4796	NC_054852.1	1069201	7742	0	177	1000	1
DRR454434.3944	NC_054852.1	1069201	6541	484	172	1000	1
DRR454434.4662	NC_054852.1	1069201	1690	1681	88	1000	1
DRR454434.4586	NC_054852.1	1069201	10433	1089	206	1000	1
DRR454434.2220	NC_054852.1	1069201	10154	265	237	1000	1
DRR454434.2942	NC_054852.1	1069201	7709	0	188	1000	1
DRR454434.2334	NC_054852.1	1069201	4887	81	197	1000	1
DRR454434.1155	NC_054852.1	1069201	14489	324	216	1000	1
DRR454434.1202	NC_054852.1	1069201	16907	0	250	1000	1
DRR454434.2795	NC_054852.1	1069201	10454	64	265	1000	1
DRR454434.4572	NC_054852.1	1069201	16650	81	233	1000	1
DRR454434.2563	NC_054852.1	1069201	12114	0	236	1000	1
DRR454434.4946	NC_054852.1	1069201	9699	1936	166	1000	1
DRR454434.4948	NC_054852.1	1069201	11881	1444	124	1000	1
DRR454434.3434	NC_054852.1	1069201	15013	1156	257	1000	1
DRR454434.1938	NC_054852.1	1069201	15099	0	279	1000	1
DRR454434.2474	NC_054852.1	1069201	13570	225	223	1000	1
DRR454434.741	NC_054852.1	1069201	10985	1764	147	1000	1
DRR454434.3466	NC_054852.1	1069201	5150	1936	163	1000	1
DRR454434.2946	NC_054852.1	1069201	16261	0	250	1000	1
DRR454434.1723	NC_054852.1	1069201	4768	2789	217	1000	1
DRR454434.3121	NC_054852.1	1069201	13849	0	224	1000	1
DRR454434.2479	NC_054852.1	1069201	17511	0	271	1000	1
DRR454434.3508	NC_054852.1	1069201	10449	0	216	1000	1
DRR454434.657	NC_054852.1	1069201	5035	1936	146	1000	1
DRR454434.2060	NC_054852.1	1069201	5235	1600	166	1000	1
DRR454434.4156	NC_054852.1	1069201	13214	0	219	1000	1
DRR454434.2656	NC_054852.1	1069201	15172	0	200	1000	1
DRR454434.1744	NC_054852.1	1069201	10993	0	175	1000	1
DRR454434.599	NC_054852.1	1069201	12591	0	267	1000	1
DRR454434.3786	NC_054852.1	1069201	2340	576	150	1000	1
DRR454434.2852	NC_054852.1	1069201	8583	0	229	1000	1
DRR454434.1841	NC_054852.1	1069201	9337	0	245	1000	1
DRR454434.3154	NC_054852.1	1069201	10881	0	215	1000	1
DRR454434.2633	NC_054852.1	1069201	12905	1024	171	1000	1
DRR454434.689	NC_054852.1	1069201	15281	0	232	1000	1
DRR454434.3119	NC_054852.1	1069201	20113	0	229	1000	1
DRR454434.4097	NC_054852.1	1069201	2723	1936	155	1000	1
DRR454434.2562	NC_054852.1	1069201	11401	0	181	1000	1
DRR454434.1354	NC_054852.1	1069201	14976	0	221	1000	1
DRR454434.2471	NC_054852.1	1069201	3453	1936	126	1000	1
DRR454434.3241	NC_054852.1	1069201	13970	121	250	1000	1
DRR454434.4957	NC_054852.1	1069201	1985	1521	114	1000	1
DRR454434.2188	NC_054852.1	1069201	14646	0	242	1000	1
DRR454434.753	NC_054852.1	1069201	15021	0	189	1000	1
DRR454434.1259	NC_054852.1	1069201	7734	484	187	1000	1
DRR454434.3550	NC_054852.1	1069201	13246	0	209	1000	1
DRR454434.2768	NC_054852.1	1069201	11331	0	245	1000	1
DRR454434.3518	NC_054852.1	1069201	3709	0	113	1000	1
DRR454434.3441	NC_054852.1	1069201	9449	1681	198	1000	1
DRR454434.298	NC_054852.1	1069201	7943	1764	213	1000	1
DRR454434.802	NC_054852.1	1069201	17713	0	244	1000	1
DRR454434.3415	NC_054852.1	1069201	10683	0	233	1000	1
DRR454434.3806	NC_054852.1	1069201	4514	1024	215	1000	1
DRR454434.157	NC_054852.1	1069201	5962	144	176	1000	1
DRR454434.4608	NC_054852.1	1069201	6453	841	207	1000	1
DRR454434.1762	NC_054852.1	1069201	2195	1936	176	1000	1
DRR454434.4651	NC_054852.1	1069201	8853	0	197	1000	1
DRR454434.512	NC_054852.1	1069201	11486	121	232	1000	1
DRR454434.2350	NC_054852.1	1069201	10020	0	199	1000	1
DRR454434.2886	NC_012860.1	573826	6713	0	135	1000	1
DRR454434.4470	NC_054852.1	1069201	10760	100	201	1000	1
DRR454434.1502	NC_054852.1	1069201	10909	0	237	1000	1
DRR454434.477	NC_054852.1	1069201	17132	0	255	1000	1
DRR454434.2572	NC_054852.1	1069201	9157	0	200	1000	1
DRR454434.681	NC_054852.1	1069201	3525	225	165	1000	1
DRR454434.2027	NC_054852.1	1069201	14564	0	231	1000	1
DRR454434.3993	NC_054852.1	1069201	12836	0	219	1000	1
DRR454434.2959	NC_054852.1	1069201	6538	1156	235	1000	1
DRR454434.2314	NC_054852.1	1069201	15938	0	206	1000	1
DRR454434.3112	NC_054852.1	1069201	9363	0	207	1000	1
DRR454434.1818	NC_054852.1	1069201	8224	0	181	1000	1
DRR454434.4389	NC_054852.1	1069201	11646	729	191	1000	1
DRR454434.3492	NC_054852.1	1069201	12901	0	269	1000	1
DRR454434.2154	NC_054852.1	1069201	12450	0	266	1000	1
DRR454434.1403	NC_054852.1	1069201	1569	1521	133	1000	1
DRR454434.427	NC_054852.1	1069201	14265	0	222	1000	1
DRR454434.2207	NC_054852.1	1069201	11060	0	207	1000	1
DRR454434.2989	NC_054852.1	1069201	8530	0	158	1000	1
DRR454434.2229	NC_054852.1	1069201	6190	961	239	1000	1
DRR454434.2697	NC_054852.1	1069201	18090	144	274	1000	1
DRR454434.2982	NC_054852.1	1069201	11918	0	209	1000	1
DRR454434.2698	NC_054852.1	1069201	3740	121	174	1000	1
DRR454434.1795	NC_054852.1	1069201	14066	0	231	1000	1
DRR454434.2393	NC_054852.1	1069201	7840	0	181	1000	1
DRR454434.4294	NC_054852.1	1069201	6795	1936	187	1000	1
DRR454434.3636	NC_054852.1	1069201	3927	64	256	1000	1
DRR454434.259	NC_054852.1	1069201	6461	625	203	1000	1
DRR454434.4634	NC_054852.1	1069201	6830	1225	159	1000	1
DRR454434.1187	NC_054852.1	1069201	17194	1225	276	1000	1
DRR454434.2827	NC_054852.1	1069201	6293	0	166	1000	1
DRR454434.3350	NC_054852.1	1069201	15706	576	164	1000	1
DRR454434.2861	NC_054852.1	1069201	11662	0	268	1000	1
DRR454434.3134	NC_054852.1	1069201	5942	225	190	1000	1
DRR454434.523	NC_054852.1	1069201	8294	0	193	1000	1
DRR454434.26	NC_054852.1	1069201	6491	2209	205	1000	1
DRR454434.49	NC_054852.1	1069201	9685	0	163	1000	1
DRR454434.2633	NC_054852.1	1069201	12842	961	170	1000	1
DRR454434.567	NC_054852.1	1069201	12381	0	194	1000	1
DRR454434.520	NC_054852.1	1069201	2706	1024	135	1000	1
DRR454434.2196	NC_054852.1	1069201	9857	256	180	1000	1
DRR454434.4832	NC_054852.1	1069201	3007	1156	184	1000	1
DRR454434.2357	NC_054852.1	1069201	9890	121	201	1000	1
DRR454434.4551	NC_054852.1	1069201	14486	0	225	1000	1
DRR454434.2747	NC_054852.1	1069201	4496	1225	114	1000	1
DRR454434.3194	NC_054852.1	1069201	19514	0	249	1000	1
DRR454434.4603	NC_054852.1	1069201	15142	0	215	1000	1
DRR454434.2552	NC_054852.1	1069201	8404	225	241	1000	1
DRR454434.4691	NC_054852.1	1069201	6970	1936	136	1000	1
DRR454434.3349	NC_054852.1	1069201	11309	0	255	1000	1
DRR454434.3040	NC_054852.1	1069201	7987	0	215	1000	1
DRR454434.759	NC_054852.1	1069201	3592	400	110	1000	1
DRR454434.2172	NC_054852.1	1069201	4186	900	149	1000	1
DRR454434.2465	NC_054852.1	1069201	12114	0	230	1000	1
DRR454434.1576	NC_054852.1	1069201	5476	1764	89	1000	1
DRR454434.196	NC_054852.1	1069201	6989	1936	123	1000	1
DRR454434.4885	NC_054852.1	1069201	12438	0	252	1000	1
DRR454434.1564	NC_054852.1	1069201	9150	0	220	1000	1
DRR454434.1	NC_054852.1	1069201	9590	529	220	1000	1
DRR454434.1779	NC_054852.1	1069201	15765	0	226	1000	1
DRR454434.2172	NC_054852.1	1069201	4186	784	149	1000	1
DRR454434.4618	NC_054852.1	1069201	7301	0	149	1000	1
DRR454434.1468	NC_054852.1	1069201	6178	196	217	1000	1
DRR454434.541	NC_054852.1	1069201	14365	0	199	1000	1
DRR454434.2983	NC_054852.1	1069201	12665	405	167	1000	1
DRR454434.3185	NC_054852.1	1069201	4787	0	189	1000	1
DRR454434.2837	NC_054852.1	1069201	20905	0	229	1000	1
DRR454434.1821	NC_054852.1	1069201	7444	0	208	1000	1
DRR454434.3833	NC_054852.1	1069201	14265	100	251	1000	1
DRR454434.1805	NC_054852.1	1069201	12818	0	216	1000	1
DRR454434.283	NC_054852.1	1069201	14293	0	199	1000	1
DRR454434.1918	NC_054852.1	1069201	8689	0	241	1000	1
DRR454434.4559	NC_054852.1	1069201	13717	64	218	1000	1
DRR454434.4614	NC_054852.1	1069201	3970	0	199	1000	1
DRR454434.3779	NC_054852.1	1069201	8684	0	183	1000	1
DRR454434.3674	NC_054852.1	1069201	12360	0	221	1000	1
DRR454434.2673	NC_054852.1	1069201	14856	0	241	1000	1
DRR454434.2317	NC_054852.1	1069201	6524	1348	229	1000	1
DRR454434.1904	NC_054852.1	1069201	13334	0	225	1000	1
DRR454434.4936	NC_054852.1	1069201	15417	0	246	1000	1
DRR454434.4589	NC_054852.1	1069201	5333	1681	195	1000	1
DRR454434.85	NC_054852.1	1069201	10285	0	173	1000	1
DRR454434.706	NC_054852.1	1069201	10937	0	231	1000	1
DRR454434.2212	NC_054852.1	1069201	8235	169	172	1000	1
DRR454434.185	NC_054852.1	1069201	18594	0	222	1000	1
DRR454434.3079	NC_054852.1	1069201	17644	0	247	1000	1
DRR454434.3416	NC_054852.1	1069201	16950	361	217	1000	1
DRR454434.1310	NC_054852.1	1069201	13850	0	196	1000	1
DRR454434.3068	NC_054852.1	1069201	4052	2216	201	1000	1
DRR454434.4650	NC_054852.1	1069201	18094	0	276	1000	1
DRR454434.489	NC_054852.1	1069201	4699	1936	160	1000	1
DRR454434.2505	NC_054852.1	1069201	7619	0	174	1000	1
DRR454434.3442	NC_054852.1	1069201	4794	625	186	1000	1
DRR454434.3631	NC_054852.1	1069201	9741	0	272	1000	1
DRR454434.992	NC_054852.1	1069201	12421	1024	151	1000	1
DRR454434.3739	NC_054852.1	1069201	15706	961	164	1000	1
DRR454434.761	NC_054852.1	1069201	8482	0	203	1000	1
DRR454434.923	NC_054852.1	1069201	4733	1936	125	1000	1
DRR454434.4130	NC_054852.1	1069201	18194	0	257	1000	1
DRR454434.2312	NC_054852.1	1069201	4898	0	145	1000	1
DRR454434.3722	NC_054852.1	1069201	8974	144	208	1000	1
DRR454434.4254	NC_054852.1	1069201	10442	169	247	1000	1
DRR454434.1958	NC_054852.1	1069201	6165	0	178	1000	1
DRR454434.1590	NC_054852.1	1069201	8423	0	219	1000	1
DRR454434.4762	NC_054852.1	1069201	7045	0	139	1000	1
DRR454434.1893	NC_054852.1	1069201	10995	346	266	1000	1
DRR454434.1525	NC_054852.1	1069201	12966	0	240	1000	1
DRR454434.2764	NC_054852.1	1069201	14213	0	181	1000	1
DRR454434.487	NC_054852.1	1069201	3540	1936	172	1000	1
DRR454434.2299	NC_054852.1	1069201	11249	0	206	1000	1
DRR454434.2973	NC_054852.1	1069201	10584	0	201	1000	1
DRR454434.1173	NC_054852.1	1069201	12159	0	253	1000	1
DRR454434.4866	NC_054852.1	1069201	7625	0	190	1000	1
DRR454434.1903	NC_054852.1	1069201	7887	484	236	1000	1
DRR454434.1443	NC_054852.1	1069201	6893	0	197	1000	1
DRR454434.2571	NC_054852.1	1069201	18549	0	246	1000	1
DRR454434.2871	NC_054852.1	1069201	6539	81	154	1000	1
DRR454434.928	NC_054852.1	1069201	9685	0	163	1000	1
DRR454434.1629	NC_054852.1	1069201	13326	1225	248	1000	1
DRR454434.3022	NC_054852.1	1069201	12339	0	251	1000	1
DRR454434.4274	NC_054852.1	1069201	15985	0	232	1000	1
DRR454434.573	NC_054852.1	1069201	5776	0	91	1000	1
DRR454434.696	NC_054852.1	1069201	10386	0	219	1000	1
DRR454434.4954	NC_054852.1	1069201	10105	0	208	1000	1
DRR454434.3629	NC_054852.1	1069201	13906	0	184	1000	1
DRR454434.3541	NC_054852.1	1069201	12438	0	225	1000	1
DRR454434.4895	NC_054852.1	1069201	6701	0	168	1000	1
DRR454434.1585	NC_054852.1	1069201	16001	2500	253	1000	1
DRR454434.3748	NC_054852.1	1069201	16221	400	204	1000	1
DRR454434.660	NC_054852.1	1069201	7848	484	259	1000	1
DRR454434.424	NC_054852.1	1069201	11737	0	214	1000	1
DRR454434.4754	NC_054852.1	1069201	5699	1521	201	1000	1
DRR454434.4779	NC_054852.1	1069201	4430	64	159	1000	1
DRR454434.848	NC_054852.1	1069201	17323	0	254	1000	1
DRR454434.3471	NC_054852.1	1069201	11220	0	244	1000	1
DRR454434.1741	NC_054852.1	1069201	12806	0	223	1000	1
DRR454434.1092	NC_054852.1	1069201	10416	0	217	1000	1
DRR454434.4946	NC_054852.1	1069201	9699	1936	166	1000	1
DRR454434.659	NC_054852.1	1069201	9927	0	254	1000	1
DRR454434.2695	NC_054852.1	1069201	14026	0	262	1000	1
DRR454434.1604	NC_054852.1	1069201	22453	0	239	1000	1
DRR454434.2508	NC_054852.1	1069201	2665	0	101	1000	1
DRR454434.4544	NC_054852.1	1069201	11004	346	245	1000	1
DRR454434.2571	NC_054852.1	1069201	18549	0	246	1000	1
DRR454434.4187	NC_054852.1	1069201	13050	0	252	1000	1
DRR454434.974	NC_054852.1	1069201	12510	0	262	1000	1
DRR454434.4760	NC_054852.1	1069201	20514	0	253	1000	1
DRR454434.3726	NC_054852.1	1069201	5764	0	210	1000	1
DRR454434.4168	NC_054852.1	1069201	7258	0	208	1000	1
DRR454434.3342	NC_054852.1	1069201	19361	0	260	1000	1
DRR454434.1482	NC_054852.1	1069201	14318	961	209	1000	1
DRR454434.2255	NC_054852.1	1069201	7686	0	177	1000	1
DRR454434.384	NC_054852.1	1069201	5525	1296	125	1000	1
DRR454434.922	NC_054852.1	1069201	9772	0	240	1000	1
DRR454434.1513	NC_054852.1	1069201	12170	841	156	1000	1
DRR454434.3195	NC_054852.1	1069201	5370	1156	149	1000	1
DRR454434.4557	NC_054852.1	1069201	13945	0	197	1000	1
DRR454434.4906	NC_054852.1	1069201	5042	1089	192	1000	1
DRR454434.909	NC_054852.1	1069201	15267	1681	273	1000	1
DRR454434.4437	NC_054852.1	1069201	14326	0	227	1000	1
DRR454434.3000	NC_054852.1	1069201	11194	0	215	1000	1
DRR454434.4078	NC_054852.1	1069201	14409	0	230	1000	1
DRR454434.1229	NC_054852.1	1069201	8838	324	187	1000	1
DRR454434.3907	NC_054852.1	1069201	11906	400	216	1000	1
DRR454434.1276	NC_054852.1	1069201	13569	0	216	1000	1
DRR454434.2535	NC_054852.1	1069201	19139	0	250	1000	1
DRR454434.2683	NC_054852.1	1069201	9421	729	220	1000	1
DRR454434.4035	NC_054852.1	1069201	13694	0	223	1000	1
DRR454434.130	NC_054852.1	1069201	11990	0	211	1000	1
DRR454434.1100	NC_054852.1	1069201	2895	676	186	1000	1
DRR454434.1264	NC_054852.1	1069201	3194	1936	141	1000	1
DRR454434.2553	NC_054852.1	1069201	7773	0	207	1000	1
DRR454434.3088	NC_054852.1	1069201	11994	0	215	1000	1
DRR454434.4016	NC_054852.1	1069201	6084	1936	93	1000	1
DRR454434.2043	NC_054852.1	1069201	15255	0	273	1000	1
DRR454434.15	NC_054852.1	1069201	11426	0	166	1000	1
DRR454434.1275	NC_054852.1	1069201	8607	529	213	1000	1
DRR454434.3681	NC_054852.1	1069201	12413	100	249	1000	1
DRR454434.2925	NC_054852.1	1069201	11451	0	294	1000	1
DRR454434.1312	NC_054852.1	1069201	4010	1936	149	1000	1
DRR454434.2584	NC_054690.1	5007	1936	925	59	1000	1
DRR454434.1340	NC_054852.1	1069201	12178	2209	164	1000	1
DRR454434.4664	NC_054852.1	1069201	6264	0	181	1000	1
DRR454434.163	NC_054852.1	1069201	4010	2116	203	1000	1
DRR454434.4035	NC_054852.1	1069201	13694	0	223	1000	1
DRR454434.1735	NC_054852.1	1069201	8750	0	171	1000	1
DRR454434.851	NC_054852.1	1069201	7459	1936	166	1000	1
DRR454434.357	NC_054852.1	1069201	15589	0	238	1000	1
DRR454434.4663	NC_054852.1	1069201	5260	1089	188	1000	1
DRR454434.1523	NC_054852.1	1069201	13885	0	191	1000	1
DRR454434.3508	NC_054852.1	1069201	10348	0	215	1000	1
DRR454434.3628	NC_054852.1	1069201	12074	0	223	1000	1
DRR454434.113	NC_054852.1	1069201	7570	64	276	1000	1
DRR454434.2675	NC_054852.1	1069201	7250	0	270	1000	1
DRR454434.2832	NC_054852.1	1069201	11334	0	223	1000	1
DRR454434.1093	NC_054852.1	1069201	18981	0	246	1000	1
DRR454434.682	NC_054852.1	1069201	10899	0	210	1000	1
DRR454434.1593	NC_054852.1	1069201	10406	1600	195	1000	1
DRR454434.3207	NC_054852.1	1069201	7158	0	190	1000	1
DRR454434.3778	NC_054852.1	1069201	9010	1936	148	1000	1
DRR454434.2104	NC_054852.1	1069201	13106	0	244	1000	1
DRR454434.2376	NC_054852.1	1069201	22029	0	280	1000	1
DRR454434.3706	NC_054852.1	1069201	17457	1156	230	1000	1
DRR454434.2954	NC_054852.1	1069201	6733	324	166	1000	1
DRR454434.3669	NC_054852.1	1069201	4962	324	178	1000	1
DRR454434.1952	NC_054852.1	1069201	3995	289	200	1000	1
DRR454434.3670	NC_054852.1	1069201	12396	0	254	1000	1
DRR454434.2305	NC_054852.1	1069201	5342	1089	204	1000	1
DRR454434.3652	NC_054852.1	1069201	16942	0	253	1000	1
DRR454434.2393	NC_054852.1	1069201	7840	0	181	1000	1
DRR454434.3853	NC_054852.1	1069201	9981	0	171	1000	1
DRR454434.3798	NC_054852.1	1069201	13299	0	275	1000	1
DRR454434.4894	NC_054852.1	1069201	18753	441	254	1000	1
DRR454434.3228	NC_054852.1	1069201	11641	0	251	1000	1
DRR454434.2920	NC_054852.1	1069201	11543	0	249	1000	1
DRR454434.3579	NC_054852.1	1069201	6632	1936	196	1000	1
DRR454434.1787	NC_054852.1	1069201	5697	361	222	1000	1
DRR454434.4199	NC_054852.1	1069201	14075	1936	198	1000	1
DRR454434.1504	NC_054852.1	1069201	12547	593	238	1000	1
DRR454434.2359	NC_054852.1	1069201	7850	0	181	1000	1
DRR454434.4873	NC_054852.1	1069201	9937	64	188	1000	1
DRR454434.1366	NC_054852.1	1069201	4730	1936	159	1000	1
DRR454434.3562	NC_054852.1	1069201	11698	0	215	1000	1
DRR454434.1833	NC_054852.1	1069201	4411	290	196	1000	1
DRR454434.2388	NC_054852.1	1069201	10725	0	235	1000	1
DRR454434.1567	NC_054852.1	1069201	10526	361	215	1000	1
DRR454434.4481	NC_054852.1	1069201	16000	0	206	1000	1
DRR454434.2939	NC_054852.1	1069201	7400	2500	150	1000	1
DRR454434.4363	NC_054852.1	1069201	8825	0	223	1000	1
DRR454434.164	NC_054852.1	1069201	12353	169	233	1000	1
DRR454434.1250	NC_054852.1	1069201	5685	0	199	1000	1
DRR454434.25	NC_054852.1	1069201	8725	1849	151	1000	1
DRR454434.2688	NC_054852.1	1069201	12478	169	236	1000	1
DRR454434.2542	NC_054852.1	1069201	7323	225	240	1000	1
DRR454434.1974	NC_054852.1	1069201	4746	0	145	1000	1
DRR454434.188	NC_054852.1	1069201	16660	0	212	1000	1
DRR454434.4186	NC_054852.1	1069201	12253	529	175	1000	1
DRR454434.2479	NC_054852.1	1069201	17511	0	271	1000	1
DRR454434.2499	NC_054852.1	1069201	7769	324	207	1000	1
DRR454434.2119	NC_054852.1	1069201	2834	1936	156	1000	1
DRR454434.804	NC_054852.1	1069201	5997	1936	170	1000	1
DRR454434.149	NC_054852.1	1069201	5367	196	193	1000	1
DRR454434.2087	NC_054852.1	1069201	5525	100	179	1000	1
DRR454434.3561	NC_054852.1	1069201	15323	0	240	1000	1
DRR454434.4329	NC_054852.1	1069201	17409	0	246	1000	1
DRR454434.2951	NC_054852.1	1069201	4659	898	214	1000	1
DRR454434.4855	NC_054852.1	1069201	7645	0	205	1000	1
DRR454434.988	NC_054852.1	1069201	7076	0	144	1000	1
DRR454434.2717	NC_054852.1	1069201	10929	0	204	1000	1
DRR454434.2652	NC_054852.1	1069201	4178	64	201	1000	1
DRR454434.3264	NC_054852.1	1069201	9732	196	195	1000	1
DRR454434.2575	NC_054852.1	1069201	18122	0	253	1000	1
DRR454434.2287	NC_054852.1	1069201	9407	0	233	1000	1
DRR454434.1788	NC_054852.1	1069201	2520	2025	173	1000	1
DRR454434.3265	NC_054852.1	1069201	6494	1936	163	1000	1
DRR454434.1445	NC_054852.1	1069201	19450	0	226	1000	1
DRR454434.2906	NC_054852.1	1069201	3379	729	142	1000	1
DRR454434.4617	NC_054852.1	1069201	13906	0	196	1000	1
DRR454434.4864	NC_054852.1	1069201	12158	0	209	1000	1
DRR454434.3299	NC_054852.1	1069201	8681	0	217	1000	1
DRR454434.3026	NC_054852.1	1069201	6786	121	239	1000	1
DRR454434.994	NC_054852.1	1069201	7399	1521	248	1000	1
DRR454434.2665	NC_054852.1	1069201	5605	1936	216	1000	1
DRR454434.4483	NC_054852.1	1069201	5417	0	158	1000	1
DRR454434.4934	NC_054852.1	1069201	11345	64	202	1000	1
DRR454434.3365	NC_054852.1	1069201	6768	922	233	1000	1
DRR454434.2311	NC_054852.1	1069201	3751	0	204	1000	1
DRR454434.1224	NC_054852.1	1069201	4840	484	118	1000	1
DRR454434.4747	NC_054852.1	1069201	10851	1936	232	1000	1
DRR454434.4992	NC_054852.1	1069201	11198	841	246	1000	1
DRR454434.623	NC_054852.1	1069201	6203	361	176	1000	1
DRR454434.1383	NC_054852.1	1069201	4942	0	184	1000	1
DRR454434.3912	NC_054852.1	1069201	11315	1936	174	1000	1
DRR454434.650	NC_054852.1	1069201	3291	1936	190	1000	1
DRR454434.3063	NC_054852.1	1069201	12554	1936	177	1000	1
DRR454434.2768	NC_054852.1	1069201	11331	0	245	1000	1
DRR454434.12	NC_054852.1	1069201	10209	0	229	1000	1
DRR454434.2891	NC_054852.1	1069201	7091	121	205	1000	1
DRR454434.1659	NC_054852.1	1069201	8996	256	218	1000	1
DRR454434.2840	NC_054852.1	1069201	14867	0	232	1000	1
DRR454434.1364	NC_054852.1	1069201	5112	841	229	1000	1
DRR454434.1359	NC_054852.1	1069201	14398	0	239	1000	1
DRR454434.3600	NC_054852.1	1069201	11252	0	250	1000	1
DRR454434.2862	NC_054852.1	1069201	17609	0	246	1000	1
DRR454434.3333	NC_054852.1	1069201	11211	0	206	1000	1
DRR454434.3247	NC_054852.1	1069201	21433	0	235	1000	1
DRR454434.4077	NC_054852.1	1069201	11066	0	246	1000	1
DRR454434.730	NC_054852.1	1069201	15925	324	238	1000	1
DRR454434.2315	NC_054852.1	1069201	5993	961	115	1000	1
DRR454434.911	NC_054852.1	1069201	12077	0	267	1000	1
DRR454434.608	NC_054852.1	1069201	14885	0	201	1000	1
DRR454434.354	NC_054852.1	1069201	10826	1936	156	1000	1
DRR454434.226	NC_054852.1	1069201	4958	2025	250	1000	1
DRR454434.694	NC_054852.1	1069201	8881	0	229	1000	1
DRR454434.2016	NC_054852.1	1069201	3108	0	150	1000	1
DRR454434.4031	NC_054852.1	1069201	7920	0	208	1000	1
DRR454434.2804	NC_054852.1	1069201	11669	0	208	1000	1
DRR454434.2055	NC_054852.1	1069201	15129	1936	177	1000	1
DRR454434.349	NC_054852.1	1069201	9384	0	224	1000	1
DRR454434.4374	NC_054852.1	1069201	3354	1936	187	1000	1
DRR454434.1616	NC_054852.1	1069201	18445	0	262	1000	1
DRR454434.1129	NC_054852.1	1069201	3478	441	237	1000	1
DRR454434.1143	NC_054852.1	1069201	6221	1936	160	1000	1
DRR454434.1174	NC_054852.1	1069201	9929	1521	186	1000	1
DRR454434.3272	NC_054852.1	1069201	9111	0	233	1000	1
DRR454434.636	NC_054852.1	1069201	9800	0	142	1000	1
DRR454434.2603	NC_054852.1	1069201	19640	0	249	1000	1
DRR454434.3177	NC_054852.1	1069201	5154	0	169	1000	1
DRR454434.478	NC_054852.1	1069201	7595	361	186	1000	1
DRR454434.2947	NC_054852.1	1069201	11649	0	249	1000	1
DRR454434.2343	NC_054852.1	1069201	20214	0	261	1000	1
DRR454434.1866	NC_054852.1	1069201	9242	1936	152	1000	1
DRR454434.2577	NC_054852.1	1069201	9028	64	253	1000	1
DRR454434.4888	NC_054852.1	1069201	8194	0	142	1000	1
DRR454434.4214	NC_054852.1	1069201	15755	0	248	1000	1
DRR454434.953	NC_054852.1	1069201	17681	0	254	1000	1
DRR454434.2810	NC_054852.1	1069201	17041	0	244	1000	1
DRR454434.1206	NC_054852.1	1069201	11986	484	166	1000	1
DRR454434.1811	NC_054852.1	1069201	13229	0	230	1000	1
DRR454434.4980	NC_054852.1	1069201	4923	225	150	1000	1
DRR454434.4931	NC_054852.1	1069201	4122	576	166	1000	1
DRR454434.2322	NC_054852.1	1069201	15488	0	206	1000	1
DRR454434.3209	NC_054852.1	1069201	6067	784	222	1000	1
DRR454434.4586	NC_054852.1	1069201	10368	1024	205	1000	1
DRR454434.2872	NC_054852.1	1069201	10322	0	252	1000	1
DRR454434.4960	NC_054852.1	1069201	10787	0	212	1000	1
DRR454434.1291	NC_054852.1	1069201	9265	0	208	1000	1
DRR454434.4268	NC_054852.1	1069201	17348	0	235	1000	1
DRR454434.4995	NC_054852.1	1069201	4407	1225	187	1000	1
DRR454434.3680	NC_054852.1	1069201	11499	0	206	1000	1
DRR454434.1294	NC_054852.1	1069201	10334	0	216	1000	1
DRR454434.4700	NC_054852.1	1069201	11529	0	245	1000	1
DRR454434.2942	NC_054852.1	1069201	7709	0	188	1000	1
DRR454434.608	NC_054852.1	1069201	14738	0	200	1000	1
DRR454434.1149	NC_054852.1	1069201	19332	0	247	1000	1
DRR454434.4530	NC_054852.1	1069201	7818	144	198	1000	1
DRR454434.2172	NC_054852.1	1069201	4186	784	149	1000	1
DRR454434.1664	NC_054852.1	1069201	10970	0	209	1000	1
DRR454434.232	NC_054852.1	1069201	14808	0	229	1000	1
DRR454434.4101	NC_054852.1	1069201	11342	0	252	1000	1
DRR454434.73	NC_054852.1	1069201	3667	1225	142	1000	1
DRR454434.2022	NC_054852.1	1069201	11523	0	204	1000	1
DRR454434.3211	NC_054852.1	1069201	16520	0	237	1000	1
DRR454434.4924	NC_054852.1	1069201	19865	0	256	1000	1
DRR454434.566	NC_054852.1	1069201	14185	0	187	1000	1
DRR454434.1522	NC_054852.1	1069201	13834	0	188	1000	1
DRR454434.820	NC_054852.1	1069201	13590	0	232	1000	1
DRR454434.1860	NC_054852.1	1069201	15694	169	274	1000	1
DRR454434.1156	NC_054852.1	1069201	9173	0	225	1000	1
DRR454434.195	NC_054852.1	1069201	9945	0	233	1000	1
DRR454434.2886	NC_012860.1	573826	6713	0	135	1000	1
DRR454434.3093	NC_054852.1	1069201	9792	1936	150	1000	1
DRR454434.2898	NC_054852.1	1069201	9282	324	197	1000	1
DRR454434.69	NC_054852.1	1069201	11589	0	202	1000	1
DRR454434.1757	NC_054852.1	1069201	4194	1521	180	1000	1
DRR454434.372	NC_054852.1	1069201	12094	0	209	1000	1
DRR454434.2404	NC_054852.1	1069201	6138	2025	180	1000	1
DRR454434.327	NC_054852.1	1069201	8200	1936	130	1000	1
DRR454434.961	NC_054852.1	1069201	19691	0	254	1000	1
DRR454434.2513	NC_054852.1	1069201	7810	0	231	1000	1
DRR454434.2621	NC_054852.1	1069201	3529	1296	113	1000	1
DRR454434.1118	NC_054852.1	1069201	4553	1521	146	1000	1
DRR454434.1721	NC_054852.1	1069201	13618	729	242	1000	1
DRR454434.2185	NC_054852.1	1069201	6664	0	142	1000	1
DRR454434.2927	NC_012860.1	573826	500	0	60	1000	1
DRR454434.4126	NC_054852.1	1069201	11337	324	198	1000	1
DRR454434.2975	NC_054852.1	1069201	13653	0	195	1000	1
DRR454434.4474	NC_054852.1	1069201	5884	0	229	1000	1
DRR454434.4577	NC_054852.1	1069201	6470	0	183	1000	1
DRR454434.1803	NC_054852.1	1069201	11257	0	239	1000	1
DRR454434.26	NC_054852.1	1069201	6491	2209	205	1000	1
DRR454434.4757	NC_054852.1	1069201	3244	961	170	1000	1
DRR454434.2433	NC_054852.1	1069201	9119	100	207	1000	1
DRR454434.4895	NC_054852.1	1069201	6701	0	168	1000	1
DRR454434.562	NC_054852.1	1069201	6434	484	200	1000	1
DRR454434.4629	NC_054852.1	1069201	7436	196	175	1000	1
DRR454434.2694	NC_054852.1	1069201	4763	289	223	1000	1
DRR454434.740	NC_054852.1	1069201	11062	81	236	1000	1
DRR454434.2508	NC_054852.1	1069201	2665	0	101	1000	1
DRR454434.3306	NC_054852.1	1069201	17849	0	256	1000	1
DRR454434.372	NC_054852.1	1069201	12326	0	211	1000	1
DRR454434.3414	NC_054852.1	1069201	6655	901	267	1000	1
DRR454434.1267	NC_054852.1	1069201	6202	0	194	1000	1
DRR454434.69	NC_054852.1	1069201	11589	0	202	1000	1
DRR454434.1511	NC_054852.1	1069201	16084	0	208	1000	1
DRR454434.1564	NC_054852.1	1069201	9150	0	220	1000	1
DRR454434.717	NC_054852.1	1069201	9529	0	194	1000	1
DRR454434.1540	NC_054852.1	1069201	8862	0	251	1000	1
DRR454434.76	NC_054852.1	1069201	9275	169	215	1000	1
DRR454434.3317	NC_054852.1	1069201	4490	1369	139	1000	1
DRR454434.3591	NC_054852.1	1069201	8037	729	213	1000	1
DRR454434.2932	NC_054852.1	1069201	11289	0	245	1000	1
DRR454434.361	NC_054852.1	1069201	13737	0	232	1000	1
DRR454434.862	NC_054852.1	1069201	15849	0	226	1000	1
DRR454434.3874	NC_054852.1	1069201	3033	100	149	1000	1
DRR454434.4837	NC_054852.1	1069201	7739	1936	166	1000	1
DRR454434.4484	NC_054852.1	1069201	10310	0	183	1000	1
DRR454434.4683	NC_054852.1	1069201	2130	628	171	1000	1
DRR454434.1548	NC_054852.1	1069201	15881	0	228	1000	1
DRR454434.2504	NC_054852.1	1069201	5181	1369	191	1000	1
DRR454434.2728	NC_054852.1	1069201	18323	0	258	1000	1
DRR454434.4294	NC_054852.1	1069201	6795	1936	187	1000	1
DRR454434.510	NC_054852.1	1069201	10189	0	212	1000	1
DRR454434.594	NC_054852.1	1069201	10614	0	234	1000	1
DRR454434.2404	NC_054852.1	1069201	9738	0	255	1000	1
DRR454434.3265	NC_054852.1	1069201	6494	1936	163	1000	1
DRR454434.3737	NC_054852.1	1069201	8503	441	199	1000	1
DRR454434.2039	NC_054852.1	1069201	16850	0	231	1000	1
DRR454434.3686	NC_054852.1	1069201	12074	0	225	1000	1
DRR454434.514	NC_054852.1	1069201	16068	1024	274	1000	1
DRR454434.2143	NC_054852.1	1069201	9330	0	235	1000	1
DRR454434.3595	NC_054852.1	1069201	11670	1936	193	1000	1
DRR454434.4502	NC_054852.1	1069201	14721	0	234	1000	1
DRR454434.761	NC_054852.1	1069201	8577	0	204	1000	1
DRR454434.1945	NC_054852.1	1069201	14228	0	211	1000	1
DRR454434.1555	NC_054852.1	1069201	14882	676	244	1000	1
DRR454434.4567	NC_054852.1	1069201	9954	0	211	1000	1
DRR454434.1432	NC_054852.1	1069201	6570	1936	229	1000	1
DRR454434.3697	NC_054852.1	1069201	13372	841	258	1000	1
DRR454434.2091	NC_054852.1	1069201	8646	0	218	1000	1
DRR454434.4199	NC_054852.1	1069201	14075	1936	198	1000	1
DRR454434.3121	NC_054852.1	1069201	13849	0	224	1000	1
DRR454434.4539	NC_054852.1	1069201	11786	0	207	1000	1
DRR454434.2430	NC_054852.1	1069201	12163	0	220	1000	1
DRR454434.1075	NC_054852.1	1069201	8564	1936	132	1000	1
DRR454434.4595	NC_054852.1	1069201	6926	0	169	1000	1
DRR454434.1139	NC_054852.1	1069201	8151	196	207	1000	1
DRR454434.3587	NC_054852.1	1069201	12410	144	168	1000	1
DRR454434.4305	NC_054852.1	1069201	18385	0	221	1000	1
DRR454434.2844	NC_054852.1	1069201	6953	0	121	1000	1
DRR454434.2769	NC_054852.1	1069201	9781	324	184	1000	1
DRR454434.4502	NC_054852.1	1069201	14721	0	234	1000	1
DRR454434.1606	NC_054852.1	1069201	4679	0	216	1000	1
DRR454434.981	NC_054852.1	1069201	18619	0	256	1000	1
DRR454434.564	NC_054852.1	1069201	12597	2401	208	1000	1
DRR454434.4872	NC_054852.1	1069201	17606	0	237	1000	1
DRR454434.901	NC_054852.1	1069201	8553	0	194	1000	1
DRR454434.1348	NC_054852.1	1069201	4289	0	156	1000	1
DRR454434.3513	NC_054852.1	1069201	11465	0	208	1000	1
DRR454434.3100	NC_054852.1	1069201	8217	0	213	1000	1
DRR454434.3370	NC_054852.1	1069201	13739	0	234	1000	1
DRR454434.2828	NC_054852.1	1069201	20458	0	263	1000	1
DRR454434.3224	NC_054852.1	1069201	8442	0	230	1000	1
DRR454434.1955	NC_054852.1	1069201	18486	0	257	1000	1
DRR454434.904	NC_054852.1	1069201	12193	0	185	1000	1
DRR454434.3165	NC_054852.1	1069201	7998	1210	194	1000	1
DRR454434.1741	NC_054852.1	1069201	12806	0	223	1000	1
DRR454434.364	NC_054852.1	1069201	9259	0	190	1000	1
DRR454434.3672	NC_054852.1	1069201	4571	1936	150	1000	1
DRR454434.1024	NC_054852.1	1069201	6654	1345	247	1000	1
DRR454434.3722	NC_054852.1	1069201	8974	144	208	1000	1
DRR454434.4555	NC_054852.1	1069201	11957	2116	212	1000	1
DRR454434.989	NC_054852.1	1069201	19361	0	254	1000	1
DRR454434.1363	NC_054852.1	1069201	11881	1936	124	1000	1
DRR454434.2451	NC_054852.1	1069201	9019	1450	178	1000	1
DRR454434.3205	NC_054852.1	1069201	7330	0	202	1000	1
DRR454434.2979	NC_054852.1	1069201	21786	0	279	1000	1
DRR454434.4134	NC_054852.1	1069201	7404	2304	253	1000	1
DRR454434.1775	NC_054852.1	1069201	7875	0	217	1000	1
DRR454434.1952	NC_054852.1	1069201	3995	289	200	1000	1
DRR454434.4827	NC_054852.1	1069201	16401	0	238	1000	1
DRR454434.4142	NC_054852.1	1069201	9156	0	240	1000	1
DRR454434.3576	NC_054852.1	1069201	20310	361	294	1000	1
DRR454434.2680	NC_054852.1	1069201	6009	841	178	1000	1
DRR454434.927	NC_054852.1	1069201	7929	1936	152	1000	1
DRR454434.4296	NC_054852.1	1069201	2881	0	188	1000	1
DRR454434.4671	NC_054852.1	1069201	12367	100	235	1000	1
DRR454434.1050	NC_054852.1	1069201	21074	0	275	1000	1
DRR454434.2579	NC_054852.1	1069201	7251	0	166	1000	1
DRR454434.3662	NC_054852.1	1069201	9193	1936	149	1000	1
DRR454434.4722	NC_054852.1	1069201	15145	0	244	1000	1
DRR454434.1987	NC_054852.1	1069201	3029	0	103	1000	1
DRR454434.890	NC_054852.1	1069201	23390	0	271	1000	1
DRR454434.514	NC_054852.1	1069201	16068	1024	274	1000	1
DRR454434.2843	NC_054852.1	1069201	12787	0	226	1000	1
DRR454434.510	NC_054852.1	1069201	9005	0	204	1000	1
DRR454434.1430	NC_054852.1	1069201	13456	1521	131	1000	1
DRR454434.2336	NC_054852.1	1069201	9028	400	268	1000	1
DRR454434.364	NC_054852.1	1069201	9259	0	190	1000	1
DRR454434.4333	NC_054852.1	1069201	11668	0	211	1000	1
DRR454434.2973	NC_054852.1	1069201	10584	0	201	1000	1
DRR454434.2720	NC_054852.1	1069201	9775	0	233	1000	1
DRR454434.4957	NC_054852.1	1069201	1985	1521	114	1000	1
DRR454434.3719	NC_054852.1	1069201	11172	0	256	1000	1
DRR454434.808	NC_054852.1	1069201	3666	2401	149	1000	1
DRR454434.4641	NC_054852.1	1069201	14066	256	227	1000	1
DRR454434.1235	NC_054852.1	1069201	4770	0	159	1000	1
DRR454434.1518	NC_054852.1	1069201	6112	1024	235	1000	1
DRR454434.1196	NC_054852.1	1069201	9398	576	223	1000	1
DRR454434.4721	NC_054852.1	1069201	12527	0	261	1000	1
DRR454434.2928	NC_054852.1	1069201	16801	0	211	1000	1
DRR454434.1447	NC_054852.1	1069201	7491	400	209	1000	1
DRR454434.3644	NC_054852.1	1069201	18654	0	274	1000	1
DRR454434.4942	NC_054852.1	1069201	9167	0	235	1000	1
DRR454434.2998	NC_054852.1	1069201	14651	0	240	1000	1
DRR454434.4098	NC_054852.1	1069201	9053	0	192	1000	1
DRR454434.478	NC_054852.1	1069201	7739	144	213	1000	1
DRR454434.3656	NC_054852.1	1069201	13068	0	231	1000	1
DRR454434.1572	NC_054852.1	1069201	19233	0	225	1000	1
DRR454434.3431	NC_054852.1	1069201	11115	1936	207	1000	1
DRR454434.1491	NC_054852.1	1069201	12923	0	234	1000	1
DRR454434.2869	NC_054852.1	1069201	17006	0	255	1000	1
DRR454434.2202	NC_054852.1	1069201	18866	0	216	1000	1
DRR454434.2922	NC_054852.1	1069201	5850	729	225	1000	1
DRR454434.4704	NC_054852.1	1069201	16594	0	212	1000	1
DRR454434.2749	NC_054852.1	1069201	11378	0	180	1000	1
DRR454434.4652	NC_054852.1	1069201	9950	0	211	1000	1
DRR454434.4806	NC_054852.1	1069201	11634	0	232	1000	1
DRR454434.2468	NC_054852.1	1069201	12130	0	223	1000	1
DRR454434.1796	NC_054852.1	1069201	11774	0	260	1000	1
DRR454434.2337	NC_054852.1	1069201	11636	484	179	1000	1
DRR454434.4391	NC_054852.1	1069201	11906	441	217	1000	1
DRR454434.2857	NC_054852.1	1069201	17173	0	215	1000	1
DRR454434.4392	NC_054852.1	1069201	11086	900	238	1000	1
DRR454434.3772	NC_054852.1	1069201	13466	576	205	1000	1
DRR454434.2269	NC_054852.1	1069201	4641	1444	158	1000	1
DRR454434.4217	NC_054852.1	1069201	13126	0	215	1000	1
DRR454434.4051	NC_054852.1	1069201	13049	676	234	1000	1
DRR454434.2616	NC_054852.1	1069201	17523	64	249	1000	1
DRR454434.4356	NC_054852.1	1069201	10058	2304	228	1000	1
DRR454434.15	NC_054852.1	1069201	11426	324	166	1000	1
DRR454434.1774	NC_054852.1	1069201	8466	324	226	1000	1
DRR454434.337	NC_054852.1	1069201	7507	0	188	1000	1
DRR454434.401	NC_054852.1	1069201	11586	0	205	1000	1
DRR454434.1213	NC_054852.1	1069201	11421	0	270	1000	1
DRR454434.721	NC_054852.1	1069201	8861	0	188	1000	1
DRR454434.4851	NC_054852.1	1069201	7466	1936	169	1000	1
DRR454434.3680	NC_054852.1	1069201	11499	0	206	1000	1
DRR454434.434	NC_054852.1	1069201	4392	1220	176	1000	1
DRR454434.3412	NC_054852.1	1069201	18305	0	258	1000	1
DRR454434.224	NC_054852.1	1069201	6240	324	241	1000	1
DRR454434.857	NC_054852.1	1069201	8804	0	234	1000	1
DRR454434.2805	NC_054852.1	1069201	12989	1600	186	1000	1
DRR454434.1343	NC_054852.1	1069201	11920	0	178	1000	1
DRR454434.2602	NC_054852.1	1069201	12980	225	258	1000	1
DRR454434.3992	NC_054852.1	1069201	13514	0	221	1000	1
DRR454434.1406	NC_054852.1	1069201	4173	1936	136	1000	1
DRR454434.805	NC_054852.1	1069201	6786	196	157	1000	1
DRR454434.4497	NC_054852.1	1069201	4518	900	207	1000	1
DRR454434.4330	NC_054852.1	1069201	8932	1521	253	1000	1
DRR454434.3260	NC_054852.1	1069201	20113	0	229	1000	1
DRR454434.1462	NC_054852.1	1069201	1646	441	111	1000	1
DRR454434.421	NC_054852.1	1069201	6586	1936	194	1000	1
DRR454434.989	NC_054852.1	1069201	19361	0	254	1000	1
DRR454434.3043	NC_054852.1	1069201	10677	144	227	1000	1
DRR454434.1149	NC_054852.1	1069201	19109	0	246	1000	1
DRR454434.858	NC_054852.1	1069201	6646	1936	200	1000	1
DRR454434.3319	NC_054852.1	1069201	13419	0	218	1000	1
DRR454434.4146	NC_054852.1	1069201	14549	0	238	1000	1
DRR454434.3969	NC_054852.1	1069201	3915	441	171	1000	1
DRR454434.887	NC_054852.1	1069201	8302	740	227	1000	1
DRR454434.4297	NC_054852.1	1069201	5038	1681	194	1000	1
DRR454434.1284	NC_054852.1	1069201	10771	0	214	1000	1
DRR454434.3203	NC_054852.1	1069201	9936	441	237	1000	1
DRR454434.3205	NC_054852.1	1069201	7330	0	202	1000	1
DRR454434.1543	NC_054852.1	1069201	9150	0	207	1000	1
DRR454434.237	NC_054852.1	1069201	5114	1369	188	1000	1
DRR454434.4737	NC_054852.1	1069201	3849	1936	171	1000	1
DRR454434.2434	NC_054852.1	1069201	5169	0	168	1000	1
DRR454434.781	NC_054852.1	1069201	14121	0	220	1000	1
DRR454434.3004	NC_054852.1	1069201	19963	0	274	1000	1
DRR454434.2565	NC_054852.1	1069201	11381	1936	176	1000	1
DRR454434.2121	NC_054852.1	1069201	20369	0	260	1000	1
DRR454434.50	NC_054852.1	1069201	18963	0	262	1000	1
DRR454434.3095	NC_054852.1	1069201	4353	64	179	1000	1
DRR454434.3368	NC_054852.1	1069201	10370	0	228	1000	1
DRR454434.57	NC_054852.1	1069201	10396	0	250	1000	1
DRR454434.3011	NC_054852.1	1069201	9598	0	191	1000	1
DRR454434.4866	NC_054852.1	1069201	7625	0	190	1000	1
DRR454434.2714	NC_054852.1	1069201	4343	0	198	1000	1
DRR454434.2041	NC_054852.1	1069201	14299	0	226	1000	1
DRR454434.1246	NC_054852.1	1069201	8922	1521	214	1000	1
DRR454434.4249	NC_054852.1	1069201	13574	0	229	1000	1
DRR454434.3458	NC_054852.1	1069201	6338	324	210	1000	1
DRR454434.4325	NC_054852.1	1069201	9581	0	231	1000	1
DRR454434.4207	NC_054852.1	1069201	15353	0	240	1000	1
DRR454434.1349	NC_054852.1	1069201	10969	0	212	1000	1
DRR454434.4021	NC_054852.1	1069201	14594	1089	221	1000	1
DRR454434.601	NC_054852.1	1069201	2117	2025	143	1000	1
DRR454434.2097	NC_054852.1	1069201	10314	0	195	1000	1
DRR454434.1955	NC_054852.1	1069201	18486	0	257	1000	1
DRR454434.1158	NC_054852.1	1069201	2481	1444	122	1000	1
DRR454434.3761	NC_054852.1	1069201	9937	100	225	1000	1
DRR454434.4710	NC_054852.1	1069201	9616	0	236	1000	1
DRR454434.4714	NC_054852.1	1069201	3299	1936	138	1000	1
DRR454434.1479	NC_054852.1	1069201	13518	0	256	1000	1
DRR454434.3050	NC_054852.1	1069201	13083	0	241	1000	1
DRR454434.780	NC_054852.1	1069201	20417	0	227	1000	1
DRR454434.115	NC_054852.1	1069201	4972	225	256	1000	1
DRR454434.4645	NC_054852.1	1069201	9394	0	226	1000	1
DRR454434.3164	NC_054852.1	1069201	6525	0	184	1000	1
DRR454434.4160	NC_054852.1	1069201	6281	1369	203	1000	1
DRR454434.1444	NC_054852.1	1069201	13845	2116	214	1000	1
DRR454434.2057	NC_054852.1	1069201	9143	324	237	1000	1
DRR454434.24	NC_054852.1	1069201	13010	0	223	1000	1
DRR454434.2288	NC_054852.1	1069201	5556	1936	192	1000	1
DRR454434.2615	NC_054852.1	1069201	4620	200	154	1000	1
DRR454434.3737	NC_054852.1	1069201	8546	484	200	1000	1
DRR454434.4385	NC_054852.1	1069201	9001	0	161	1000	1
DRR454434.3657	NC_054852.1	1069201	16970	0	239	1000	1
DRR454434.1722	NC_054852.1	1069201	12638	0	215	1000	1
DRR454434.3733	NC_054852.1	1069201	11282	0	180	1000	1
DRR454434.4735	NC_054852.1	1069201	3875	1746	204	1000	1
DRR454434.4878	NC_054852.1	1069201	22094	0	281	1000	1
DRR454434.2604	NC_054852.1	1069201	11613	0	241	1000	1
DRR454434.396	NC_054852.1	1069201	10622	1936	191	1000	1
DRR454434.4664	NC_054852.1	1069201	6452	0	183	1000	1
DRR454434.258	NC_054852.1	1069201	12857	1600	198	1000	1
DRR454434.602	NC_054852.1	1069201	5345	1936	175	1000	1
DRR454434.1029	NC_054852.1	1069201	6497	121	160	1000	1
DRR454434.1813	NC_054852.1	1069201	19060	0	224	1000	1
DRR454434.1166	NC_054852.1	1069201	18497	0	266	1000	1
DRR454434.712	NC_054852.1	1069201	16470	0	262	1000	1
DRR454434.698	NC_054852.1	1069201	5410	256	167	1000	1
DRR454434.1005	NC_054852.1	1069201	15496	2500	194	1000	1
DRR454434.3440	NC_054852.1	1069201	8350	1681	212	1000	1
DRR454434.3018	NC_054852.1	1069201	16564	0	208	1000	1
DRR454434.2640	NC_054852.1	1069201	13019	0	230	1000	1
DRR454434.2068	NC_054852.1	1069201	4751	1936	177	1000	1
DRR454434.4065	NC_054852.1	1069201	8762	1936	212	1000	1
DRR454434.3335	NC_054852.1	1069201	6972	0	214	1000	1
DRR454434.1361	NC_054852.1	1069201	12429	0	210	1000	1
DRR454434.3132	NC_054852.1	1069201	13522	0	215	1000	1
DRR454434.4269	NC_054852.1	1069201	8854	0	179	1000	1
DRR454434.3985	NC_054852.1	1069201	7118	1521	207	1000	1
DRR454434.3409	NC_054852.1	1069201	11986	64	166	1000	1
DRR454434.2685	NC_054852.1	1069201	13136	121	279	1000	1
DRR454434.1326	NC_054852.1	1069201	4379	625	154	1000	1
DRR454434.3862	NC_054852.1	1069201	8366	0	181	1000	1
DRR454434.4895	NC_054852.1	1069201	6701	0	168	1000	1
DRR454434.4868	NC_054852.1	1069201	5675	1369	177	1000	1
DRR454434.2426	NC_054852.1	1069201	10534	0	236	1000	1
DRR454434.1234	NC_054852.1	1069201	8161	1156	231	1000	1
DRR454434.4870	NC_054852.1	1069201	5185	1936	175	1000	1
DRR454434.822	NC_054852.1	1069201	17321	0	209	1000	1
DRR454434.844	NC_054852.1	1069201	6010	324	231	1000	1
DRR454434.389	NC_054852.1	1069201	11294	1369	201	1000	1
DRR454434.3008	NC_054852.1	1069201	22385	0	239	1000	1
DRR454434.2492	NC_054690.1	5007	1849	1454	58	1000	1
DRR454434.550	NC_054852.1	1069201	19669	0	227	1000	1
DRR454434.3596	NC_054852.1	1069201	7649	1936	168	1000	1
DRR454434.1471	NC_054852.1	1069201	11969	0	183	1000	1
DRR454434.1580	NC_054852.1	1069201	6980	1024	171	1000	1
DRR454434.512	NC_054852.1	1069201	11486	121	232	1000	1
DRR454434.1425	NC_054852.1	1069201	11921	0	224	1000	1
DRR454434.827	NC_054852.1	1069201	16911	0	267	1000	1
DRR454434.1159	NC_054852.1	1069201	10686	0	187	1000	1
DRR454434.3235	NC_054852.1	1069201	11382	0	230	1000	1
DRR454434.2503	NC_054852.1	1069201	7510	1936	174	1000	1
DRR454434.2759	NC_054852.1	1069201	10285	0	196	1000	1
DRR454434.1840	NC_054852.1	1069201	13373	0	230	1000	1
DRR454434.1299	NC_054852.1	1069201	18274	0	247	1000	1
DRR454434.4014	NC_054852.1	1069201	18715	0	248	1000	1
DRR454434.1332	NC_054852.1	1069201	16297	2116	275	1000	1
DRR454434.3721	NC_054852.1	1069201	2080	1936	86	1000	1
DRR454434.4559	NC_054852.1	1069201	13717	64	218	1000	1
DRR454434.2231	NC_054852.1	1069201	19229	0	252	1000	1
DRR454434.1108	NC_054852.1	1069201	13774	121	221	1000	1
DRR454434.1888	NC_054852.1	1069201	19450	0	226	1000	1
DRR454434.1244	NC_054852.1	1069201	7324	1089	202	1000	1
DRR454434.2224	NC_054852.1	1069201	9393	2500	190	1000	1
DRR454434.395	NC_054852.1	1069201	5950	0	204	1000	1
DRR454434.840	NC_054852.1	1069201	15782	0	258	1000	1
DRR454434.3726	NC_054852.1	1069201	5764	0	210	1000	1
DRR454434.259	NC_054852.1	1069201	6461	625	203	1000	1
DRR454434.1847	NC_054852.1	1069201	6759	1521	197	1000	1
DRR454434.1417	NC_054852.1	1069201	6410	121	237	1000	1
DRR454434.1906	NC_054852.1	1069201	15381	0	201	1000	1
DRR454434.2491	NC_054852.1	1069201	7514	0	152	1000	1
DRR454434.2916	NC_054852.1	1069201	21377	0	278	1000	1
DRR454434.4472	NC_054852.1	1069201	3774	1936	131	1000	1
DRR454434.3454	NC_054852.1	1069201	13229	0	222	1000	1
DRR454434.3346	NC_054852.1	1069201	15028	225	164	1000	1
DRR454434.1548	NC_054852.1	1069201	15881	0	228	1000	1
DRR454434.2129	NC_054852.1	1069201	5931	1936	144	1000	1
DRR454434.2584	NC_054852.1	1069201	3629	144	207	1000	1
DRR454434.4339	NC_054852.1	1069201	14927	2500	267	1000	1
DRR454434.361	NC_054852.1	1069201	13737	0	232	1000	1
DRR454434.1486	NC_054852.1	1069201	13565	2116	183	1000	1
DRR454434.2701	NC_054852.1	1069201	13520	961	209	1000	1
DRR454434.2713	NC_054852.1	1069201	9666	361	185	1000	1
DRR454434.2359	NC_054852.1	1069201	5725	1681	115	1000	1
DRR454434.4867	NC_054852.1	1069201	11594	1936	191	1000	1
DRR454434.4947	NC_054852.1	1069201	11549	2304	237	1000	1
DRR454434.1284	NC_054852.1	1069201	10771	0	214	1000	1
DRR454434.3485	NC_054852.1	1069201	14906	900	270	1000	1
DRR454434.1301	NC_054852.1	1069201	3022	1521	125	1000	1
DRR454434.223	NC_054852.1	1069201	5013	484	181	1000	1
DRR454434.2012	NC_054852.1	1069201	15827	0	252	1000	1
DRR454434.4086	NC_054852.1	1069201	3909	324	138	1000	1
DRR454434.402	NC_054852.1	1069201	9832	0	170	1000	1
DRR454434.1471	NC_054852.1	1069201	12325	0	185	1000	1
DRR454434.3455	NC_05485